2023-03-24 18:55:01	INFO	::casa	
2023-03-24 18:55:49	INFO	::casa	CASA Version MODULAR 6.4.3.27
2023-03-24 18:55:49	INFO	::casa	Can't import casatelemetry module.
2023-03-26 16:44:19	INFO	tclean::::casa	##########################################
2023-03-26 16:44:19	INFO	tclean::::casa	##### Begin Task: tclean             #####
2023-03-26 16:44:19	INFO	tclean::::casa	tclean( vis='/lustre/cv/users/jspeedie/data/ABAur_SO.bin30s.ms.contsub', selectdata=True, field='', spw='', timerange='', uvrange='', antenna='', scan='', observation='', intent='', datacolumn='corrected', imagename='/lustre/cv/users/jspeedie/data/images_lines/SO/v11_robust0.5/ABAur_SO.dirty', imsize=[2048], cell=['0.02arcsec'], phasecenter='', stokes='I', projection='SIN', startmodel='', specmode='cube', reffreq='', nchan=60, start='3.582km/s', width='0.084km/s', outframe='lsrk', veltype='radio', restfreq='219.949442GHz', interpolation='linear', perchanweightdensity=True, gridder='standard', facets=1, psfphasecenter='', wprojplanes=1, vptable='', mosweight=True, aterm=True, psterm=False, wbawp=True, conjbeams=False, cfcache='', usepointing=False, computepastep=360.0, rotatepastep=360.0, pointingoffsetsigdev=[], pblimit=0.2, normtype='flatnoise', deconvolver='multiscale', scales=[1, 5, 15, 30, 50], nterms=2, smallscalebias=0.0, restoration=True, restoringbeam='common', pbcor=False, outlierfile='', weighting='briggsbwtaper', robust=0.5, noise='1.0Jy', npixels=0, uvtaper=[''], niter=0, gain=0.1, threshold=0.0, nsigma=0.0, cycleniter=300, cyclefactor=1.0, minpsffraction=0.05, maxpsffraction=0.8, interactive=False, usemask='user', mask='', pbmask=0.0, sidelobethreshold=3.0, noisethreshold=5.0, lownoisethreshold=1.5, negativethreshold=0.0, smoothfactor=1.0, minbeamfrac=0.3, cutthreshold=0.01, growiterations=75, dogrowprune=True, minpercentchange=-1.0, verbose=False, fastnoise=True, restart=True, savemodel='none', calcres=True, calcpsf=True, psfcutoff=0.35, parallel=False )
2023-03-26 16:44:19	INFO	tclean::::casa	Verifying Input Parameters
2023-03-26 16:44:24	INFO	SynthesisImagerVi2::selectData 	MS : /lustre/cv/users/jspeedie/data/ABAur_SO.bin30s.ms.contsub | [Opened in readonly mode]
2023-03-26 16:44:24	INFO	SynthesisImagerVi2::selectData 	  NRows selected : 509173
2023-03-26 16:44:27	INFO	SynthesisImagerVi2::defineImage 	Define image coordinates for [/lustre/cv/users/jspeedie/data/images_lines/SO/v11_robust0.5/ABAur_SO.dirty] : 
2023-03-26 16:44:27	INFO	MSTransformRegridder::calcChanFreqs	 phaseCenter='Direction: [0.238224, 0.827572, 0.508306]'  Channels equidistant in vrad
2023-03-26 16:44:27	INFO	MSTransformRegridder::calcChanFreqs+	 Central frequency (in output frame) = 2.19945e+11 Hz == 6060 m/s radio velocity
2023-03-26 16:44:27	INFO	MSTransformRegridder::calcChanFreqs+	 Width of central channel (in output frame) = 61628.5 Hz == 84 m/s radio velocity
2023-03-26 16:44:27	INFO	MSTransformRegridder::calcChanFreqs+	 Number of channels = 60
2023-03-26 16:44:27	INFO	MSTransformRegridder::calcChanFreqs+	 Total width of SPW (in output frame) = 3.69771e+06 Hz
2023-03-26 16:44:27	INFO	MSTransformRegridder::calcChanFreqs+	 Lower edge = 2.19943e+11 Hz, upper edge = 2.19947e+11 Hz
2023-03-26 16:44:27	INFO	SynthesisImagerVi2::defineImage 	Impars : start 3.582km/s
2023-03-26 16:44:27	INFO	SynthesisImagerVi2::defineImage 	Shape : [2048, 2048, 1, 60]Spectral : [2.19947e+11] at [0] with increment [-61628.5]
2023-03-26 16:44:27	INFO	SynthesisImagerVi2::defineImage 	Set Gridding options for [/lustre/cv/users/jspeedie/data/images_lines/SO/v11_robust0.5/ABAur_SO.dirty] with ftmachine : gridft
2023-03-26 16:44:27	INFO	SynthesisImagerVi2::nSubCubeFitInMemory	Required memory: 12.57 GB. Available mem.: 98.09 GB (rc, mem. fraction: 80%, memory: -) => Subcubes: 1. Processes on node: 1.
2023-03-26 16:44:27	INFO	SynthesisImagerVi2::weight() 	 Fractional bandwidth used by briggsbwtaper 1.65318e-05
2023-03-26 16:44:27	INFO	SynthesisImagerVi2::weight() +	Set imaging weights : Briggs weighting: sidelobes will be suppressed over full image
2023-03-26 16:44:27	INFO	SynthesisImagerVi2::weight() 	Doing spectral cube Briggs weighting formula --  bwtaper
2023-03-26 16:44:27	INFO	task_tclean::SynthesisDeconvolver::setupDeconvolution 	Set Deconvolution Options for [/lustre/cv/users/jspeedie/data/images_lines/SO/v11_robust0.5/ABAur_SO.dirty] : multiscale
2023-03-26 16:44:27	INFO	SynthesisImager::makePSF 	----------------------------------------------------------- Make PSF ---------------------------------------------
2023-03-26 16:44:27	INFO	SynthesisImagerVi2::nSubCubeFitInMemory	Required memory: 12.57 GB. Available mem.: 98.09 GB (rc, mem. fraction: 80%, memory: -) => Subcubes: 1. Processes on node: 1.
2023-03-26 16:44:34	INFO	SynthesisImagerVi2::selectData 	MS : /lustre/cv/users/jspeedie/data/ABAur_SO.bin30s.ms.contsub | [Opened in readonly mode]
2023-03-26 16:44:34	INFO	SynthesisImagerVi2::selectData 	  NRows selected : 509173
2023-03-26 16:44:35	INFO	SynthesisImagerVi2::weight() 	Set imaging weights : Briggs weighting: sidelobes will be suppressed over full image
2023-03-26 16:44:35	INFO	SynthesisImagerVi2::weight() 	Doing spectral cube Briggs weighting formula --  bwtaper
2023-03-26 16:44:35	INFO	SynthesisImager::tuneSelectData 	Tuning frequency data selection to match image spectral coordinates
2023-03-26 16:44:35	INFO	SynthesisImagerVi2::selectData 	MS : /lustre/cv/users/jspeedie/data/ABAur_SO.bin30s.ms.contsub | [Opened in readonly mode]
2023-03-26 16:44:36	INFO	SynthesisImagerVi2::selectData 	  NRows selected : 509173
2023-03-26 16:44:36	INFO	SynthesisImager::makePSF 	----------------------------------------------------------- Make PSF ---------------------------------------------
2023-03-26 16:46:03	INFO	SynthesisImagerVi2::makePrimaryBeam 	vi2 : Evaluating Primary Beam model onto image grid(s)
2023-03-26 16:46:13	INFO	SIImageStore::calcSensitivity 	[/lustre/cv/users/jspeedie/data/images_lines/SO/v11_robust0.5/ABAur_SO.dirty] Theoretical sensitivity (Jy/bm):c0:0.00100555 c1:0.00100555 c2:0.00100555 c3:0.00100554 c4:0.00100555 c5:0.00100555 c6:0.00100555 c7:0.00100555 c8:0.00100554 c9:0.00100554 c10:0.00100554 c11:0.00100554 c12:0.00100554 c13:0.00100554 c14:0.00100554 c15:0.00100554 c16:0.00100555 c17:0.00100555 c18:0.00100555 c19:0.00100555 c20:0.00100555 c21:0.00100555 c22:0.00100555 c23:0.00100555 c24:0.00100555 c25:0.00100555 c26:0.00100555 c27:0.00100555 c28:0.00100555 c29:0.00100555 c30:0.00100555 c31:0.00100555 c32:0.00100555 c33:0.00100555 c34:0.00100555 c35:0.00100554 c36:0.00100554 c37:0.00100554 c38:0.00100555 c39:0.00100555 c40:0.00100555 c41:0.00100555 c42:0.00100555 c43:0.00100555 c44:0.00100554 c45:0.00100554 c46:0.00100554 c47:0.00100554 c48:0.00100554 c49:0.00100554 c50:0.00100554 c51:0.00100555 c52:0.00100554 c53:0.00100554 c54:0.00100554 c55:0.00100555 c56:0.00100555 c57:0.00100555 c58:0.00100555 c59:0.00100555 
2023-03-26 16:46:17	INFO	SIImageStore::getPSFGaussian 	Time to fit Gaussian to PSF 4.1
2023-03-26 16:46:17	INFO	SIImageStore::printBeamSet 	Beam [C0]: 0.23681 arcsec, 0.178775 arcsec, -2.67285 deg [C1]: 0.236812 arcsec, 0.178776 arcsec, -2.67383 deg [C2]: 0.236812 arcsec, 0.178775 arcsec, -2.67188 deg [C3]: 0.236809 arcsec, 0.178774 arcsec, -2.67383 deg [C4]: 0.23681 arcsec, 0.178774 arcsec, -2.67383 deg [C5]: 0.236809 arcsec, 0.178774 arcsec, -2.67383 deg [C6]: 0.236809 arcsec, 0.178774 arcsec, -2.67383 deg [C7]: 0.236808 arcsec, 0.178774 arcsec, -2.67383 deg [C8]: 0.236809 arcsec, 0.178773 arcsec, -2.67334 deg [C9]: 0.23681 arcsec, 0.178773 arcsec, -2.67334 deg [C10]: 0.23681 arcsec, 0.178776 arcsec, -2.67383 deg [C11]: 0.236811 arcsec, 0.178773 arcsec, -2.67383 deg [C12]: 0.236812 arcsec, 0.178774 arcsec, -2.67334 deg [C13]: 0.236814 arcsec, 0.178773 arcsec, -2.67285 deg [C14]: 0.236813 arcsec, 0.178773 arcsec, -2.67285 deg [C15]: 0.236813 arcsec, 0.178774 arcsec, -2.67285 deg [C16]: 0.236813 arcsec, 0.178772 arcsec, -2.67188 deg [C17]: 0.236813 arcsec, 0.178773 arcsec, -2.67383 deg [C18]: 0.236814 arcsec, 0.178773 arcsec, -2.67188 deg [C19]: 0.236815 arcsec, 0.178772 arcsec, -2.6709 deg [C20]: 0.236814 arcsec, 0.178772 arcsec, -2.67285 deg [C21]: 0.236814 arcsec, 0.178773 arcsec, -2.67285 deg [C22]: 0.236813 arcsec, 0.178773 arcsec, -2.67188 deg [C23]: 0.236813 arcsec, 0.178772 arcsec, -2.67285 deg [C24]: 0.236812 arcsec, 0.178772 arcsec, -2.67285 deg [C25]: 0.236813 arcsec, 0.178773 arcsec, -2.67334 deg [C26]: 0.236814 arcsec, 0.178773 arcsec, -2.6709 deg [C27]: 0.236814 arcsec, 0.178773 arcsec, -2.6709 deg [C28]: 0.236813 arcsec, 0.178773 arcsec, -2.67188 deg [C29]: 0.236813 arcsec, 0.178774 arcsec, -2.67188 deg [C30]: 0.236814 arcsec, 0.178771 arcsec, -2.67236 deg [C31]: 0.236815 arcsec, 0.178772 arcsec, -2.67285 deg [C32]: 0.236816 arcsec, 0.178773 arcsec, -2.67334 deg [C33]: 0.236817 arcsec, 0.178772 arcsec, -2.67383 deg [C34]: 0.236816 arcsec, 0.178775 arcsec, -2.67334 deg [C35]: 0.236816 arcsec, 0.17877 arcsec, -2.67285 deg [C36]: 0.236816 arcsec, 0.17877 arcsec, -2.67383 deg [C37]: 0.236816 arcsec, 0.17877 arcsec, -2.67383 deg [C38]: 0.236819 arcsec, 0.178769 arcsec, -2.67383 deg [C39]: 0.236822 arcsec, 0.17877 arcsec, -2.6748 deg [C40]: 0.236816 arcsec, 0.17877 arcsec, -2.67383 deg [C41]: 0.236816 arcsec, 0.17877 arcsec, -2.67383 deg [C42]: 0.236816 arcsec, 0.178771 arcsec, -2.67383 deg [C43]: 0.236816 arcsec, 0.178771 arcsec, -2.67285 deg [C44]: 0.236818 arcsec, 0.178771 arcsec, -2.67334 deg [C45]: 0.236821 arcsec, 0.178772 arcsec, -2.67383 deg [C46]: 0.236821 arcsec, 0.178772 arcsec, -2.67334 deg [C47]: 0.236821 arcsec, 0.178771 arcsec, -2.67285 deg [C48]: 0.236821 arcsec, 0.178771 arcsec, -2.67285 deg [C49]: 0.236823 arcsec, 0.178771 arcsec, -2.67285 deg [C50]: 0.236823 arcsec, 0.178772 arcsec, -2.67285 deg [C51]: 0.236825 arcsec, 0.178775 arcsec, -2.67432 deg [C52]: 0.236824 arcsec, 0.178774 arcsec, -2.67383 deg [C53]: 0.236823 arcsec, 0.178773 arcsec, -2.67383 deg [C54]: 0.236824 arcsec, 0.178773 arcsec, -2.67383 deg [C55]: 0.236824 arcsec, 0.178773 arcsec, -2.67383 deg [C56]: 0.236824 arcsec, 0.178774 arcsec, -2.67383 deg [C57]: 0.236824 arcsec, 0.178775 arcsec, -2.67383 deg [C58]: 0.236827 arcsec, 0.178775 arcsec, -2.67236 deg [C59]: 0.236826 arcsec, 0.178775 arcsec, -2.67383 deg
2023-03-26 16:46:31	INFO	task_tclean::SynthesisImager::executeMajorCycle 	----------------------------------------------------------- Run (Last) Major Cycle 1 -------------------------------------
2023-03-26 16:46:31	INFO	task_tclean::SynthesisImagerVi2::nSubCubeFitInMemory	Required memory: 12.57 GB. Available mem.: 98.09 GB (rc, mem. fraction: 80%, memory: -) => Subcubes: 1. Processes on node: 1.
2023-03-26 16:46:34	INFO	task_tclean::SynthesisImagerVi2::selectData 	MS : /lustre/cv/users/jspeedie/data/ABAur_SO.bin30s.ms.contsub | [Opened in readonly mode]
2023-03-26 16:46:34	INFO	task_tclean::SynthesisImagerVi2::selectData 	  NRows selected : 509173
2023-03-26 16:46:35	INFO	task_tclean::SynthesisImagerVi2::weight() 	Set imaging weights : Briggs weighting: sidelobes will be suppressed over full image
2023-03-26 16:46:35	INFO	task_tclean::SynthesisImagerVi2::weight() 	Doing spectral cube Briggs weighting formula --  bwtaper
2023-03-26 16:46:35	INFO	task_tclean::SynthesisImager::tuneSelectData 	Tuning frequency data selection to match image spectral coordinates
2023-03-26 16:46:35	INFO	task_tclean::SynthesisImagerVi2::selectData 	MS : /lustre/cv/users/jspeedie/data/ABAur_SO.bin30s.ms.contsub | [Opened in readonly mode]
2023-03-26 16:46:35	INFO	task_tclean::SynthesisImagerVi2::selectData 	  NRows selected : 509173
2023-03-26 16:46:35	INFO	task_tclean::SynthesisImager::executeMajorCycle 	----------------------------------------------------------- Run (Last) Major Cycle 1 -------------------------------------
2023-03-26 16:47:41	INFO	task_tclean::SDAlgorithmBase::restore 	[/lustre/cv/users/jspeedie/data/images_lines/SO/v11_robust0.5/ABAur_SO.dirty] : Restoring model image.
2023-03-26 16:47:41	INFO	task_tclean::SIImageStore::restore 	Getting common beam
2023-03-26 16:47:41	INFO	task_tclean::SIImageStore::restore 	Common Beam : 0.237064 arcsec, 0.178955 arcsec, -2.67292 deg
2023-03-26 16:47:41	WARN	task_tclean::SIImageStore::restore (file src/code/synthesis/ImagerObjects/SIImageStore.cc, line 2246)	Restoring with an empty model image. Only residuals will be processed to form the output restored image.
2023-03-26 16:47:53	INFO	tclean::::casa	Searching for images with prefix '/lustre/cv/users/jspeedie/data/images_lines/SO/v11_robust0.5/ABAur_SO.dirty'... Found these, writing history into them: ['/lustre/cv/users/jspeedie/data/images_lines/SO/v11_robust0.5/ABAur_SO.dirty.model', '/lustre/cv/users/jspeedie/data/images_lines/SO/v11_robust0.5/ABAur_SO.dirty.sumwt', '/lustre/cv/users/jspeedie/data/images_lines/SO/v11_robust0.5/ABAur_SO.dirty.psf', '/lustre/cv/users/jspeedie/data/images_lines/SO/v11_robust0.5/ABAur_SO.dirty.residual', '/lustre/cv/users/jspeedie/data/images_lines/SO/v11_robust0.5/ABAur_SO.dirty.pb', '/lustre/cv/users/jspeedie/data/images_lines/SO/v11_robust0.5/ABAur_SO.dirty.image']
2023-03-26 16:47:53	INFO	tclean::::casa	Task tclean complete. Start time: 2023-03-26 12:44:19.141295 End time: 2023-03-26 12:47:53.290678
2023-03-26 16:47:53	INFO	tclean::::casa	##### End Task: tclean               #####
2023-03-26 16:47:53	INFO	tclean::::casa	##########################################
2023-03-26 16:47:53	INFO	exportfits::::casa	##########################################
2023-03-26 16:47:53	INFO	exportfits::::casa	##### Begin Task: exportfits         #####
2023-03-26 16:47:53	INFO	exportfits::::casa	exportfits( imagename='/lustre/cv/users/jspeedie/data/images_lines/SO/v11_robust0.5/ABAur_SO.dirty.image', fitsimage='/lustre/cv/users/jspeedie/data/images_lines/SO/v11_robust0.5/ABAur_SO.dirty.image.fits', velocity=False, optical=False, bitpix=-32, minpix=0, maxpix=-1, overwrite=True, dropstokes=True, stokeslast=True, history=True, dropdeg=False )
2023-03-26 16:47:53	INFO	exportfits::ImageFactory::toFITS	Applying mask of name 'mask0'
2023-03-26 16:47:53	INFO	exportfits::ImageRegion::fromRecord	Selected bounding box : 
2023-03-26 16:47:53	INFO	exportfits::ImageRegion::fromRecord+	    [0, 0, 0, 0] to [2047, 2047, 0, 59]  (04:55:47.440, +30.32.43.253, I, 2.1994681e+11Hz to 04:55:44.271, +30.33.24.193, I, 2.1994318e+11Hz)
2023-03-26 16:47:53	INFO	exportfits::ImageFitsConverter::ImageHeaderToFITS 	Truncating miscinfo field useweightimage to useweigh
2023-03-26 16:47:59	INFO	exportfits::::casa	Task exportfits complete. Start time: 2023-03-26 12:47:53.297467 End time: 2023-03-26 12:47:58.661153
2023-03-26 16:47:59	INFO	exportfits::::casa	##### End Task: exportfits           #####
2023-03-26 16:47:59	INFO	exportfits::::casa	##########################################
2023-03-26 16:47:59	INFO	exportfits::::casa	##########################################
2023-03-26 16:47:59	INFO	exportfits::::casa	##### Begin Task: exportfits         #####
2023-03-26 16:47:59	INFO	exportfits::::casa	exportfits( imagename='/lustre/cv/users/jspeedie/data/images_lines/SO/v11_robust0.5/ABAur_SO.dirty.psf', fitsimage='/lustre/cv/users/jspeedie/data/images_lines/SO/v11_robust0.5/ABAur_SO.dirty.psf.fits', velocity=False, optical=False, bitpix=-32, minpix=0, maxpix=-1, overwrite=True, dropstokes=True, stokeslast=True, history=True, dropdeg=False )
2023-03-26 16:47:59	INFO	exportfits::ImageRegion::fromRecord	Selected bounding box : 
2023-03-26 16:47:59	INFO	exportfits::ImageRegion::fromRecord+	    [0, 0, 0, 0] to [2047, 2047, 0, 59]  (04:55:47.440, +30.32.43.253, I, 2.1994681e+11Hz to 04:55:44.271, +30.33.24.193, I, 2.1994318e+11Hz)
2023-03-26 16:48:02	INFO	exportfits::::casa	Task exportfits complete. Start time: 2023-03-26 12:47:58.664395 End time: 2023-03-26 12:48:02.230807
2023-03-26 16:48:02	INFO	exportfits::::casa	##### End Task: exportfits           #####
2023-03-26 16:48:02	INFO	exportfits::::casa	##########################################
2023-03-26 16:48:03	INFO	imstat::::casa	##########################################
2023-03-26 16:48:03	INFO	imstat::::casa	##### Begin Task: imstat             #####
2023-03-26 16:48:03	INFO	imstat::::casa	imstat( imagename='/lustre/cv/users/jspeedie/data/images_lines/SO/v11_robust0.5/ABAur_SO.dirty.image', axes=[], region='', box='', chans='0~9', stokes='', listit=True, verbose=True, mask='', stretch=False, logfile='', append=True, algorithm='classic', fence=-1.0, center='mean', lside=True, zscore=-1.0, maxiter=-1, clmethod='auto', niter=3 )
2023-03-26 16:48:03	INFO	imstat::CasacRegionManager::fromBCS	No directional region specified. Using full positional plane.
2023-03-26 16:48:03	INFO	imstat::CasacRegionManager::fromBCS	Using channel range(s) 
2023-03-26 16:48:03	INFO	imstat::CasacRegionManager::fromBCS	Using polarizations ALL
2023-03-26 16:48:03	INFO	imstat::image::statistics 	Determining stats for image ABAur_SO.dirty.image
2023-03-26 16:48:03	INFO	imstat::ImageRegion::fromRecord	Selected bounding box : 
2023-03-26 16:48:03	INFO	imstat::ImageRegion::fromRecord+	    [0, 0, 0, 0] to [2047, 2047, 0, 9]  (04:55:47.440, +30.32.43.253, I, 2.1994681e+11Hz to 04:55:44.271, +30.33.24.193, I, 2.1994626e+11Hz)
2023-03-26 16:48:03	INFO	imstat::ImageStatsCalculator::_logStartup	Statistics calculated using Classic algorithm
2023-03-26 16:48:03	INFO	imstat::ImageStatsCalculator::_logStartup	Regions --- 
2023-03-26 16:48:03	INFO	imstat::ImageStatsCalculator::_logStartup	         -- bottom-left corner (pixel) [blc]:  [0, 0, 0, 0]
2023-03-26 16:48:03	INFO	imstat::ImageStatsCalculator::_logStartup	         -- top-right corner (pixel) [trc]:    [2047, 2047, 0, 9]
2023-03-26 16:48:03	INFO	imstat::ImageStatsCalculator::_logStartup	         -- bottom-left corner (world) [blcf]: 04:55:47.440, +30.32.43.253, I, 2.1994681e+11Hz
2023-03-26 16:48:03	INFO	imstat::ImageStatsCalculator::_logStartup	         -- top-right corner (world) [trcf]:   04:55:44.271, +30.33.24.193, I, 2.1994626e+11Hz
2023-03-26 16:48:04	INFO	imstat::::	Values --- 
2023-03-26 16:48:04	INFO	imstat::::	         -- flux [flux]:                            0.0259055 Jy.km/s
2023-03-26 16:48:04	INFO	imstat::::	         -- number of points [npts]:                3.08166e+07
2023-03-26 16:48:04	INFO	imstat::::	         -- maximum value [max]:                    0.00988908 Jy/beam
2023-03-26 16:48:04	INFO	imstat::::	         -- minimum value [min]:                    -0.00957033 Jy/beam
2023-03-26 16:48:04	INFO	imstat::::	         -- position of max value (pixel) [maxpos]: [1485, 1685, 0, 3]
2023-03-26 16:48:04	INFO	imstat::::	         -- position of min value (pixel) [minpos]: [1221, 691, 0, 0]
2023-03-26 16:48:04	INFO	imstat::::	         -- position of max value (world) [maxposf]: 04:55:45.141, +30.33.16.953, I, 2.1994663e+11Hz
2023-03-26 16:48:04	INFO	imstat::::	         -- position of min value (world) [minposf]: 04:55:45.550, +30.32.57.073, I, 2.1994681e+11Hz
2023-03-26 16:48:04	INFO	imstat::::	         -- Sum of pixel values [sum]:               37.0617 Jy/beam
2023-03-26 16:48:04	INFO	imstat::::	         -- Sum of squared pixel values [sumsq]:     106.561 Jy/beam.Jy/beam
2023-03-26 16:48:04	INFO	imstat::::	Statistics --- 
2023-03-26 16:48:04	INFO	imstat::::	        -- Mean of the pixel values [mean]:         1.20266e-06 Jy/beam
2023-03-26 16:48:04	INFO	imstat::::	        -- Variance of the pixel values :           3.4579e-06 Jy/beam
2023-03-26 16:48:04	INFO	imstat::::	        -- Standard deviation of the Mean [sigma]:  0.00185954 Jy/beam
2023-03-26 16:48:04	INFO	imstat::::	        -- Root mean square [rms]:                  0.00185954 Jy/beam
2023-03-26 16:48:04	INFO	imstat::::	        -- Median of the pixel values [median]:     1.88494e-06 Jy/beam
2023-03-26 16:48:04	INFO	imstat::::	        -- Median of the deviations [medabsdevmed]: 0.00125477 Jy/beam
2023-03-26 16:48:04	INFO	imstat::::	        -- IQR [quartile]:                          0.00250955 Jy/beam
2023-03-26 16:48:04	INFO	imstat::::	        -- First quartile [q1]:                     -0.00125272 Jy/beam
2023-03-26 16:48:04	INFO	imstat::::	        -- Third quartile [q3]:                     0.00125683 Jy/beam
2023-03-26 16:48:04	INFO	imstat::ImageStatsCalculator::statistics	Sum column unit = Jy/beam
2023-03-26 16:48:04	INFO	imstat::ImageStatsCalculator::statistics+	Mean column unit = Jy/beam
2023-03-26 16:48:04	INFO	imstat::ImageStatsCalculator::statistics+	Std_dev column unit = Jy/beam
2023-03-26 16:48:04	INFO	imstat::ImageStatsCalculator::statistics+	Minimum column unit = Jy/beam
2023-03-26 16:48:04	INFO	imstat::ImageStatsCalculator::statistics+	Maximum column unit = Jy/beam
2023-03-26 16:48:04	INFO	imstat::ImageStatsCalculator::statistics	Npts          Sum           Mean          Rms           Std_dev       Minimum       Maximum     
2023-03-26 16:48:04	INFO	imstat::ImageStatsCalculator::statistics	 3.081657e+07  3.706174e+01  1.202656e-06  1.859544e-03  1.859544e-03 -9.570328e-03  9.889076e-03
2023-03-26 16:48:04	INFO	imstat::::casa	Task imstat complete. Start time: 2023-03-26 12:48:03.032505 End time: 2023-03-26 12:48:04.258765
2023-03-26 16:48:04	INFO	imstat::::casa	##### End Task: imstat               #####
2023-03-26 16:48:04	INFO	imstat::::casa	##########################################
2023-03-26 16:48:04	INFO	tclean::::casa	##########################################
2023-03-26 16:48:04	INFO	tclean::::casa	##### Begin Task: tclean             #####
2023-03-26 16:48:04	INFO	tclean::::casa	tclean( vis='/lustre/cv/users/jspeedie/data/ABAur_SO.bin30s.ms.contsub', selectdata=True, field='', spw='', timerange='', uvrange='', antenna='', scan='', observation='', intent='', datacolumn='corrected', imagename='/lustre/cv/users/jspeedie/data/images_lines/SO/v11_robust0.5/ABAur_SO.clean', imsize=[2048], cell=['0.02arcsec'], phasecenter='', stokes='I', projection='SIN', startmodel='', specmode='cube', reffreq='', nchan=60, start='3.582km/s', width='0.084km/s', outframe='lsrk', veltype='radio', restfreq='219.949442GHz', interpolation='linear', perchanweightdensity=True, gridder='standard', facets=1, psfphasecenter='', wprojplanes=1, vptable='', mosweight=True, aterm=True, psterm=False, wbawp=True, conjbeams=False, cfcache='', usepointing=False, computepastep=360.0, rotatepastep=360.0, pointingoffsetsigdev=[], pblimit=0.2, normtype='flatnoise', deconvolver='multiscale', scales=[1, 5, 15, 30, 50], nterms=2, smallscalebias=0.0, restoration=True, restoringbeam='common', pbcor=False, outlierfile='', weighting='briggsbwtaper', robust=0.5, noise='1.0Jy', npixels=0, uvtaper=[''], niter=1000000, gain=0.02, threshold='9.29772009mJy', nsigma=0.0, cycleniter=20, cyclefactor=3.0, minpsffraction=0.5, maxpsffraction=0.8, interactive=False, usemask='pb', mask='', pbmask=0.2, sidelobethreshold=3.0, noisethreshold=5.0, lownoisethreshold=1.5, negativethreshold=0.0, smoothfactor=1.0, minbeamfrac=0.3, cutthreshold=0.01, growiterations=75, dogrowprune=True, minpercentchange=-1.0, verbose=False, fastnoise=True, restart=True, savemodel='none', calcres=True, calcpsf=True, psfcutoff=0.35, parallel=False )
2023-03-26 16:48:04	INFO	tclean::::casa	Verifying Input Parameters
2023-03-26 16:48:04	INFO	SynthesisImagerVi2::selectData 	MS : /lustre/cv/users/jspeedie/data/ABAur_SO.bin30s.ms.contsub | [Opened in readonly mode]
2023-03-26 16:48:05	INFO	SynthesisImagerVi2::selectData 	  NRows selected : 509173
2023-03-26 16:48:05	INFO	SynthesisImagerVi2::defineImage 	Define image coordinates for [/lustre/cv/users/jspeedie/data/images_lines/SO/v11_robust0.5/ABAur_SO.clean] : 
2023-03-26 16:48:06	INFO	MSTransformRegridder::calcChanFreqs	 phaseCenter='Direction: [0.238224, 0.827572, 0.508306]'  Channels equidistant in vrad
2023-03-26 16:48:06	INFO	MSTransformRegridder::calcChanFreqs+	 Central frequency (in output frame) = 2.19945e+11 Hz == 6060 m/s radio velocity
2023-03-26 16:48:06	INFO	MSTransformRegridder::calcChanFreqs+	 Width of central channel (in output frame) = 61628.5 Hz == 84 m/s radio velocity
2023-03-26 16:48:06	INFO	MSTransformRegridder::calcChanFreqs+	 Number of channels = 60
2023-03-26 16:48:06	INFO	MSTransformRegridder::calcChanFreqs+	 Total width of SPW (in output frame) = 3.69771e+06 Hz
2023-03-26 16:48:06	INFO	MSTransformRegridder::calcChanFreqs+	 Lower edge = 2.19943e+11 Hz, upper edge = 2.19947e+11 Hz
2023-03-26 16:48:06	INFO	SynthesisImagerVi2::defineImage 	Impars : start 3.582km/s
2023-03-26 16:48:06	INFO	SynthesisImagerVi2::defineImage 	Shape : [2048, 2048, 1, 60]Spectral : [2.19947e+11] at [0] with increment [-61628.5]
2023-03-26 16:48:06	INFO	SynthesisImagerVi2::defineImage 	Set Gridding options for [/lustre/cv/users/jspeedie/data/images_lines/SO/v11_robust0.5/ABAur_SO.clean] with ftmachine : gridft
2023-03-26 16:48:06	INFO	SynthesisImagerVi2::nSubCubeFitInMemory	Required memory: 12.57 GB. Available mem.: 98.1 GB (rc, mem. fraction: 80%, memory: -) => Subcubes: 1. Processes on node: 1.
2023-03-26 16:48:06	INFO	SynthesisImagerVi2::weight() 	 Fractional bandwidth used by briggsbwtaper 1.65318e-05
2023-03-26 16:48:06	INFO	SynthesisImagerVi2::weight() +	Set imaging weights : Briggs weighting: sidelobes will be suppressed over full image
2023-03-26 16:48:06	INFO	SynthesisImagerVi2::weight() 	Doing spectral cube Briggs weighting formula --  bwtaper
2023-03-26 16:48:06	INFO	task_tclean::SynthesisDeconvolver::setupDeconvolution 	Set Deconvolution Options for [/lustre/cv/users/jspeedie/data/images_lines/SO/v11_robust0.5/ABAur_SO.clean] : multiscale
2023-03-26 16:48:06	INFO	task_tclean::SynthesisImager::makePSF 	----------------------------------------------------------- Make PSF ---------------------------------------------
2023-03-26 16:48:06	INFO	task_tclean::SynthesisImagerVi2::nSubCubeFitInMemory	Required memory: 12.57 GB. Available mem.: 98.1 GB (rc, mem. fraction: 80%, memory: -) => Subcubes: 1. Processes on node: 1.
2023-03-26 16:48:11	INFO	task_tclean::SynthesisImagerVi2::selectData 	MS : /lustre/cv/users/jspeedie/data/ABAur_SO.bin30s.ms.contsub | [Opened in readonly mode]
2023-03-26 16:48:11	INFO	task_tclean::SynthesisImagerVi2::selectData 	  NRows selected : 509173
2023-03-26 16:48:13	INFO	task_tclean::SynthesisImagerVi2::weight() 	Set imaging weights : Briggs weighting: sidelobes will be suppressed over full image
2023-03-26 16:48:13	INFO	task_tclean::SynthesisImagerVi2::weight() 	Doing spectral cube Briggs weighting formula --  bwtaper
2023-03-26 16:48:13	INFO	task_tclean::SynthesisImager::tuneSelectData 	Tuning frequency data selection to match image spectral coordinates
2023-03-26 16:48:13	INFO	task_tclean::SynthesisImagerVi2::selectData 	MS : /lustre/cv/users/jspeedie/data/ABAur_SO.bin30s.ms.contsub | [Opened in readonly mode]
2023-03-26 16:48:13	INFO	task_tclean::SynthesisImagerVi2::selectData 	  NRows selected : 509173
2023-03-26 16:48:13	INFO	task_tclean::SynthesisImager::makePSF 	----------------------------------------------------------- Make PSF ---------------------------------------------
2023-03-26 16:49:32	INFO	task_tclean::SynthesisImagerVi2::makePrimaryBeam 	vi2 : Evaluating Primary Beam model onto image grid(s)
2023-03-26 16:49:43	INFO	task_tclean::SIImageStore::calcSensitivity 	[/lustre/cv/users/jspeedie/data/images_lines/SO/v11_robust0.5/ABAur_SO.clean] Theoretical sensitivity (Jy/bm):c0:0.00100555 c1:0.00100555 c2:0.00100555 c3:0.00100554 c4:0.00100555 c5:0.00100555 c6:0.00100555 c7:0.00100555 c8:0.00100554 c9:0.00100554 c10:0.00100554 c11:0.00100554 c12:0.00100554 c13:0.00100554 c14:0.00100554 c15:0.00100554 c16:0.00100555 c17:0.00100555 c18:0.00100555 c19:0.00100555 c20:0.00100555 c21:0.00100555 c22:0.00100555 c23:0.00100555 c24:0.00100555 c25:0.00100555 c26:0.00100555 c27:0.00100555 c28:0.00100555 c29:0.00100555 c30:0.00100555 c31:0.00100555 c32:0.00100555 c33:0.00100555 c34:0.00100555 c35:0.00100554 c36:0.00100554 c37:0.00100554 c38:0.00100555 c39:0.00100555 c40:0.00100555 c41:0.00100555 c42:0.00100555 c43:0.00100555 c44:0.00100554 c45:0.00100554 c46:0.00100554 c47:0.00100554 c48:0.00100554 c49:0.00100554 c50:0.00100554 c51:0.00100555 c52:0.00100554 c53:0.00100554 c54:0.00100554 c55:0.00100555 c56:0.00100555 c57:0.00100555 c58:0.00100555 c59:0.00100555 
2023-03-26 16:49:47	INFO	task_tclean::SIImageStore::getPSFGaussian 	Time to fit Gaussian to PSF 3.97
2023-03-26 16:49:47	INFO	task_tclean::SIImageStore::printBeamSet 	Beam [C0]: 0.23681 arcsec, 0.178775 arcsec, -2.67285 deg [C1]: 0.236812 arcsec, 0.178776 arcsec, -2.67383 deg [C2]: 0.236812 arcsec, 0.178775 arcsec, -2.67188 deg [C3]: 0.236809 arcsec, 0.178774 arcsec, -2.67383 deg [C4]: 0.23681 arcsec, 0.178774 arcsec, -2.67383 deg [C5]: 0.236809 arcsec, 0.178774 arcsec, -2.67383 deg [C6]: 0.236809 arcsec, 0.178774 arcsec, -2.67383 deg [C7]: 0.236808 arcsec, 0.178774 arcsec, -2.67383 deg [C8]: 0.236809 arcsec, 0.178773 arcsec, -2.67334 deg [C9]: 0.23681 arcsec, 0.178773 arcsec, -2.67334 deg [C10]: 0.23681 arcsec, 0.178776 arcsec, -2.67383 deg [C11]: 0.236811 arcsec, 0.178773 arcsec, -2.67383 deg [C12]: 0.236812 arcsec, 0.178774 arcsec, -2.67334 deg [C13]: 0.236814 arcsec, 0.178773 arcsec, -2.67285 deg [C14]: 0.236813 arcsec, 0.178773 arcsec, -2.67285 deg [C15]: 0.236813 arcsec, 0.178774 arcsec, -2.67285 deg [C16]: 0.236813 arcsec, 0.178772 arcsec, -2.67188 deg [C17]: 0.236813 arcsec, 0.178773 arcsec, -2.67383 deg [C18]: 0.236814 arcsec, 0.178773 arcsec, -2.67188 deg [C19]: 0.236815 arcsec, 0.178772 arcsec, -2.6709 deg [C20]: 0.236814 arcsec, 0.178772 arcsec, -2.67285 deg [C21]: 0.236814 arcsec, 0.178773 arcsec, -2.67285 deg [C22]: 0.236813 arcsec, 0.178773 arcsec, -2.67188 deg [C23]: 0.236813 arcsec, 0.178772 arcsec, -2.67285 deg [C24]: 0.236812 arcsec, 0.178772 arcsec, -2.67285 deg [C25]: 0.236813 arcsec, 0.178773 arcsec, -2.67334 deg [C26]: 0.236814 arcsec, 0.178773 arcsec, -2.6709 deg [C27]: 0.236814 arcsec, 0.178773 arcsec, -2.6709 deg [C28]: 0.236813 arcsec, 0.178773 arcsec, -2.67188 deg [C29]: 0.236813 arcsec, 0.178774 arcsec, -2.67188 deg [C30]: 0.236814 arcsec, 0.178771 arcsec, -2.67236 deg [C31]: 0.236815 arcsec, 0.178772 arcsec, -2.67285 deg [C32]: 0.236816 arcsec, 0.178773 arcsec, -2.67334 deg [C33]: 0.236817 arcsec, 0.178772 arcsec, -2.67383 deg [C34]: 0.236816 arcsec, 0.178775 arcsec, -2.67334 deg [C35]: 0.236816 arcsec, 0.17877 arcsec, -2.67285 deg [C36]: 0.236816 arcsec, 0.17877 arcsec, -2.67383 deg [C37]: 0.236816 arcsec, 0.17877 arcsec, -2.67383 deg [C38]: 0.236819 arcsec, 0.178769 arcsec, -2.67383 deg [C39]: 0.236822 arcsec, 0.17877 arcsec, -2.6748 deg [C40]: 0.236816 arcsec, 0.17877 arcsec, -2.67383 deg [C41]: 0.236816 arcsec, 0.17877 arcsec, -2.67383 deg [C42]: 0.236816 arcsec, 0.178771 arcsec, -2.67383 deg [C43]: 0.236816 arcsec, 0.178771 arcsec, -2.67285 deg [C44]: 0.236818 arcsec, 0.178771 arcsec, -2.67334 deg [C45]: 0.236821 arcsec, 0.178772 arcsec, -2.67383 deg [C46]: 0.236821 arcsec, 0.178772 arcsec, -2.67334 deg [C47]: 0.236821 arcsec, 0.178771 arcsec, -2.67285 deg [C48]: 0.236821 arcsec, 0.178771 arcsec, -2.67285 deg [C49]: 0.236823 arcsec, 0.178771 arcsec, -2.67285 deg [C50]: 0.236823 arcsec, 0.178772 arcsec, -2.67285 deg [C51]: 0.236825 arcsec, 0.178775 arcsec, -2.67432 deg [C52]: 0.236824 arcsec, 0.178774 arcsec, -2.67383 deg [C53]: 0.236823 arcsec, 0.178773 arcsec, -2.67383 deg [C54]: 0.236824 arcsec, 0.178773 arcsec, -2.67383 deg [C55]: 0.236824 arcsec, 0.178773 arcsec, -2.67383 deg [C56]: 0.236824 arcsec, 0.178774 arcsec, -2.67383 deg [C57]: 0.236824 arcsec, 0.178775 arcsec, -2.67383 deg [C58]: 0.236827 arcsec, 0.178775 arcsec, -2.67236 deg [C59]: 0.236826 arcsec, 0.178775 arcsec, -2.67383 deg
2023-03-26 16:50:01	INFO	task_tclean::SynthesisImager::executeMajorCycle 	----------------------------------------------------------- Run Major Cycle 1 -------------------------------------
2023-03-26 16:50:01	INFO	task_tclean::SynthesisImagerVi2::nSubCubeFitInMemory	Required memory: 12.57 GB. Available mem.: 98.09 GB (rc, mem. fraction: 80%, memory: -) => Subcubes: 1. Processes on node: 1.
2023-03-26 16:50:04	INFO	task_tclean::SynthesisImagerVi2::selectData 	MS : /lustre/cv/users/jspeedie/data/ABAur_SO.bin30s.ms.contsub | [Opened in readonly mode]
2023-03-26 16:50:04	INFO	task_tclean::SynthesisImagerVi2::selectData 	  NRows selected : 509173
2023-03-26 16:50:05	INFO	task_tclean::SynthesisImagerVi2::weight() 	Set imaging weights : Briggs weighting: sidelobes will be suppressed over full image
2023-03-26 16:50:05	INFO	task_tclean::SynthesisImagerVi2::weight() 	Doing spectral cube Briggs weighting formula --  bwtaper
2023-03-26 16:50:05	INFO	task_tclean::SynthesisImager::tuneSelectData 	Tuning frequency data selection to match image spectral coordinates
2023-03-26 16:50:05	INFO	task_tclean::SynthesisImagerVi2::selectData 	MS : /lustre/cv/users/jspeedie/data/ABAur_SO.bin30s.ms.contsub | [Opened in readonly mode]
2023-03-26 16:50:05	INFO	task_tclean::SynthesisImagerVi2::selectData 	  NRows selected : 509173
2023-03-26 16:50:05	INFO	task_tclean::SynthesisImager::executeMajorCycle 	----------------------------------------------------------- Run Major Cycle 1 -------------------------------------
2023-03-26 16:51:17	INFO	task_tclean::SynthesisDeconvolver::initMinorCycle 	 Absolute Peak residual within mask : 0.0147415, over full image : 0.0147415
2023-03-26 16:51:17	INFO	SynthesisDeconvolver::setupMask 	[/lustre/cv/users/jspeedie/data/images_lines/SO/v11_robust0.5/ABAur_SO.clean] Setting up a PB based mask
2023-03-26 16:51:17	INFO	SDMaskHandler::makePBMask 	MAKE PB mask
2023-03-26 16:51:23	INFO	SynthesisDeconvolver::setupMask 	----------------------------------------------------------------------------------------------------------------------------------------
2023-03-26 16:51:24	INFO	SynthesisDeconvolver::setupMask 	[/lustre/cv/users/jspeedie/data/images_lines/SO/v11_robust0.5/ABAur_SO.clean] Number of pixels in the clean mask : 1.84901e+08 out of a total of 2.51658e+08 pixels. [ 73.4732 % ]
2023-03-26 16:51:34	INFO	SynthesisDeconvolver::initMinorCycle 	 Absolute Peak residual within mask : 0.0147415, over full image : 0.0147415
2023-03-26 16:51:34	INFO	task_tclean::SynthesisDeconvolver::executeCubeMinorCycle 	---------------------------------------------------- Run Minor Cycle Iterations  ---------------------------------------------
2023-03-26 16:51:37	INFO	task_tclean::SynthesisDeconvolver::setupDeconvolution 	Set Deconvolution Options for [/lustre/cv/users/jspeedie/data/images_lines/SO/v11_robust0.5/ABAur_SO.clean] : multiscale
2023-03-26 16:51:41	INFO	task_tclean::SynthesisDeconvolver::initMinorCycle 	 Absolute Peak residual within mask : 0.00988908, over full image : 0.00988908
2023-03-26 16:51:41	INFO	task_tclean::CubeMinorCycleAlgorithm::task 	Processing channels in range [0, 9]
2023-03-26 16:51:41	INFO	task_tclean::SDAlgorithmBase::deconvolve 	[/lustre/cv/users/jspeedie/data/images_lines/SO/v11_robust0.5/ABAur_SO.clean] Run multiscale minor-cycle on 10 chans | CycleThreshold=0.00929772, CycleNiter=20, Gain=0.02
2023-03-26 16:51:41	INFO	task_tclean::MatrixCleaner::validatePsf() 	Peak of PSF = 1 at [1024, 1024]
2023-03-26 16:51:41	INFO	task_tclean::MatrixCleaner::makePsfScales() 	Calculating convolutions for scale 0
2023-03-26 16:51:42	INFO	task_tclean::MatrixCleaner::makePsfScales() 	Calculating convolutions for scale 1
2023-03-26 16:51:42	INFO	task_tclean::MatrixCleaner::makePsfScales() 	Calculating convolutions for scale 2
2023-03-26 16:51:43	INFO	task_tclean::MatrixCleaner::makePsfScales() 	Calculating convolutions for scale 3
2023-03-26 16:51:43	INFO	task_tclean::MatrixCleaner::makePsfScales() 	Calculating convolutions for scale 4
2023-03-26 16:51:43	INFO	task_tclean::MatrixCleaner::makeScaleMasks() 	Calculating mask convolution for scale 0
2023-03-26 16:51:43	INFO	task_tclean::MatrixCleaner::makeScaleMasks() 	Calculating mask convolution for scale 1
2023-03-26 16:51:43	INFO	task_tclean::MatrixCleaner::makeScaleMasks() 	Calculating mask convolution for scale 2
2023-03-26 16:51:43	INFO	task_tclean::MatrixCleaner::makeScaleMasks() 	Calculating mask convolution for scale 3
2023-03-26 16:51:44	INFO	task_tclean::MatrixCleaner::makeScaleMasks() 	Calculating mask convolution for scale 4
2023-03-26 16:51:44	INFO	task_tclean::MatrixCleaner::clean() 	scale 1 = 1 pixels with bias = 1
2023-03-26 16:51:44	INFO	task_tclean::MatrixCleaner::clean() 	scale 2 = 5 pixels with bias = 1
2023-03-26 16:51:44	INFO	task_tclean::MatrixCleaner::clean() 	scale 3 = 15 pixels with bias = 1
2023-03-26 16:51:44	INFO	task_tclean::MatrixCleaner::clean() 	scale 4 = 30 pixels with bias = 1
2023-03-26 16:51:44	INFO	task_tclean::MatrixCleaner::clean() 	scale 5 = 50 pixels with bias = 1
2023-03-26 16:51:44	INFO	task_tclean::MatrixCleaner::clean() 	Cleaning using given mask
2023-03-26 16:51:44	INFO	task_tclean::MatrixCleaner::clean() 	Cleaning pixels with mask values above 0.9
2023-03-26 16:51:44	INFO	task_tclean::MatrixCleaner::clean() 	Starting iteration
2023-03-26 16:51:44	INFO	task_tclean::MatrixCleaner::clean() 	Initial maximum residual is 0.00957033 within the mask 
2023-03-26 16:51:44	INFO	task_tclean::MatrixCleaner::clean() 	iteration    MaximumResidual   CleanedFlux
2023-03-26 16:51:45	INFO	task_tclean::MatrixCleaner::clean() 	2      -0.00937892      -0.000378985
2023-03-26 16:51:45	INFO	task_tclean::MatrixCleaner::clean() 	Reached stopping threshold 0.00929772 at iteration 2
2023-03-26 16:51:45	INFO	task_tclean::MatrixCleaner::clean() 	Optimum flux is 0.00919134
2023-03-26 16:51:45	INFO	task_tclean::MatrixCleaner::clean() 	  0    -0.000562812
2023-03-26 16:51:45	INFO	task_tclean::MatrixCleaner::clean() 	  1    0
2023-03-26 16:51:45	INFO	task_tclean::MatrixCleaner::clean() 	  2    0
2023-03-26 16:51:45	INFO	task_tclean::MatrixCleaner::clean() 	  3    0
2023-03-26 16:51:45	INFO	task_tclean::MatrixCleaner::clean() 	  4    0
2023-03-26 16:51:45	INFO	task_tclean::SDAlgorithmBase::deconvolve 	[/lustre/cv/users/jspeedie/data/images_lines/SO/v11_robust0.5/ABAur_SO.clean:C0] iters=0->3 [3], model=0->-0.000378985, peakres=0.00957033->0.00919134, Reached cyclethreshold.
2023-03-26 16:51:45	INFO	task_tclean::SDAlgorithmBase::deconvolve 	[/lustre/cv/users/jspeedie/data/images_lines/SO/v11_robust0.5/ABAur_SO.clean:C1] iters=3->3 [0], model=0->0, peakres=0.00918448->0.00918448, Reached cyclethreshold.
2023-03-26 16:51:45	INFO	task_tclean::SDAlgorithmBase::deconvolve 	[/lustre/cv/users/jspeedie/data/images_lines/SO/v11_robust0.5/ABAur_SO.clean:C2] iters=3->3 [0], model=0->0, peakres=0.00898445->0.00898445, Reached cyclethreshold.
2023-03-26 16:51:45	INFO	task_tclean::MatrixCleaner::validatePsf() 	Peak of PSF = 1 at [1024, 1024]
2023-03-26 16:51:46	INFO	task_tclean::MatrixCleaner::makePsfScales() 	Calculating convolutions for scale 0
2023-03-26 16:51:46	INFO	task_tclean::MatrixCleaner::makePsfScales() 	Calculating convolutions for scale 1
2023-03-26 16:51:46	INFO	task_tclean::MatrixCleaner::makePsfScales() 	Calculating convolutions for scale 2
2023-03-26 16:51:47	INFO	task_tclean::MatrixCleaner::makePsfScales() 	Calculating convolutions for scale 3
2023-03-26 16:51:47	INFO	task_tclean::MatrixCleaner::makePsfScales() 	Calculating convolutions for scale 4
2023-03-26 16:51:47	INFO	task_tclean::MatrixCleaner::makeScaleMasks() 	Calculating mask convolution for scale 0
2023-03-26 16:51:47	INFO	task_tclean::MatrixCleaner::makeScaleMasks() 	Calculating mask convolution for scale 1
2023-03-26 16:51:47	INFO	task_tclean::MatrixCleaner::makeScaleMasks() 	Calculating mask convolution for scale 2
2023-03-26 16:51:48	INFO	task_tclean::MatrixCleaner::makeScaleMasks() 	Calculating mask convolution for scale 3
2023-03-26 16:51:48	INFO	task_tclean::MatrixCleaner::makeScaleMasks() 	Calculating mask convolution for scale 4
2023-03-26 16:51:48	INFO	task_tclean::MatrixCleaner::clean() 	scale 1 = 1 pixels with bias = 1
2023-03-26 16:51:48	INFO	task_tclean::MatrixCleaner::clean() 	scale 2 = 5 pixels with bias = 1
2023-03-26 16:51:48	INFO	task_tclean::MatrixCleaner::clean() 	scale 3 = 15 pixels with bias = 1
2023-03-26 16:51:48	INFO	task_tclean::MatrixCleaner::clean() 	scale 4 = 30 pixels with bias = 1
2023-03-26 16:51:48	INFO	task_tclean::MatrixCleaner::clean() 	scale 5 = 50 pixels with bias = 1
2023-03-26 16:51:48	INFO	task_tclean::MatrixCleaner::clean() 	Cleaning using given mask
2023-03-26 16:51:48	INFO	task_tclean::MatrixCleaner::clean() 	Cleaning pixels with mask values above 0.9
2023-03-26 16:51:48	INFO	task_tclean::MatrixCleaner::clean() 	Starting iteration
2023-03-26 16:51:49	INFO	task_tclean::MatrixCleaner::clean() 	Initial maximum residual is 0.00988907 within the mask 
2023-03-26 16:51:49	INFO	task_tclean::MatrixCleaner::clean() 	iteration    MaximumResidual   CleanedFlux
2023-03-26 16:51:49	INFO	task_tclean::MatrixCleaner::clean() 	2      0.00969129      0.000391607
2023-03-26 16:51:49	INFO	task_tclean::MatrixCleaner::clean() 	4      0.00930752      0.000767707
2023-03-26 16:51:49	INFO	task_tclean::MatrixCleaner::clean() 	Reached stopping threshold 0.00929772 at iteration 4
2023-03-26 16:51:49	INFO	task_tclean::MatrixCleaner::clean() 	Optimum flux is 0.00912137
2023-03-26 16:51:49	INFO	task_tclean::MatrixCleaner::clean() 	  0    0.000950134
2023-03-26 16:51:49	INFO	task_tclean::MatrixCleaner::clean() 	  1    0
2023-03-26 16:51:49	INFO	task_tclean::MatrixCleaner::clean() 	  2    0
2023-03-26 16:51:49	INFO	task_tclean::MatrixCleaner::clean() 	  3    0
2023-03-26 16:51:49	INFO	task_tclean::MatrixCleaner::clean() 	  4    0
2023-03-26 16:51:49	INFO	task_tclean::SDAlgorithmBase::deconvolve 	[/lustre/cv/users/jspeedie/data/images_lines/SO/v11_robust0.5/ABAur_SO.clean:C3] iters=3->8 [5], model=0->0.000767707, peakres=0.00988908->0.00912137, Reached cyclethreshold.
2023-03-26 16:51:49	INFO	task_tclean::SDAlgorithmBase::deconvolve 	[/lustre/cv/users/jspeedie/data/images_lines/SO/v11_robust0.5/ABAur_SO.clean:C4] iters=8->8 [0], model=0->0, peakres=0.00928834->0.00928834, Reached cyclethreshold.
2023-03-26 16:51:49	INFO	task_tclean::SDAlgorithmBase::deconvolve 	[/lustre/cv/users/jspeedie/data/images_lines/SO/v11_robust0.5/ABAur_SO.clean:C5] iters=8->8 [0], model=0->0, peakres=0.00884667->0.00884667, Reached cyclethreshold.
2023-03-26 16:51:49	INFO	task_tclean::SDAlgorithmBase::deconvolve 	[/lustre/cv/users/jspeedie/data/images_lines/SO/v11_robust0.5/ABAur_SO.clean:C6] iters=8->8 [0], model=0->0, peakres=0.008638->0.008638, Reached cyclethreshold.
2023-03-26 16:51:49	INFO	task_tclean::MatrixCleaner::validatePsf() 	Peak of PSF = 1 at [1024, 1024]
2023-03-26 16:51:50	INFO	task_tclean::MatrixCleaner::makePsfScales() 	Calculating convolutions for scale 0
2023-03-26 16:51:50	INFO	task_tclean::MatrixCleaner::makePsfScales() 	Calculating convolutions for scale 1
2023-03-26 16:51:51	INFO	task_tclean::MatrixCleaner::makePsfScales() 	Calculating convolutions for scale 2
2023-03-26 16:51:51	INFO	task_tclean::MatrixCleaner::makePsfScales() 	Calculating convolutions for scale 3
2023-03-26 16:51:51	INFO	task_tclean::MatrixCleaner::makePsfScales() 	Calculating convolutions for scale 4
2023-03-26 16:51:51	INFO	task_tclean::MatrixCleaner::makeScaleMasks() 	Calculating mask convolution for scale 0
2023-03-26 16:51:52	INFO	task_tclean::MatrixCleaner::makeScaleMasks() 	Calculating mask convolution for scale 1
2023-03-26 16:51:52	INFO	task_tclean::MatrixCleaner::makeScaleMasks() 	Calculating mask convolution for scale 2
2023-03-26 16:51:52	INFO	task_tclean::MatrixCleaner::makeScaleMasks() 	Calculating mask convolution for scale 3
2023-03-26 16:51:52	INFO	task_tclean::MatrixCleaner::makeScaleMasks() 	Calculating mask convolution for scale 4
2023-03-26 16:51:53	INFO	task_tclean::MatrixCleaner::clean() 	scale 1 = 1 pixels with bias = 1
2023-03-26 16:51:53	INFO	task_tclean::MatrixCleaner::clean() 	scale 2 = 5 pixels with bias = 1
2023-03-26 16:51:53	INFO	task_tclean::MatrixCleaner::clean() 	scale 3 = 15 pixels with bias = 1
2023-03-26 16:51:53	INFO	task_tclean::MatrixCleaner::clean() 	scale 4 = 30 pixels with bias = 1
2023-03-26 16:51:53	INFO	task_tclean::MatrixCleaner::clean() 	scale 5 = 50 pixels with bias = 1
2023-03-26 16:51:53	INFO	task_tclean::MatrixCleaner::clean() 	Cleaning using given mask
2023-03-26 16:51:53	INFO	task_tclean::MatrixCleaner::clean() 	Cleaning pixels with mask values above 0.9
2023-03-26 16:51:53	INFO	task_tclean::MatrixCleaner::clean() 	Starting iteration
2023-03-26 16:51:53	INFO	task_tclean::MatrixCleaner::clean() 	Initial maximum residual is 0.00933992 within the mask 
2023-03-26 16:51:53	INFO	task_tclean::MatrixCleaner::clean() 	iteration    MaximumResidual   CleanedFlux
2023-03-26 16:51:53	INFO	task_tclean::MatrixCleaner::clean() 	Reached stopping threshold 0.00929772 at iteration 1
2023-03-26 16:51:53	INFO	task_tclean::MatrixCleaner::clean() 	Optimum flux is 0.00915313
2023-03-26 16:51:53	INFO	task_tclean::MatrixCleaner::clean() 	  0    0.000369861
2023-03-26 16:51:53	INFO	task_tclean::MatrixCleaner::clean() 	  1    0
2023-03-26 16:51:53	INFO	task_tclean::MatrixCleaner::clean() 	  2    0
2023-03-26 16:51:53	INFO	task_tclean::MatrixCleaner::clean() 	  3    0
2023-03-26 16:51:53	INFO	task_tclean::MatrixCleaner::clean() 	  4    0
2023-03-26 16:51:53	INFO	task_tclean::SDAlgorithmBase::deconvolve 	[/lustre/cv/users/jspeedie/data/images_lines/SO/v11_robust0.5/ABAur_SO.clean:C7] iters=8->10 [2], model=0->0.000186798, peakres=0.00933993->0.00915313, Reached cyclethreshold.
2023-03-26 16:51:53	INFO	task_tclean::SDAlgorithmBase::deconvolve 	[/lustre/cv/users/jspeedie/data/images_lines/SO/v11_robust0.5/ABAur_SO.clean:C8] iters=10->10 [0], model=0->0, peakres=0.00927299->0.00927299, Reached cyclethreshold.
2023-03-26 16:51:53	INFO	task_tclean::SDAlgorithmBase::deconvolve 	[/lustre/cv/users/jspeedie/data/images_lines/SO/v11_robust0.5/ABAur_SO.clean:C9] iters=10->10 [0], model=0->0, peakres=0.00902453->0.00902453, Reached cyclethreshold.
2023-03-26 16:51:53	INFO	task_tclean::SDAlgorithmBase::deconvolve 	[/lustre/cv/users/jspeedie/data/images_lines/SO/v11_robust0.5/ABAur_SO.clean] Total model flux (over all planes) : 0.000575521     Peak Residual (over all planes) : 0.00928834 in C4:P0
2023-03-26 16:51:54	INFO	task_tclean::SynthesisDeconvolver::setupDeconvolution 	Set Deconvolution Options for [/lustre/cv/users/jspeedie/data/images_lines/SO/v11_robust0.5/ABAur_SO.clean] : multiscale
2023-03-26 16:51:57	INFO	task_tclean::SynthesisDeconvolver::initMinorCycle 	 Absolute Peak residual within mask : 0.0147415, over full image : 0.0147415
2023-03-26 16:51:57	INFO	task_tclean::CubeMinorCycleAlgorithm::task 	Processing channels in range [10, 19]
2023-03-26 16:51:57	INFO	task_tclean::SDAlgorithmBase::deconvolve 	[/lustre/cv/users/jspeedie/data/images_lines/SO/v11_robust0.5/ABAur_SO.clean] Run multiscale minor-cycle on 10 chans | CycleThreshold=0.00929772, CycleNiter=20, Gain=0.02
2023-03-26 16:51:57	INFO	task_tclean::SDAlgorithmBase::deconvolve 	[/lustre/cv/users/jspeedie/data/images_lines/SO/v11_robust0.5/ABAur_SO.clean:C0] iters=0->0 [0], model=0->0, peakres=0.00916743->0.00916743, Reached cyclethreshold.
2023-03-26 16:51:58	INFO	task_tclean::SDAlgorithmBase::deconvolve 	[/lustre/cv/users/jspeedie/data/images_lines/SO/v11_robust0.5/ABAur_SO.clean:C1] iters=0->0 [0], model=0->0, peakres=0.00927772->0.00927772, Reached cyclethreshold.
2023-03-26 16:51:58	INFO	task_tclean::SDAlgorithmBase::deconvolve 	[/lustre/cv/users/jspeedie/data/images_lines/SO/v11_robust0.5/ABAur_SO.clean:C2] iters=0->0 [0], model=0->0, peakres=0.00917867->0.00917867, Reached cyclethreshold.
2023-03-26 16:51:58	INFO	task_tclean::MatrixCleaner::validatePsf() 	Peak of PSF = 1 at [1024, 1024]
2023-03-26 16:51:58	INFO	task_tclean::MatrixCleaner::makePsfScales() 	Calculating convolutions for scale 0
2023-03-26 16:51:59	INFO	task_tclean::MatrixCleaner::makePsfScales() 	Calculating convolutions for scale 1
2023-03-26 16:51:59	INFO	task_tclean::MatrixCleaner::makePsfScales() 	Calculating convolutions for scale 2
2023-03-26 16:52:00	INFO	task_tclean::MatrixCleaner::makePsfScales() 	Calculating convolutions for scale 3
2023-03-26 16:52:00	INFO	task_tclean::MatrixCleaner::makePsfScales() 	Calculating convolutions for scale 4
2023-03-26 16:52:00	INFO	task_tclean::MatrixCleaner::makeScaleMasks() 	Calculating mask convolution for scale 0
2023-03-26 16:52:00	INFO	task_tclean::MatrixCleaner::makeScaleMasks() 	Calculating mask convolution for scale 1
2023-03-26 16:52:00	INFO	task_tclean::MatrixCleaner::makeScaleMasks() 	Calculating mask convolution for scale 2
2023-03-26 16:52:00	INFO	task_tclean::MatrixCleaner::makeScaleMasks() 	Calculating mask convolution for scale 3
2023-03-26 16:52:01	INFO	task_tclean::MatrixCleaner::makeScaleMasks() 	Calculating mask convolution for scale 4
2023-03-26 16:52:01	INFO	task_tclean::MatrixCleaner::clean() 	scale 1 = 1 pixels with bias = 1
2023-03-26 16:52:01	INFO	task_tclean::MatrixCleaner::clean() 	scale 2 = 5 pixels with bias = 1
2023-03-26 16:52:01	INFO	task_tclean::MatrixCleaner::clean() 	scale 3 = 15 pixels with bias = 1
2023-03-26 16:52:01	INFO	task_tclean::MatrixCleaner::clean() 	scale 4 = 30 pixels with bias = 1
2023-03-26 16:52:01	INFO	task_tclean::MatrixCleaner::clean() 	scale 5 = 50 pixels with bias = 1
2023-03-26 16:52:01	INFO	task_tclean::MatrixCleaner::clean() 	Cleaning using given mask
2023-03-26 16:52:01	INFO	task_tclean::MatrixCleaner::clean() 	Cleaning pixels with mask values above 0.9
2023-03-26 16:52:01	INFO	task_tclean::MatrixCleaner::clean() 	Starting iteration
2023-03-26 16:52:01	INFO	task_tclean::MatrixCleaner::clean() 	Initial maximum residual is 0.0781367 within the mask 
2023-03-26 16:52:01	INFO	task_tclean::MatrixCleaner::clean() 	iteration    MaximumResidual   CleanedFlux
2023-03-26 16:52:01	INFO	task_tclean::MatrixCleaner::clean() 	2      0.0765739      0.00309421
2023-03-26 16:52:02	INFO	task_tclean::MatrixCleaner::clean() 	4      0.0735416      0.00606589
2023-03-26 16:52:02	INFO	task_tclean::MatrixCleaner::clean() 	6      0.0706294      0.00891989
2023-03-26 16:52:02	INFO	task_tclean::MatrixCleaner::clean() 	8      0.0678324      0.0116609
2023-03-26 16:52:02	INFO	task_tclean::MatrixCleaner::clean() 	10      0.0651463      0.0142933
2023-03-26 16:52:03	INFO	task_tclean::MatrixCleaner::clean() 	12      0.0625665      0.0168215
2023-03-26 16:52:03	INFO	task_tclean::MatrixCleaner::clean() 	14      0.0600888      0.0192496
2023-03-26 16:52:03	INFO	task_tclean::MatrixCleaner::clean() 	16      0.0577093      0.0215815
2023-03-26 16:52:03	INFO	task_tclean::MatrixCleaner::clean() 	18      0.055424      0.0238211
2023-03-26 16:52:03	INFO	task_tclean::MatrixCleaner::clean() 	20      0.0532302      0.025972
2023-03-26 16:52:03	INFO	task_tclean::MatrixCleaner::clean() 	  0    0
2023-03-26 16:52:03	INFO	task_tclean::MatrixCleaner::clean() 	  1    0
2023-03-26 16:52:03	INFO	task_tclean::MatrixCleaner::clean() 	  2    0
2023-03-26 16:52:03	INFO	task_tclean::MatrixCleaner::clean() 	  3    0
2023-03-26 16:52:03	INFO	task_tclean::MatrixCleaner::clean() 	  4    0.025972
2023-03-26 16:52:03	INFO	task_tclean::MatrixCleaner::clean() 	Failed to reach stopping threshold
2023-03-26 16:52:04	INFO	task_tclean::SDAlgorithmBase::deconvolve 	[/lustre/cv/users/jspeedie/data/images_lines/SO/v11_robust0.5/ABAur_SO.clean:C3] iters=0->20 [20], model=0->0.025972, peakres=0.0121901->0.00974302, Reached cycleniter.
2023-03-26 16:52:04	INFO	task_tclean::MatrixCleaner::validatePsf() 	Peak of PSF = 1 at [1024, 1024]
2023-03-26 16:52:04	INFO	task_tclean::MatrixCleaner::makePsfScales() 	Calculating convolutions for scale 0
2023-03-26 16:52:05	INFO	task_tclean::MatrixCleaner::makePsfScales() 	Calculating convolutions for scale 1
2023-03-26 16:52:05	INFO	task_tclean::MatrixCleaner::makePsfScales() 	Calculating convolutions for scale 2
2023-03-26 16:52:05	INFO	task_tclean::MatrixCleaner::makePsfScales() 	Calculating convolutions for scale 3
2023-03-26 16:52:06	INFO	task_tclean::MatrixCleaner::makePsfScales() 	Calculating convolutions for scale 4
2023-03-26 16:52:06	INFO	task_tclean::MatrixCleaner::makeScaleMasks() 	Calculating mask convolution for scale 0
2023-03-26 16:52:06	INFO	task_tclean::MatrixCleaner::makeScaleMasks() 	Calculating mask convolution for scale 1
2023-03-26 16:52:06	INFO	task_tclean::MatrixCleaner::makeScaleMasks() 	Calculating mask convolution for scale 2
2023-03-26 16:52:06	INFO	task_tclean::MatrixCleaner::makeScaleMasks() 	Calculating mask convolution for scale 3
2023-03-26 16:52:06	INFO	task_tclean::MatrixCleaner::makeScaleMasks() 	Calculating mask convolution for scale 4
2023-03-26 16:52:07	INFO	task_tclean::MatrixCleaner::clean() 	scale 1 = 1 pixels with bias = 1
2023-03-26 16:52:07	INFO	task_tclean::MatrixCleaner::clean() 	scale 2 = 5 pixels with bias = 1
2023-03-26 16:52:07	INFO	task_tclean::MatrixCleaner::clean() 	scale 3 = 15 pixels with bias = 1
2023-03-26 16:52:07	INFO	task_tclean::MatrixCleaner::clean() 	scale 4 = 30 pixels with bias = 1
2023-03-26 16:52:07	INFO	task_tclean::MatrixCleaner::clean() 	scale 5 = 50 pixels with bias = 1
2023-03-26 16:52:07	INFO	task_tclean::MatrixCleaner::clean() 	Cleaning using given mask
2023-03-26 16:52:07	INFO	task_tclean::MatrixCleaner::clean() 	Cleaning pixels with mask values above 0.9
2023-03-26 16:52:07	INFO	task_tclean::MatrixCleaner::clean() 	Starting iteration
2023-03-26 16:52:07	INFO	task_tclean::MatrixCleaner::clean() 	Initial maximum residual is 0.105471 within the mask 
2023-03-26 16:52:07	INFO	task_tclean::MatrixCleaner::clean() 	iteration    MaximumResidual   CleanedFlux
2023-03-26 16:52:07	INFO	task_tclean::MatrixCleaner::clean() 	2      0.103362      0.00417666
2023-03-26 16:52:07	INFO	task_tclean::MatrixCleaner::clean() 	4      0.0992687      0.00818793
2023-03-26 16:52:08	INFO	task_tclean::MatrixCleaner::clean() 	6      0.0953376      0.0120403
2023-03-26 16:52:08	INFO	task_tclean::MatrixCleaner::clean() 	8      0.0915623      0.0157402
2023-03-26 16:52:08	INFO	task_tclean::MatrixCleaner::clean() 	10      0.0879364      0.0192936
2023-03-26 16:52:08	INFO	task_tclean::MatrixCleaner::clean() 	12      0.0844541      0.0227062
2023-03-26 16:52:09	INFO	task_tclean::MatrixCleaner::clean() 	14      0.0811097      0.0259837
2023-03-26 16:52:09	INFO	task_tclean::MatrixCleaner::clean() 	16      0.0778978      0.0291314
2023-03-26 16:52:09	INFO	task_tclean::MatrixCleaner::clean() 	18      0.074813      0.0321544
2023-03-26 16:52:09	INFO	task_tclean::MatrixCleaner::clean() 	20      0.0718504      0.0350578
2023-03-26 16:52:09	INFO	task_tclean::MatrixCleaner::clean() 	  0    0
2023-03-26 16:52:09	INFO	task_tclean::MatrixCleaner::clean() 	  1    0
2023-03-26 16:52:09	INFO	task_tclean::MatrixCleaner::clean() 	  2    0
2023-03-26 16:52:09	INFO	task_tclean::MatrixCleaner::clean() 	  3    0
2023-03-26 16:52:09	INFO	task_tclean::MatrixCleaner::clean() 	  4    0.0350578
2023-03-26 16:52:09	INFO	task_tclean::MatrixCleaner::clean() 	Failed to reach stopping threshold
2023-03-26 16:52:09	INFO	task_tclean::SDAlgorithmBase::deconvolve 	[/lustre/cv/users/jspeedie/data/images_lines/SO/v11_robust0.5/ABAur_SO.clean:C4] iters=20->40 [20], model=0->0.0350578, peakres=0.0147415->0.0109429, Reached cycleniter.
2023-03-26 16:52:10	INFO	task_tclean::MatrixCleaner::validatePsf() 	Peak of PSF = 1 at [1024, 1024]
2023-03-26 16:52:10	INFO	task_tclean::MatrixCleaner::makePsfScales() 	Calculating convolutions for scale 0
2023-03-26 16:52:10	INFO	task_tclean::MatrixCleaner::makePsfScales() 	Calculating convolutions for scale 1
2023-03-26 16:52:11	INFO	task_tclean::MatrixCleaner::makePsfScales() 	Calculating convolutions for scale 2
2023-03-26 16:52:11	INFO	task_tclean::MatrixCleaner::makePsfScales() 	Calculating convolutions for scale 3
2023-03-26 16:52:11	INFO	task_tclean::MatrixCleaner::makePsfScales() 	Calculating convolutions for scale 4
2023-03-26 16:52:12	INFO	task_tclean::MatrixCleaner::makeScaleMasks() 	Calculating mask convolution for scale 0
2023-03-26 16:52:12	INFO	task_tclean::MatrixCleaner::makeScaleMasks() 	Calculating mask convolution for scale 1
2023-03-26 16:52:12	INFO	task_tclean::MatrixCleaner::makeScaleMasks() 	Calculating mask convolution for scale 2
2023-03-26 16:52:12	INFO	task_tclean::MatrixCleaner::makeScaleMasks() 	Calculating mask convolution for scale 3
2023-03-26 16:52:12	INFO	task_tclean::MatrixCleaner::makeScaleMasks() 	Calculating mask convolution for scale 4
2023-03-26 16:52:13	INFO	task_tclean::MatrixCleaner::clean() 	scale 1 = 1 pixels with bias = 1
2023-03-26 16:52:13	INFO	task_tclean::MatrixCleaner::clean() 	scale 2 = 5 pixels with bias = 1
2023-03-26 16:52:13	INFO	task_tclean::MatrixCleaner::clean() 	scale 3 = 15 pixels with bias = 1
2023-03-26 16:52:13	INFO	task_tclean::MatrixCleaner::clean() 	scale 4 = 30 pixels with bias = 1
2023-03-26 16:52:13	INFO	task_tclean::MatrixCleaner::clean() 	scale 5 = 50 pixels with bias = 1
2023-03-26 16:52:13	INFO	task_tclean::MatrixCleaner::clean() 	Cleaning using given mask
2023-03-26 16:52:13	INFO	task_tclean::MatrixCleaner::clean() 	Cleaning pixels with mask values above 0.9
2023-03-26 16:52:13	INFO	task_tclean::MatrixCleaner::clean() 	Starting iteration
2023-03-26 16:52:13	INFO	task_tclean::MatrixCleaner::clean() 	Initial maximum residual is 0.101109 within the mask 
2023-03-26 16:52:13	INFO	task_tclean::MatrixCleaner::clean() 	iteration    MaximumResidual   CleanedFlux
2023-03-26 16:52:13	INFO	task_tclean::MatrixCleaner::clean() 	2      0.0990867      0.00400391
2023-03-26 16:52:13	INFO	task_tclean::MatrixCleaner::clean() 	4      0.0951629      0.00784927
2023-03-26 16:52:13	INFO	task_tclean::MatrixCleaner::clean() 	6      0.0913944      0.0115423
2023-03-26 16:52:14	INFO	task_tclean::MatrixCleaner::clean() 	8      0.0877766      0.0150892
2023-03-26 16:52:14	INFO	task_tclean::MatrixCleaner::clean() 	10      0.0849417      0.0185137
2023-03-26 16:52:14	INFO	task_tclean::MatrixCleaner::clean() 	12      0.0823663      0.0218327
2023-03-26 16:52:14	INFO	task_tclean::MatrixCleaner::clean() 	14      0.080015      0.0250549
2023-03-26 16:52:15	INFO	task_tclean::MatrixCleaner::clean() 	16      0.0777651      0.0281863
2023-03-26 16:52:15	INFO	task_tclean::MatrixCleaner::clean() 	18      0.0756496      0.0312323
2023-03-26 16:52:15	INFO	task_tclean::MatrixCleaner::clean() 	20      0.0736557      0.0341975
2023-03-26 16:52:15	INFO	task_tclean::MatrixCleaner::clean() 	  0    0
2023-03-26 16:52:15	INFO	task_tclean::MatrixCleaner::clean() 	  1    0
2023-03-26 16:52:15	INFO	task_tclean::MatrixCleaner::clean() 	  2    0
2023-03-26 16:52:15	INFO	task_tclean::MatrixCleaner::clean() 	  3    0
2023-03-26 16:52:15	INFO	task_tclean::MatrixCleaner::clean() 	  4    0.0341975
2023-03-26 16:52:15	INFO	task_tclean::MatrixCleaner::clean() 	Failed to reach stopping threshold
2023-03-26 16:52:15	INFO	task_tclean::SDAlgorithmBase::deconvolve 	[/lustre/cv/users/jspeedie/data/images_lines/SO/v11_robust0.5/ABAur_SO.clean:C5] iters=40->60 [20], model=0->0.0341974, peakres=0.0136447->0.0118485, Reached cycleniter.
2023-03-26 16:52:15	INFO	task_tclean::MatrixCleaner::validatePsf() 	Peak of PSF = 1 at [1024, 1024]
2023-03-26 16:52:16	INFO	task_tclean::MatrixCleaner::makePsfScales() 	Calculating convolutions for scale 0
2023-03-26 16:52:16	INFO	task_tclean::MatrixCleaner::makePsfScales() 	Calculating convolutions for scale 1
2023-03-26 16:52:17	INFO	task_tclean::MatrixCleaner::makePsfScales() 	Calculating convolutions for scale 2
2023-03-26 16:52:17	INFO	task_tclean::MatrixCleaner::makePsfScales() 	Calculating convolutions for scale 3
2023-03-26 16:52:17	INFO	task_tclean::MatrixCleaner::makePsfScales() 	Calculating convolutions for scale 4
2023-03-26 16:52:17	INFO	task_tclean::MatrixCleaner::makeScaleMasks() 	Calculating mask convolution for scale 0
2023-03-26 16:52:17	INFO	task_tclean::MatrixCleaner::makeScaleMasks() 	Calculating mask convolution for scale 1
2023-03-26 16:52:18	INFO	task_tclean::MatrixCleaner::makeScaleMasks() 	Calculating mask convolution for scale 2
2023-03-26 16:52:18	INFO	task_tclean::MatrixCleaner::makeScaleMasks() 	Calculating mask convolution for scale 3
2023-03-26 16:52:18	INFO	task_tclean::MatrixCleaner::makeScaleMasks() 	Calculating mask convolution for scale 4
2023-03-26 16:52:19	INFO	task_tclean::MatrixCleaner::clean() 	scale 1 = 1 pixels with bias = 1
2023-03-26 16:52:19	INFO	task_tclean::MatrixCleaner::clean() 	scale 2 = 5 pixels with bias = 1
2023-03-26 16:52:19	INFO	task_tclean::MatrixCleaner::clean() 	scale 3 = 15 pixels with bias = 1
2023-03-26 16:52:19	INFO	task_tclean::MatrixCleaner::clean() 	scale 4 = 30 pixels with bias = 1
2023-03-26 16:52:19	INFO	task_tclean::MatrixCleaner::clean() 	scale 5 = 50 pixels with bias = 1
2023-03-26 16:52:19	INFO	task_tclean::MatrixCleaner::clean() 	Cleaning using given mask
2023-03-26 16:52:19	INFO	task_tclean::MatrixCleaner::clean() 	Cleaning pixels with mask values above 0.9
2023-03-26 16:52:19	INFO	task_tclean::MatrixCleaner::clean() 	Starting iteration
2023-03-26 16:52:19	INFO	task_tclean::MatrixCleaner::clean() 	Initial maximum residual is 0.07349 within the mask 
2023-03-26 16:52:19	INFO	task_tclean::MatrixCleaner::clean() 	iteration    MaximumResidual   CleanedFlux
2023-03-26 16:52:19	INFO	task_tclean::MatrixCleaner::clean() 	2      0.0720202      0.0029102
2023-03-26 16:52:19	INFO	task_tclean::MatrixCleaner::clean() 	4      0.0691682      0.00570516
2023-03-26 16:52:19	INFO	task_tclean::MatrixCleaner::clean() 	6      0.0672989      0.00840684
2023-03-26 16:52:19	INFO	task_tclean::MatrixCleaner::clean() 	8      0.065915      0.011053
2023-03-26 16:52:20	INFO	task_tclean::MatrixCleaner::clean() 	10      0.0645596      0.0136447
2023-03-26 16:52:20	INFO	task_tclean::MatrixCleaner::clean() 	12      0.0632321      0.0161831
2023-03-26 16:52:20	INFO	task_tclean::MatrixCleaner::clean() 	14      0.0619319      0.0186693
2023-03-26 16:52:20	INFO	task_tclean::MatrixCleaner::clean() 	16      0.0606584      0.0211043
2023-03-26 16:52:20	INFO	task_tclean::MatrixCleaner::clean() 	18      0.0594111      0.0234893
2023-03-26 16:52:21	INFO	task_tclean::MatrixCleaner::clean() 	20      0.0581894      0.0258253
2023-03-26 16:52:21	INFO	task_tclean::MatrixCleaner::clean() 	  0    0
2023-03-26 16:52:21	INFO	task_tclean::MatrixCleaner::clean() 	  1    0
2023-03-26 16:52:21	INFO	task_tclean::MatrixCleaner::clean() 	  2    0
2023-03-26 16:52:21	INFO	task_tclean::MatrixCleaner::clean() 	  3    0
2023-03-26 16:52:21	INFO	task_tclean::MatrixCleaner::clean() 	  4    0.0258253
2023-03-26 16:52:21	INFO	task_tclean::MatrixCleaner::clean() 	Failed to reach stopping threshold
2023-03-26 16:52:21	INFO	task_tclean::SDAlgorithmBase::deconvolve 	[/lustre/cv/users/jspeedie/data/images_lines/SO/v11_robust0.5/ABAur_SO.clean:C6] iters=60->80 [20], model=0->0.0258253, peakres=0.0117624->0.0107579, Reached cycleniter.
2023-03-26 16:52:21	INFO	task_tclean::MatrixCleaner::validatePsf() 	Peak of PSF = 1 at [1024, 1024]
2023-03-26 16:52:21	INFO	task_tclean::MatrixCleaner::makePsfScales() 	Calculating convolutions for scale 0
2023-03-26 16:52:22	INFO	task_tclean::MatrixCleaner::makePsfScales() 	Calculating convolutions for scale 1
2023-03-26 16:52:22	INFO	task_tclean::MatrixCleaner::makePsfScales() 	Calculating convolutions for scale 2
2023-03-26 16:52:23	INFO	task_tclean::MatrixCleaner::makePsfScales() 	Calculating convolutions for scale 3
2023-03-26 16:52:23	INFO	task_tclean::MatrixCleaner::makePsfScales() 	Calculating convolutions for scale 4
2023-03-26 16:52:23	INFO	task_tclean::MatrixCleaner::makeScaleMasks() 	Calculating mask convolution for scale 0
2023-03-26 16:52:23	INFO	task_tclean::MatrixCleaner::makeScaleMasks() 	Calculating mask convolution for scale 1
2023-03-26 16:52:23	INFO	task_tclean::MatrixCleaner::makeScaleMasks() 	Calculating mask convolution for scale 2
2023-03-26 16:52:24	INFO	task_tclean::MatrixCleaner::makeScaleMasks() 	Calculating mask convolution for scale 3
2023-03-26 16:52:24	INFO	task_tclean::MatrixCleaner::makeScaleMasks() 	Calculating mask convolution for scale 4
2023-03-26 16:52:24	INFO	task_tclean::MatrixCleaner::clean() 	scale 1 = 1 pixels with bias = 1
2023-03-26 16:52:24	INFO	task_tclean::MatrixCleaner::clean() 	scale 2 = 5 pixels with bias = 1
2023-03-26 16:52:24	INFO	task_tclean::MatrixCleaner::clean() 	scale 3 = 15 pixels with bias = 1
2023-03-26 16:52:24	INFO	task_tclean::MatrixCleaner::clean() 	scale 4 = 30 pixels with bias = 1
2023-03-26 16:52:24	INFO	task_tclean::MatrixCleaner::clean() 	scale 5 = 50 pixels with bias = 1
2023-03-26 16:52:24	INFO	task_tclean::MatrixCleaner::clean() 	Cleaning using given mask
2023-03-26 16:52:24	INFO	task_tclean::MatrixCleaner::clean() 	Cleaning pixels with mask values above 0.9
2023-03-26 16:52:25	INFO	task_tclean::MatrixCleaner::clean() 	Starting iteration
2023-03-26 16:52:25	INFO	task_tclean::MatrixCleaner::clean() 	Initial maximum residual is 0.0608196 within the mask 
2023-03-26 16:52:25	INFO	task_tclean::MatrixCleaner::clean() 	iteration    MaximumResidual   CleanedFlux
2023-03-26 16:52:25	INFO	task_tclean::MatrixCleaner::clean() 	2      0.0596032      0.00240845
2023-03-26 16:52:25	INFO	task_tclean::MatrixCleaner::clean() 	4      0.0572429      0.00472153
2023-03-26 16:52:25	INFO	task_tclean::MatrixCleaner::clean() 	6      0.0561055      0.00697796
2023-03-26 16:52:25	INFO	task_tclean::MatrixCleaner::clean() 	8      0.0549907      0.00918956
2023-03-26 16:52:26	INFO	task_tclean::MatrixCleaner::clean() 	10      0.0538981      0.0113572
2023-03-26 16:52:26	INFO	task_tclean::MatrixCleaner::clean() 	12      0.0528271      0.0134818
2023-03-26 16:52:26	INFO	task_tclean::MatrixCleaner::clean() 	14      0.0517775      0.0155642
2023-03-26 16:52:26	INFO	task_tclean::MatrixCleaner::clean() 	16      0.0507487      0.0176051
2023-03-26 16:52:26	INFO	task_tclean::MatrixCleaner::clean() 	18      0.0497403      0.0196056
2023-03-26 16:52:27	INFO	task_tclean::MatrixCleaner::clean() 	20      0.0487522      0.0215663
2023-03-26 16:52:27	INFO	task_tclean::MatrixCleaner::clean() 	  0    0
2023-03-26 16:52:27	INFO	task_tclean::MatrixCleaner::clean() 	  1    0
2023-03-26 16:52:27	INFO	task_tclean::MatrixCleaner::clean() 	  2    0
2023-03-26 16:52:27	INFO	task_tclean::MatrixCleaner::clean() 	  3    0
2023-03-26 16:52:27	INFO	task_tclean::MatrixCleaner::clean() 	  4    0.0215663
2023-03-26 16:52:27	INFO	task_tclean::MatrixCleaner::clean() 	Failed to reach stopping threshold
2023-03-26 16:52:27	INFO	task_tclean::SDAlgorithmBase::deconvolve 	[/lustre/cv/users/jspeedie/data/images_lines/SO/v11_robust0.5/ABAur_SO.clean:C7] iters=80->100 [20], model=0->0.0215663, peakres=0.0103152->0.00902894, Reached cyclethreshold.
2023-03-26 16:52:27	INFO	task_tclean::MatrixCleaner::validatePsf() 	Peak of PSF = 1 at [1024, 1024]
2023-03-26 16:52:27	INFO	task_tclean::MatrixCleaner::makePsfScales() 	Calculating convolutions for scale 0
2023-03-26 16:52:28	INFO	task_tclean::MatrixCleaner::makePsfScales() 	Calculating convolutions for scale 1
2023-03-26 16:52:28	INFO	task_tclean::MatrixCleaner::makePsfScales() 	Calculating convolutions for scale 2
2023-03-26 16:52:29	INFO	task_tclean::MatrixCleaner::makePsfScales() 	Calculating convolutions for scale 3
2023-03-26 16:52:29	INFO	task_tclean::MatrixCleaner::makePsfScales() 	Calculating convolutions for scale 4
2023-03-26 16:52:29	INFO	task_tclean::MatrixCleaner::makeScaleMasks() 	Calculating mask convolution for scale 0
2023-03-26 16:52:29	INFO	task_tclean::MatrixCleaner::makeScaleMasks() 	Calculating mask convolution for scale 1
2023-03-26 16:52:29	INFO	task_tclean::MatrixCleaner::makeScaleMasks() 	Calculating mask convolution for scale 2
2023-03-26 16:52:30	INFO	task_tclean::MatrixCleaner::makeScaleMasks() 	Calculating mask convolution for scale 3
2023-03-26 16:52:30	INFO	task_tclean::MatrixCleaner::makeScaleMasks() 	Calculating mask convolution for scale 4
2023-03-26 16:52:30	INFO	task_tclean::MatrixCleaner::clean() 	scale 1 = 1 pixels with bias = 1
2023-03-26 16:52:30	INFO	task_tclean::MatrixCleaner::clean() 	scale 2 = 5 pixels with bias = 1
2023-03-26 16:52:30	INFO	task_tclean::MatrixCleaner::clean() 	scale 3 = 15 pixels with bias = 1
2023-03-26 16:52:30	INFO	task_tclean::MatrixCleaner::clean() 	scale 4 = 30 pixels with bias = 1
2023-03-26 16:52:30	INFO	task_tclean::MatrixCleaner::clean() 	scale 5 = 50 pixels with bias = 1
2023-03-26 16:52:30	INFO	task_tclean::MatrixCleaner::clean() 	Cleaning using given mask
2023-03-26 16:52:30	INFO	task_tclean::MatrixCleaner::clean() 	Cleaning pixels with mask values above 0.9
2023-03-26 16:52:30	INFO	task_tclean::MatrixCleaner::clean() 	Starting iteration
2023-03-26 16:52:30	INFO	task_tclean::MatrixCleaner::clean() 	Initial maximum residual is 0.0531283 within the mask 
2023-03-26 16:52:30	INFO	task_tclean::MatrixCleaner::clean() 	iteration    MaximumResidual   CleanedFlux
2023-03-26 16:52:31	INFO	task_tclean::MatrixCleaner::clean() 	2      0.0520657      0.00210388
2023-03-26 16:52:31	INFO	task_tclean::MatrixCleaner::clean() 	4      0.0510366      0.00415173
2023-03-26 16:52:31	INFO	task_tclean::MatrixCleaner::clean() 	6      0.0500278      0.0061591
2023-03-26 16:52:31	INFO	task_tclean::MatrixCleaner::clean() 	8      0.0490389      0.0081268
2023-03-26 16:52:31	INFO	task_tclean::MatrixCleaner::clean() 	10      0.0480696      0.0100556
2023-03-26 16:52:32	INFO	task_tclean::MatrixCleaner::clean() 	12      0.0471194      0.0119463
2023-03-26 16:52:32	INFO	task_tclean::MatrixCleaner::clean() 	14      0.046188      0.0137996
2023-03-26 16:52:32	INFO	task_tclean::MatrixCleaner::clean() 	16      0.045275      0.0156163
2023-03-26 16:52:32	INFO	task_tclean::MatrixCleaner::clean() 	18      0.0443801      0.017397
2023-03-26 16:52:33	INFO	task_tclean::MatrixCleaner::clean() 	20      0.0435029      0.0191426
2023-03-26 16:52:33	INFO	task_tclean::MatrixCleaner::clean() 	  0    0
2023-03-26 16:52:33	INFO	task_tclean::MatrixCleaner::clean() 	  1    0
2023-03-26 16:52:33	INFO	task_tclean::MatrixCleaner::clean() 	  2    0
2023-03-26 16:52:33	INFO	task_tclean::MatrixCleaner::clean() 	  3    0
2023-03-26 16:52:33	INFO	task_tclean::MatrixCleaner::clean() 	  4    0.0191426
2023-03-26 16:52:33	INFO	task_tclean::MatrixCleaner::clean() 	Failed to reach stopping threshold
2023-03-26 16:52:33	INFO	task_tclean::SDAlgorithmBase::deconvolve 	[/lustre/cv/users/jspeedie/data/images_lines/SO/v11_robust0.5/ABAur_SO.clean:C8] iters=100->120 [20], model=0->0.0191427, peakres=0.0100899->0.00919765, Reached cyclethreshold.
2023-03-26 16:52:33	INFO	task_tclean::MatrixCleaner::validatePsf() 	Peak of PSF = 1 at [1024, 1024]
2023-03-26 16:52:33	INFO	task_tclean::MatrixCleaner::makePsfScales() 	Calculating convolutions for scale 0
2023-03-26 16:52:34	INFO	task_tclean::MatrixCleaner::makePsfScales() 	Calculating convolutions for scale 1
2023-03-26 16:52:34	INFO	task_tclean::MatrixCleaner::makePsfScales() 	Calculating convolutions for scale 2
2023-03-26 16:52:34	INFO	task_tclean::MatrixCleaner::makePsfScales() 	Calculating convolutions for scale 3
2023-03-26 16:52:35	INFO	task_tclean::MatrixCleaner::makePsfScales() 	Calculating convolutions for scale 4
2023-03-26 16:52:35	INFO	task_tclean::MatrixCleaner::makeScaleMasks() 	Calculating mask convolution for scale 0
2023-03-26 16:52:35	INFO	task_tclean::MatrixCleaner::makeScaleMasks() 	Calculating mask convolution for scale 1
2023-03-26 16:52:35	INFO	task_tclean::MatrixCleaner::makeScaleMasks() 	Calculating mask convolution for scale 2
2023-03-26 16:52:35	INFO	task_tclean::MatrixCleaner::makeScaleMasks() 	Calculating mask convolution for scale 3
2023-03-26 16:52:35	INFO	task_tclean::MatrixCleaner::makeScaleMasks() 	Calculating mask convolution for scale 4
2023-03-26 16:52:36	INFO	task_tclean::MatrixCleaner::clean() 	scale 1 = 1 pixels with bias = 1
2023-03-26 16:52:36	INFO	task_tclean::MatrixCleaner::clean() 	scale 2 = 5 pixels with bias = 1
2023-03-26 16:52:36	INFO	task_tclean::MatrixCleaner::clean() 	scale 3 = 15 pixels with bias = 1
2023-03-26 16:52:36	INFO	task_tclean::MatrixCleaner::clean() 	scale 4 = 30 pixels with bias = 1
2023-03-26 16:52:36	INFO	task_tclean::MatrixCleaner::clean() 	scale 5 = 50 pixels with bias = 1
2023-03-26 16:52:36	INFO	task_tclean::MatrixCleaner::clean() 	Cleaning using given mask
2023-03-26 16:52:36	INFO	task_tclean::MatrixCleaner::clean() 	Cleaning pixels with mask values above 0.9
2023-03-26 16:52:36	INFO	task_tclean::MatrixCleaner::clean() 	Starting iteration
2023-03-26 16:52:36	INFO	task_tclean::MatrixCleaner::clean() 	Initial maximum residual is 0.0454707 within the mask 
2023-03-26 16:52:36	INFO	task_tclean::MatrixCleaner::clean() 	iteration    MaximumResidual   CleanedFlux
2023-03-26 16:52:36	INFO	task_tclean::MatrixCleaner::clean() 	2      0.0445612      0.00180064
2023-03-26 16:52:37	INFO	task_tclean::MatrixCleaner::clean() 	4      0.0436876      0.00356475
2023-03-26 16:52:37	INFO	task_tclean::MatrixCleaner::clean() 	6      0.0428311      0.00529427
2023-03-26 16:52:37	INFO	task_tclean::MatrixCleaner::clean() 	8      0.0281586      0.00671322
2023-03-26 16:52:37	INFO	task_tclean::MatrixCleaner::clean() 	10      0.0412405      0.00837693
2023-03-26 16:52:37	INFO	task_tclean::MatrixCleaner::clean() 	12      0.0271071      0.00974152
2023-03-26 16:52:38	INFO	task_tclean::MatrixCleaner::clean() 	14      0.0397091      0.0113419
2023-03-26 16:52:38	INFO	task_tclean::MatrixCleaner::clean() 	16      0.0260947      0.0126542
2023-03-26 16:52:38	INFO	task_tclean::MatrixCleaner::clean() 	18      0.0382347      0.0141938
2023-03-26 16:52:38	INFO	task_tclean::MatrixCleaner::clean() 	20      0.0251201      0.0154558
2023-03-26 16:52:38	INFO	task_tclean::MatrixCleaner::clean() 	  0    0
2023-03-26 16:52:38	INFO	task_tclean::MatrixCleaner::clean() 	  1    0
2023-03-26 16:52:38	INFO	task_tclean::MatrixCleaner::clean() 	  2    0
2023-03-26 16:52:38	INFO	task_tclean::MatrixCleaner::clean() 	  3    0.00212961
2023-03-26 16:52:38	INFO	task_tclean::MatrixCleaner::clean() 	  4    0.0133262
2023-03-26 16:52:38	INFO	task_tclean::MatrixCleaner::clean() 	Failed to reach stopping threshold
2023-03-26 16:52:39	INFO	task_tclean::SDAlgorithmBase::deconvolve 	[/lustre/cv/users/jspeedie/data/images_lines/SO/v11_robust0.5/ABAur_SO.clean:C9] iters=120->140 [20], model=0->0.0154557, peakres=0.0101086->0.00905644, Reached cyclethreshold.
2023-03-26 16:52:39	INFO	task_tclean::SDAlgorithmBase::deconvolve 	[/lustre/cv/users/jspeedie/data/images_lines/SO/v11_robust0.5/ABAur_SO.clean] Total model flux (over all planes) : 0.177217     Peak Residual (over all planes) : 0.0118485 in C5:P0
2023-03-26 16:52:39	INFO	task_tclean::SynthesisDeconvolver::setupDeconvolution 	Set Deconvolution Options for [/lustre/cv/users/jspeedie/data/images_lines/SO/v11_robust0.5/ABAur_SO.clean] : multiscale
2023-03-26 16:52:42	INFO	task_tclean::SynthesisDeconvolver::initMinorCycle 	 Absolute Peak residual within mask : 0.0124477, over full image : 0.0124477
2023-03-26 16:52:42	INFO	task_tclean::CubeMinorCycleAlgorithm::task 	Processing channels in range [20, 29]
2023-03-26 16:52:42	INFO	task_tclean::SDAlgorithmBase::deconvolve 	[/lustre/cv/users/jspeedie/data/images_lines/SO/v11_robust0.5/ABAur_SO.clean] Run multiscale minor-cycle on 10 chans | CycleThreshold=0.00929772, CycleNiter=20, Gain=0.02
2023-03-26 16:52:43	INFO	task_tclean::SDAlgorithmBase::deconvolve 	[/lustre/cv/users/jspeedie/data/images_lines/SO/v11_robust0.5/ABAur_SO.clean:C0] iters=0->0 [0], model=0->0, peakres=0.00896138->0.00896138, Reached cyclethreshold.
2023-03-26 16:52:43	INFO	task_tclean::MatrixCleaner::validatePsf() 	Peak of PSF = 1 at [1024, 1024]
2023-03-26 16:52:43	INFO	task_tclean::MatrixCleaner::makePsfScales() 	Calculating convolutions for scale 0
2023-03-26 16:52:44	INFO	task_tclean::MatrixCleaner::makePsfScales() 	Calculating convolutions for scale 1
2023-03-26 16:52:44	INFO	task_tclean::MatrixCleaner::makePsfScales() 	Calculating convolutions for scale 2
2023-03-26 16:52:44	INFO	task_tclean::MatrixCleaner::makePsfScales() 	Calculating convolutions for scale 3
2023-03-26 16:52:45	INFO	task_tclean::MatrixCleaner::makePsfScales() 	Calculating convolutions for scale 4
2023-03-26 16:52:45	INFO	task_tclean::MatrixCleaner::makeScaleMasks() 	Calculating mask convolution for scale 0
2023-03-26 16:52:45	INFO	task_tclean::MatrixCleaner::makeScaleMasks() 	Calculating mask convolution for scale 1
2023-03-26 16:52:45	INFO	task_tclean::MatrixCleaner::makeScaleMasks() 	Calculating mask convolution for scale 2
2023-03-26 16:52:45	INFO	task_tclean::MatrixCleaner::makeScaleMasks() 	Calculating mask convolution for scale 3
2023-03-26 16:52:45	INFO	task_tclean::MatrixCleaner::makeScaleMasks() 	Calculating mask convolution for scale 4
2023-03-26 16:52:46	INFO	task_tclean::MatrixCleaner::clean() 	scale 1 = 1 pixels with bias = 1
2023-03-26 16:52:46	INFO	task_tclean::MatrixCleaner::clean() 	scale 2 = 5 pixels with bias = 1
2023-03-26 16:52:46	INFO	task_tclean::MatrixCleaner::clean() 	scale 3 = 15 pixels with bias = 1
2023-03-26 16:52:46	INFO	task_tclean::MatrixCleaner::clean() 	scale 4 = 30 pixels with bias = 1
2023-03-26 16:52:46	INFO	task_tclean::MatrixCleaner::clean() 	scale 5 = 50 pixels with bias = 1
2023-03-26 16:52:46	INFO	task_tclean::MatrixCleaner::clean() 	Cleaning using given mask
2023-03-26 16:52:46	INFO	task_tclean::MatrixCleaner::clean() 	Cleaning pixels with mask values above 0.9
2023-03-26 16:52:46	INFO	task_tclean::MatrixCleaner::clean() 	Starting iteration
2023-03-26 16:52:46	INFO	task_tclean::MatrixCleaner::clean() 	Initial maximum residual is 0.0493971 within the mask 
2023-03-26 16:52:46	INFO	task_tclean::MatrixCleaner::clean() 	iteration    MaximumResidual   CleanedFlux
2023-03-26 16:52:46	INFO	task_tclean::MatrixCleaner::clean() 	2      0.0484092      0.00195613
2023-03-26 16:52:47	INFO	task_tclean::MatrixCleaner::clean() 	4      0.0311743      0.00352843
2023-03-26 16:52:47	INFO	task_tclean::MatrixCleaner::clean() 	6      0.0299957      0.00504128
2023-03-26 16:52:47	INFO	task_tclean::MatrixCleaner::clean() 	8      0.0288617      0.00649694
2023-03-26 16:52:47	INFO	task_tclean::MatrixCleaner::clean() 	10      0.0422802      0.00819546
2023-03-26 16:52:47	INFO	task_tclean::MatrixCleaner::clean() 	12      0.0277906      0.00958753
2023-03-26 16:52:48	INFO	task_tclean::MatrixCleaner::clean() 	14      0.0407148      0.010951
2023-03-26 16:52:48	INFO	task_tclean::MatrixCleaner::clean() 	16      0.0267567      0.0122917
2023-03-26 16:52:48	INFO	task_tclean::MatrixCleaner::clean() 	18      0.0392128      0.0138657
2023-03-26 16:52:48	INFO	task_tclean::MatrixCleaner::clean() 	20      0.0257613      0.0149005
2023-03-26 16:52:48	INFO	task_tclean::MatrixCleaner::clean() 	  0    0
2023-03-26 16:52:48	INFO	task_tclean::MatrixCleaner::clean() 	  1    0
2023-03-26 16:52:48	INFO	task_tclean::MatrixCleaner::clean() 	  2    0
2023-03-26 16:52:48	INFO	task_tclean::MatrixCleaner::clean() 	  3    0.00447557
2023-03-26 16:52:48	INFO	task_tclean::MatrixCleaner::clean() 	  4    0.0104249
2023-03-26 16:52:48	INFO	task_tclean::MatrixCleaner::clean() 	Failed to reach stopping threshold
2023-03-26 16:52:49	INFO	task_tclean::SDAlgorithmBase::deconvolve 	[/lustre/cv/users/jspeedie/data/images_lines/SO/v11_robust0.5/ABAur_SO.clean:C1] iters=0->20 [20], model=0->0.0149005, peakres=0.0106118->0.00929439, Reached cyclethreshold.
2023-03-26 16:52:49	INFO	task_tclean::MatrixCleaner::validatePsf() 	Peak of PSF = 1 at [1024, 1024]
2023-03-26 16:52:49	INFO	task_tclean::MatrixCleaner::makePsfScales() 	Calculating convolutions for scale 0
2023-03-26 16:52:49	INFO	task_tclean::MatrixCleaner::makePsfScales() 	Calculating convolutions for scale 1
2023-03-26 16:52:50	INFO	task_tclean::MatrixCleaner::makePsfScales() 	Calculating convolutions for scale 2
2023-03-26 16:52:50	INFO	task_tclean::MatrixCleaner::makePsfScales() 	Calculating convolutions for scale 3
2023-03-26 16:52:50	INFO	task_tclean::MatrixCleaner::makePsfScales() 	Calculating convolutions for scale 4
2023-03-26 16:52:51	INFO	task_tclean::MatrixCleaner::makeScaleMasks() 	Calculating mask convolution for scale 0
2023-03-26 16:52:51	INFO	task_tclean::MatrixCleaner::makeScaleMasks() 	Calculating mask convolution for scale 1
2023-03-26 16:52:51	INFO	task_tclean::MatrixCleaner::makeScaleMasks() 	Calculating mask convolution for scale 2
2023-03-26 16:52:51	INFO	task_tclean::MatrixCleaner::makeScaleMasks() 	Calculating mask convolution for scale 3
2023-03-26 16:52:51	INFO	task_tclean::MatrixCleaner::makeScaleMasks() 	Calculating mask convolution for scale 4
2023-03-26 16:52:52	INFO	task_tclean::MatrixCleaner::clean() 	scale 1 = 1 pixels with bias = 1
2023-03-26 16:52:52	INFO	task_tclean::MatrixCleaner::clean() 	scale 2 = 5 pixels with bias = 1
2023-03-26 16:52:52	INFO	task_tclean::MatrixCleaner::clean() 	scale 3 = 15 pixels with bias = 1
2023-03-26 16:52:52	INFO	task_tclean::MatrixCleaner::clean() 	scale 4 = 30 pixels with bias = 1
2023-03-26 16:52:52	INFO	task_tclean::MatrixCleaner::clean() 	scale 5 = 50 pixels with bias = 1
2023-03-26 16:52:52	INFO	task_tclean::MatrixCleaner::clean() 	Cleaning using given mask
2023-03-26 16:52:52	INFO	task_tclean::MatrixCleaner::clean() 	Cleaning pixels with mask values above 0.9
2023-03-26 16:52:52	INFO	task_tclean::MatrixCleaner::clean() 	Starting iteration
2023-03-26 16:52:52	INFO	task_tclean::MatrixCleaner::clean() 	Initial maximum residual is 0.033703 within the mask 
2023-03-26 16:52:52	INFO	task_tclean::MatrixCleaner::clean() 	iteration    MaximumResidual   CleanedFlux
2023-03-26 16:52:52	INFO	task_tclean::MatrixCleaner::clean() 	2      0.033029      0.00133464
2023-03-26 16:52:52	INFO	task_tclean::MatrixCleaner::clean() 	4      0.0318634      0.00239801
2023-03-26 16:52:53	INFO	task_tclean::MatrixCleaner::clean() 	6      0.0307501      0.00342424
2023-03-26 16:52:53	INFO	task_tclean::MatrixCleaner::clean() 	8      0.0198449      0.00442907
2023-03-26 16:52:53	INFO	task_tclean::MatrixCleaner::clean() 	10      0.0298001      0.00591838
2023-03-26 16:52:53	INFO	task_tclean::MatrixCleaner::clean() 	12      0.0292054      0.0068874
2023-03-26 16:52:53	INFO	task_tclean::MatrixCleaner::clean() 	14      0.0286313      0.00832716
2023-03-26 16:52:54	INFO	task_tclean::MatrixCleaner::clean() 	16      0.0184869      0.00954697
2023-03-26 16:52:54	INFO	task_tclean::MatrixCleaner::clean() 	18      0.0412493      0.0109334
2023-03-26 16:52:54	INFO	task_tclean::MatrixCleaner::clean() 	20      0.0179384      0.0118425
2023-03-26 16:52:54	INFO	task_tclean::MatrixCleaner::clean() 	  0    0
2023-03-26 16:52:54	INFO	task_tclean::MatrixCleaner::clean() 	  1    0
2023-03-26 16:52:54	INFO	task_tclean::MatrixCleaner::clean() 	  2    0.00234765
2023-03-26 16:52:54	INFO	task_tclean::MatrixCleaner::clean() 	  3    0.00605932
2023-03-26 16:52:54	INFO	task_tclean::MatrixCleaner::clean() 	  4    0.00343551
2023-03-26 16:52:54	INFO	task_tclean::MatrixCleaner::clean() 	Failed to reach stopping threshold
2023-03-26 16:52:54	INFO	task_tclean::SDAlgorithmBase::deconvolve 	[/lustre/cv/users/jspeedie/data/images_lines/SO/v11_robust0.5/ABAur_SO.clean:C2] iters=20->40 [20], model=0->0.0118424, peakres=0.011696->0.0100439, Reached cycleniter.
2023-03-26 16:52:54	INFO	task_tclean::MatrixCleaner::validatePsf() 	Peak of PSF = 1 at [1024, 1024]
2023-03-26 16:52:55	INFO	task_tclean::MatrixCleaner::makePsfScales() 	Calculating convolutions for scale 0
2023-03-26 16:52:55	INFO	task_tclean::MatrixCleaner::makePsfScales() 	Calculating convolutions for scale 1
2023-03-26 16:52:56	INFO	task_tclean::MatrixCleaner::makePsfScales() 	Calculating convolutions for scale 2
2023-03-26 16:52:56	INFO	task_tclean::MatrixCleaner::makePsfScales() 	Calculating convolutions for scale 3
2023-03-26 16:52:56	INFO	task_tclean::MatrixCleaner::makePsfScales() 	Calculating convolutions for scale 4
2023-03-26 16:52:56	INFO	task_tclean::MatrixCleaner::makeScaleMasks() 	Calculating mask convolution for scale 0
2023-03-26 16:52:57	INFO	task_tclean::MatrixCleaner::makeScaleMasks() 	Calculating mask convolution for scale 1
2023-03-26 16:52:57	INFO	task_tclean::MatrixCleaner::makeScaleMasks() 	Calculating mask convolution for scale 2
2023-03-26 16:52:57	INFO	task_tclean::MatrixCleaner::makeScaleMasks() 	Calculating mask convolution for scale 3
2023-03-26 16:52:57	INFO	task_tclean::MatrixCleaner::makeScaleMasks() 	Calculating mask convolution for scale 4
2023-03-26 16:52:58	INFO	task_tclean::MatrixCleaner::clean() 	scale 1 = 1 pixels with bias = 1
2023-03-26 16:52:58	INFO	task_tclean::MatrixCleaner::clean() 	scale 2 = 5 pixels with bias = 1
2023-03-26 16:52:58	INFO	task_tclean::MatrixCleaner::clean() 	scale 3 = 15 pixels with bias = 1
2023-03-26 16:52:58	INFO	task_tclean::MatrixCleaner::clean() 	scale 4 = 30 pixels with bias = 1
2023-03-26 16:52:58	INFO	task_tclean::MatrixCleaner::clean() 	scale 5 = 50 pixels with bias = 1
2023-03-26 16:52:58	INFO	task_tclean::MatrixCleaner::clean() 	Cleaning using given mask
2023-03-26 16:52:58	INFO	task_tclean::MatrixCleaner::clean() 	Cleaning pixels with mask values above 0.9
2023-03-26 16:52:58	INFO	task_tclean::MatrixCleaner::clean() 	Starting iteration
2023-03-26 16:52:58	INFO	task_tclean::MatrixCleaner::clean() 	Initial maximum residual is 0.0351102 within the mask 
2023-03-26 16:52:58	INFO	task_tclean::MatrixCleaner::clean() 	iteration    MaximumResidual   CleanedFlux
2023-03-26 16:52:58	INFO	task_tclean::MatrixCleaner::clean() 	2      0.034408      0.00139037
2023-03-26 16:52:58	INFO	task_tclean::MatrixCleaner::clean() 	4      0.0330455      0.00272567
2023-03-26 16:52:58	INFO	task_tclean::MatrixCleaner::clean() 	6      0.0317369      0.0040081
2023-03-26 16:52:59	INFO	task_tclean::MatrixCleaner::clean() 	8      0.0458964      0.00533604
2023-03-26 16:52:59	INFO	task_tclean::MatrixCleaner::clean() 	10      0.0444028      0.00662075
2023-03-26 16:52:59	INFO	task_tclean::MatrixCleaner::clean() 	12      0.0429697      0.007864
2023-03-26 16:52:59	INFO	task_tclean::MatrixCleaner::clean() 	14      0.0113801      0.00895134
2023-03-26 16:52:59	INFO	task_tclean::MatrixCleaner::clean() 	16      0.0421422      0.0101646
2023-03-26 16:53:00	INFO	task_tclean::MatrixCleaner::clean() 	18      0.0413055      0.0112131
2023-03-26 16:53:00	INFO	task_tclean::MatrixCleaner::clean() 	20      0.0108645      0.0117924
2023-03-26 16:53:00	INFO	task_tclean::MatrixCleaner::clean() 	  0    0.000667277
2023-03-26 16:53:00	INFO	task_tclean::MatrixCleaner::clean() 	  1    0
2023-03-26 16:53:00	INFO	task_tclean::MatrixCleaner::clean() 	  2    0.00192293
2023-03-26 16:53:00	INFO	task_tclean::MatrixCleaner::clean() 	  3    0.0040081
2023-03-26 16:53:00	INFO	task_tclean::MatrixCleaner::clean() 	  4    0.00519407
2023-03-26 16:53:00	INFO	task_tclean::MatrixCleaner::clean() 	Failed to reach stopping threshold
2023-03-26 16:53:00	INFO	task_tclean::SDAlgorithmBase::deconvolve 	[/lustre/cv/users/jspeedie/data/images_lines/SO/v11_robust0.5/ABAur_SO.clean:C3] iters=40->60 [20], model=0->0.0117923, peakres=0.0124477->0.0106472, Reached cycleniter.
2023-03-26 16:53:00	INFO	task_tclean::MatrixCleaner::validatePsf() 	Peak of PSF = 1 at [1024, 1024]
2023-03-26 16:53:01	INFO	task_tclean::MatrixCleaner::makePsfScales() 	Calculating convolutions for scale 0
2023-03-26 16:53:01	INFO	task_tclean::MatrixCleaner::makePsfScales() 	Calculating convolutions for scale 1
2023-03-26 16:53:01	INFO	task_tclean::MatrixCleaner::makePsfScales() 	Calculating convolutions for scale 2
2023-03-26 16:53:02	INFO	task_tclean::MatrixCleaner::makePsfScales() 	Calculating convolutions for scale 3
2023-03-26 16:53:02	INFO	task_tclean::MatrixCleaner::makePsfScales() 	Calculating convolutions for scale 4
2023-03-26 16:53:02	INFO	task_tclean::MatrixCleaner::makeScaleMasks() 	Calculating mask convolution for scale 0
2023-03-26 16:53:02	INFO	task_tclean::MatrixCleaner::makeScaleMasks() 	Calculating mask convolution for scale 1
2023-03-26 16:53:02	INFO	task_tclean::MatrixCleaner::makeScaleMasks() 	Calculating mask convolution for scale 2
2023-03-26 16:53:03	INFO	task_tclean::MatrixCleaner::makeScaleMasks() 	Calculating mask convolution for scale 3
2023-03-26 16:53:03	INFO	task_tclean::MatrixCleaner::makeScaleMasks() 	Calculating mask convolution for scale 4
2023-03-26 16:53:03	INFO	task_tclean::MatrixCleaner::clean() 	scale 1 = 1 pixels with bias = 1
2023-03-26 16:53:03	INFO	task_tclean::MatrixCleaner::clean() 	scale 2 = 5 pixels with bias = 1
2023-03-26 16:53:03	INFO	task_tclean::MatrixCleaner::clean() 	scale 3 = 15 pixels with bias = 1
2023-03-26 16:53:03	INFO	task_tclean::MatrixCleaner::clean() 	scale 4 = 30 pixels with bias = 1
2023-03-26 16:53:03	INFO	task_tclean::MatrixCleaner::clean() 	scale 5 = 50 pixels with bias = 1
2023-03-26 16:53:03	INFO	task_tclean::MatrixCleaner::clean() 	Cleaning using given mask
2023-03-26 16:53:03	INFO	task_tclean::MatrixCleaner::clean() 	Cleaning pixels with mask values above 0.9
2023-03-26 16:53:03	INFO	task_tclean::MatrixCleaner::clean() 	Starting iteration
2023-03-26 16:53:04	INFO	task_tclean::MatrixCleaner::clean() 	Initial maximum residual is 0.0523715 within the mask 
2023-03-26 16:53:04	INFO	task_tclean::MatrixCleaner::clean() 	iteration    MaximumResidual   CleanedFlux
2023-03-26 16:53:04	INFO	task_tclean::MatrixCleaner::clean() 	2      0.0513241      0.00207391
2023-03-26 16:53:04	INFO	task_tclean::MatrixCleaner::clean() 	4      0.0492916      0.0040657
2023-03-26 16:53:04	INFO	task_tclean::MatrixCleaner::clean() 	6      0.0473397      0.00597861
2023-03-26 16:53:04	INFO	task_tclean::MatrixCleaner::clean() 	8      0.045465      0.00781577
2023-03-26 16:53:05	INFO	task_tclean::MatrixCleaner::clean() 	10      0.0436646      0.00958017
2023-03-26 16:53:05	INFO	task_tclean::MatrixCleaner::clean() 	12      0.0419355      0.0112747
2023-03-26 16:53:05	INFO	task_tclean::MatrixCleaner::clean() 	14      0.0109638      0.0120448
2023-03-26 16:53:05	INFO	task_tclean::MatrixCleaner::clean() 	16      0.0107462      0.0130668
2023-03-26 16:53:05	INFO	task_tclean::MatrixCleaner::clean() 	18      0.0105326      0.0138076
2023-03-26 16:53:06	INFO	task_tclean::MatrixCleaner::clean() 	20      0.0103236      0.0147909
2023-03-26 16:53:06	INFO	task_tclean::MatrixCleaner::clean() 	  0    0.000851325
2023-03-26 16:53:06	INFO	task_tclean::MatrixCleaner::clean() 	  1    0
2023-03-26 16:53:06	INFO	task_tclean::MatrixCleaner::clean() 	  2    0
2023-03-26 16:53:06	INFO	task_tclean::MatrixCleaner::clean() 	  3    0.00108087
2023-03-26 16:53:06	INFO	task_tclean::MatrixCleaner::clean() 	  4    0.0128587
2023-03-26 16:53:06	INFO	task_tclean::MatrixCleaner::clean() 	Failed to reach stopping threshold
2023-03-26 16:53:06	INFO	task_tclean::SDAlgorithmBase::deconvolve 	[/lustre/cv/users/jspeedie/data/images_lines/SO/v11_robust0.5/ABAur_SO.clean:C4] iters=60->80 [20], model=0->0.0147909, peakres=0.0109396->0.0101171, Reached cycleniter.
2023-03-26 16:53:06	INFO	task_tclean::MatrixCleaner::validatePsf() 	Peak of PSF = 1 at [1024, 1024]
2023-03-26 16:53:06	INFO	task_tclean::MatrixCleaner::makePsfScales() 	Calculating convolutions for scale 0
2023-03-26 16:53:07	INFO	task_tclean::MatrixCleaner::makePsfScales() 	Calculating convolutions for scale 1
2023-03-26 16:53:07	INFO	task_tclean::MatrixCleaner::makePsfScales() 	Calculating convolutions for scale 2
2023-03-26 16:53:08	INFO	task_tclean::MatrixCleaner::makePsfScales() 	Calculating convolutions for scale 3
2023-03-26 16:53:08	INFO	task_tclean::MatrixCleaner::makePsfScales() 	Calculating convolutions for scale 4
2023-03-26 16:53:08	INFO	task_tclean::MatrixCleaner::makeScaleMasks() 	Calculating mask convolution for scale 0
2023-03-26 16:53:08	INFO	task_tclean::MatrixCleaner::makeScaleMasks() 	Calculating mask convolution for scale 1
2023-03-26 16:53:08	INFO	task_tclean::MatrixCleaner::makeScaleMasks() 	Calculating mask convolution for scale 2
2023-03-26 16:53:09	INFO	task_tclean::MatrixCleaner::makeScaleMasks() 	Calculating mask convolution for scale 3
2023-03-26 16:53:09	INFO	task_tclean::MatrixCleaner::makeScaleMasks() 	Calculating mask convolution for scale 4
2023-03-26 16:53:09	INFO	task_tclean::MatrixCleaner::clean() 	scale 1 = 1 pixels with bias = 1
2023-03-26 16:53:09	INFO	task_tclean::MatrixCleaner::clean() 	scale 2 = 5 pixels with bias = 1
2023-03-26 16:53:09	INFO	task_tclean::MatrixCleaner::clean() 	scale 3 = 15 pixels with bias = 1
2023-03-26 16:53:09	INFO	task_tclean::MatrixCleaner::clean() 	scale 4 = 30 pixels with bias = 1
2023-03-26 16:53:09	INFO	task_tclean::MatrixCleaner::clean() 	scale 5 = 50 pixels with bias = 1
2023-03-26 16:53:09	INFO	task_tclean::MatrixCleaner::clean() 	Cleaning using given mask
2023-03-26 16:53:09	INFO	task_tclean::MatrixCleaner::clean() 	Cleaning pixels with mask values above 0.9
2023-03-26 16:53:09	INFO	task_tclean::MatrixCleaner::clean() 	Starting iteration
2023-03-26 16:53:09	INFO	task_tclean::MatrixCleaner::clean() 	Initial maximum residual is 0.0500163 within the mask 
2023-03-26 16:53:09	INFO	task_tclean::MatrixCleaner::clean() 	iteration    MaximumResidual   CleanedFlux
2023-03-26 16:53:10	INFO	task_tclean::MatrixCleaner::clean() 	2      0.049016      0.00198065
2023-03-26 16:53:10	INFO	task_tclean::MatrixCleaner::clean() 	4      0.047075      0.00388286
2023-03-26 16:53:10	INFO	task_tclean::MatrixCleaner::clean() 	6      0.0452108      0.00570975
2023-03-26 16:53:10	INFO	task_tclean::MatrixCleaner::clean() 	8      0.0441117      0.00747811
2023-03-26 16:53:10	INFO	task_tclean::MatrixCleaner::clean() 	10      0.0432501      0.00921194
2023-03-26 16:53:11	INFO	task_tclean::MatrixCleaner::clean() 	12      0.0424053      0.0109119
2023-03-26 16:53:11	INFO	task_tclean::MatrixCleaner::clean() 	14      0.0415771      0.0125787
2023-03-26 16:53:11	INFO	task_tclean::MatrixCleaner::clean() 	16      0.040765      0.0142129
2023-03-26 16:53:11	INFO	task_tclean::MatrixCleaner::clean() 	18      0.0399688      0.0158152
2023-03-26 16:53:11	INFO	task_tclean::MatrixCleaner::clean() 	20      0.0391881      0.0173862
2023-03-26 16:53:12	INFO	task_tclean::MatrixCleaner::clean() 	  0    0
2023-03-26 16:53:12	INFO	task_tclean::MatrixCleaner::clean() 	  1    0
2023-03-26 16:53:12	INFO	task_tclean::MatrixCleaner::clean() 	  2    0
2023-03-26 16:53:12	INFO	task_tclean::MatrixCleaner::clean() 	  3    0
2023-03-26 16:53:12	INFO	task_tclean::MatrixCleaner::clean() 	  4    0.0173862
2023-03-26 16:53:12	INFO	task_tclean::MatrixCleaner::clean() 	Failed to reach stopping threshold
2023-03-26 16:53:12	INFO	task_tclean::SDAlgorithmBase::deconvolve 	[/lustre/cv/users/jspeedie/data/images_lines/SO/v11_robust0.5/ABAur_SO.clean:C5] iters=80->100 [20], model=0->0.0173861, peakres=0.0101212->0.00946013, Reached cycleniter.
2023-03-26 16:53:12	INFO	task_tclean::MatrixCleaner::validatePsf() 	Peak of PSF = 1 at [1024, 1024]
2023-03-26 16:53:12	INFO	task_tclean::MatrixCleaner::makePsfScales() 	Calculating convolutions for scale 0
2023-03-26 16:53:13	INFO	task_tclean::MatrixCleaner::makePsfScales() 	Calculating convolutions for scale 1
2023-03-26 16:53:13	INFO	task_tclean::MatrixCleaner::makePsfScales() 	Calculating convolutions for scale 2
2023-03-26 16:53:14	INFO	task_tclean::MatrixCleaner::makePsfScales() 	Calculating convolutions for scale 3
2023-03-26 16:53:14	INFO	task_tclean::MatrixCleaner::makePsfScales() 	Calculating convolutions for scale 4
2023-03-26 16:53:14	INFO	task_tclean::MatrixCleaner::makeScaleMasks() 	Calculating mask convolution for scale 0
2023-03-26 16:53:14	INFO	task_tclean::MatrixCleaner::makeScaleMasks() 	Calculating mask convolution for scale 1
2023-03-26 16:53:14	INFO	task_tclean::MatrixCleaner::makeScaleMasks() 	Calculating mask convolution for scale 2
2023-03-26 16:53:14	INFO	task_tclean::MatrixCleaner::makeScaleMasks() 	Calculating mask convolution for scale 3
2023-03-26 16:53:15	INFO	task_tclean::MatrixCleaner::makeScaleMasks() 	Calculating mask convolution for scale 4
2023-03-26 16:53:15	INFO	task_tclean::MatrixCleaner::clean() 	scale 1 = 1 pixels with bias = 1
2023-03-26 16:53:15	INFO	task_tclean::MatrixCleaner::clean() 	scale 2 = 5 pixels with bias = 1
2023-03-26 16:53:15	INFO	task_tclean::MatrixCleaner::clean() 	scale 3 = 15 pixels with bias = 1
2023-03-26 16:53:15	INFO	task_tclean::MatrixCleaner::clean() 	scale 4 = 30 pixels with bias = 1
2023-03-26 16:53:15	INFO	task_tclean::MatrixCleaner::clean() 	scale 5 = 50 pixels with bias = 1
2023-03-26 16:53:15	INFO	task_tclean::MatrixCleaner::clean() 	Cleaning using given mask
2023-03-26 16:53:15	INFO	task_tclean::MatrixCleaner::clean() 	Cleaning pixels with mask values above 0.9
2023-03-26 16:53:15	INFO	task_tclean::MatrixCleaner::clean() 	Starting iteration
2023-03-26 16:53:15	INFO	task_tclean::MatrixCleaner::clean() 	Initial maximum residual is 0.0514992 within the mask 
2023-03-26 16:53:15	INFO	task_tclean::MatrixCleaner::clean() 	iteration    MaximumResidual   CleanedFlux
2023-03-26 16:53:15	INFO	task_tclean::MatrixCleaner::clean() 	2      0.0504692      0.00203937
2023-03-26 16:53:16	INFO	task_tclean::MatrixCleaner::clean() 	4      0.0484706      0.00399798
2023-03-26 16:53:16	INFO	task_tclean::MatrixCleaner::clean() 	6      0.0465512      0.00587902
2023-03-26 16:53:16	INFO	task_tclean::MatrixCleaner::clean() 	8      0.0447077      0.00768558
2023-03-26 16:53:16	INFO	task_tclean::MatrixCleaner::clean() 	10      0.0429373      0.0094206
2023-03-26 16:53:17	INFO	task_tclean::MatrixCleaner::clean() 	12      0.0185136      0.0103656
2023-03-26 16:53:17	INFO	task_tclean::MatrixCleaner::clean() 	14      0.0276775      0.0117613
2023-03-26 16:53:17	INFO	task_tclean::MatrixCleaner::clean() 	16      0.0178329      0.0129434
2023-03-26 16:53:17	INFO	task_tclean::MatrixCleaner::clean() 	18      0.0266651      0.0142859
2023-03-26 16:53:17	INFO	task_tclean::MatrixCleaner::clean() 	20      0.017177      0.0154228
2023-03-26 16:53:17	INFO	task_tclean::MatrixCleaner::clean() 	  0    0
2023-03-26 16:53:17	INFO	task_tclean::MatrixCleaner::clean() 	  1    0
2023-03-26 16:53:17	INFO	task_tclean::MatrixCleaner::clean() 	  2    0.00107047
2023-03-26 16:53:17	INFO	task_tclean::MatrixCleaner::clean() 	  3    0.00166162
2023-03-26 16:53:17	INFO	task_tclean::MatrixCleaner::clean() 	  4    0.0126907
2023-03-26 16:53:17	INFO	task_tclean::MatrixCleaner::clean() 	Failed to reach stopping threshold
2023-03-26 16:53:18	INFO	task_tclean::SDAlgorithmBase::deconvolve 	[/lustre/cv/users/jspeedie/data/images_lines/SO/v11_robust0.5/ABAur_SO.clean:C6] iters=100->120 [20], model=0->0.0154227, peakres=0.0114894->0.0100986, Reached cycleniter.
2023-03-26 16:53:18	INFO	task_tclean::MatrixCleaner::validatePsf() 	Peak of PSF = 1 at [1024, 1024]
2023-03-26 16:53:18	INFO	task_tclean::MatrixCleaner::makePsfScales() 	Calculating convolutions for scale 0
2023-03-26 16:53:19	INFO	task_tclean::MatrixCleaner::makePsfScales() 	Calculating convolutions for scale 1
2023-03-26 16:53:19	INFO	task_tclean::MatrixCleaner::makePsfScales() 	Calculating convolutions for scale 2
2023-03-26 16:53:19	INFO	task_tclean::MatrixCleaner::makePsfScales() 	Calculating convolutions for scale 3
2023-03-26 16:53:20	INFO	task_tclean::MatrixCleaner::makePsfScales() 	Calculating convolutions for scale 4
2023-03-26 16:53:20	INFO	task_tclean::MatrixCleaner::makeScaleMasks() 	Calculating mask convolution for scale 0
2023-03-26 16:53:20	INFO	task_tclean::MatrixCleaner::makeScaleMasks() 	Calculating mask convolution for scale 1
2023-03-26 16:53:20	INFO	task_tclean::MatrixCleaner::makeScaleMasks() 	Calculating mask convolution for scale 2
2023-03-26 16:53:20	INFO	task_tclean::MatrixCleaner::makeScaleMasks() 	Calculating mask convolution for scale 3
2023-03-26 16:53:20	INFO	task_tclean::MatrixCleaner::makeScaleMasks() 	Calculating mask convolution for scale 4
2023-03-26 16:53:21	INFO	task_tclean::MatrixCleaner::clean() 	scale 1 = 1 pixels with bias = 1
2023-03-26 16:53:21	INFO	task_tclean::MatrixCleaner::clean() 	scale 2 = 5 pixels with bias = 1
2023-03-26 16:53:21	INFO	task_tclean::MatrixCleaner::clean() 	scale 3 = 15 pixels with bias = 1
2023-03-26 16:53:21	INFO	task_tclean::MatrixCleaner::clean() 	scale 4 = 30 pixels with bias = 1
2023-03-26 16:53:21	INFO	task_tclean::MatrixCleaner::clean() 	scale 5 = 50 pixels with bias = 1
2023-03-26 16:53:21	INFO	task_tclean::MatrixCleaner::clean() 	Cleaning using given mask
2023-03-26 16:53:21	INFO	task_tclean::MatrixCleaner::clean() 	Cleaning pixels with mask values above 0.9
2023-03-26 16:53:21	INFO	task_tclean::MatrixCleaner::clean() 	Starting iteration
2023-03-26 16:53:21	INFO	task_tclean::MatrixCleaner::clean() 	Initial maximum residual is 0.0343446 within the mask 
2023-03-26 16:53:21	INFO	task_tclean::MatrixCleaner::clean() 	iteration    MaximumResidual   CleanedFlux
2023-03-26 16:53:21	INFO	task_tclean::MatrixCleaner::clean() 	2      0.0336577      0.00136005
2023-03-26 16:53:21	INFO	task_tclean::MatrixCleaner::clean() 	4      0.0323249      0.00266623
2023-03-26 16:53:22	INFO	task_tclean::MatrixCleaner::clean() 	6      0.0310448      0.0039207
2023-03-26 16:53:22	INFO	task_tclean::MatrixCleaner::clean() 	8      0.0298154      0.00512548
2023-03-26 16:53:22	INFO	task_tclean::MatrixCleaner::clean() 	10      0.0286347      0.00628256
2023-03-26 16:53:22	INFO	task_tclean::MatrixCleaner::clean() 	12      0.0275008      0.00739382
2023-03-26 16:53:22	INFO	task_tclean::MatrixCleaner::clean() 	14      0.0268099      0.00846903
2023-03-26 16:53:23	INFO	task_tclean::MatrixCleaner::clean() 	16      0.0262806      0.00952302
2023-03-26 16:53:23	INFO	task_tclean::MatrixCleaner::clean() 	18      0.0257617      0.0105562
2023-03-26 16:53:23	INFO	task_tclean::MatrixCleaner::clean() 	20      0.0252543      0.011569
2023-03-26 16:53:23	INFO	task_tclean::MatrixCleaner::clean() 	  0    0
2023-03-26 16:53:23	INFO	task_tclean::MatrixCleaner::clean() 	  1    0
2023-03-26 16:53:23	INFO	task_tclean::MatrixCleaner::clean() 	  2    0
2023-03-26 16:53:23	INFO	task_tclean::MatrixCleaner::clean() 	  3    0.011569
2023-03-26 16:53:23	INFO	task_tclean::MatrixCleaner::clean() 	  4    0
2023-03-26 16:53:23	INFO	task_tclean::MatrixCleaner::clean() 	Failed to reach stopping threshold
2023-03-26 16:53:23	INFO	task_tclean::SDAlgorithmBase::deconvolve 	[/lustre/cv/users/jspeedie/data/images_lines/SO/v11_robust0.5/ABAur_SO.clean:C7] iters=120->140 [20], model=0->0.011569, peakres=0.0104478->0.00923342, Reached cyclethreshold.
2023-03-26 16:53:24	INFO	task_tclean::SDAlgorithmBase::deconvolve 	[/lustre/cv/users/jspeedie/data/images_lines/SO/v11_robust0.5/ABAur_SO.clean:C8] iters=140->140 [0], model=0->0, peakres=0.00903795->0.00903795, Reached cyclethreshold.
2023-03-26 16:53:24	INFO	task_tclean::MatrixCleaner::validatePsf() 	Peak of PSF = 1 at [1024, 1024]
2023-03-26 16:53:24	INFO	task_tclean::MatrixCleaner::makePsfScales() 	Calculating convolutions for scale 0
2023-03-26 16:53:25	INFO	task_tclean::MatrixCleaner::makePsfScales() 	Calculating convolutions for scale 1
2023-03-26 16:53:25	INFO	task_tclean::MatrixCleaner::makePsfScales() 	Calculating convolutions for scale 2
2023-03-26 16:53:25	INFO	task_tclean::MatrixCleaner::makePsfScales() 	Calculating convolutions for scale 3
2023-03-26 16:53:26	INFO	task_tclean::MatrixCleaner::makePsfScales() 	Calculating convolutions for scale 4
2023-03-26 16:53:26	INFO	task_tclean::MatrixCleaner::makeScaleMasks() 	Calculating mask convolution for scale 0
2023-03-26 16:53:26	INFO	task_tclean::MatrixCleaner::makeScaleMasks() 	Calculating mask convolution for scale 1
2023-03-26 16:53:26	INFO	task_tclean::MatrixCleaner::makeScaleMasks() 	Calculating mask convolution for scale 2
2023-03-26 16:53:26	INFO	task_tclean::MatrixCleaner::makeScaleMasks() 	Calculating mask convolution for scale 3
2023-03-26 16:53:26	INFO	task_tclean::MatrixCleaner::makeScaleMasks() 	Calculating mask convolution for scale 4
2023-03-26 16:53:27	INFO	task_tclean::MatrixCleaner::clean() 	scale 1 = 1 pixels with bias = 1
2023-03-26 16:53:27	INFO	task_tclean::MatrixCleaner::clean() 	scale 2 = 5 pixels with bias = 1
2023-03-26 16:53:27	INFO	task_tclean::MatrixCleaner::clean() 	scale 3 = 15 pixels with bias = 1
2023-03-26 16:53:27	INFO	task_tclean::MatrixCleaner::clean() 	scale 4 = 30 pixels with bias = 1
2023-03-26 16:53:27	INFO	task_tclean::MatrixCleaner::clean() 	scale 5 = 50 pixels with bias = 1
2023-03-26 16:53:27	INFO	task_tclean::MatrixCleaner::clean() 	Cleaning using given mask
2023-03-26 16:53:27	INFO	task_tclean::MatrixCleaner::clean() 	Cleaning pixels with mask values above 0.9
2023-03-26 16:53:27	INFO	task_tclean::MatrixCleaner::clean() 	Starting iteration
2023-03-26 16:53:27	INFO	task_tclean::MatrixCleaner::clean() 	Initial maximum residual is 0.0501356 within the mask 
2023-03-26 16:53:27	INFO	task_tclean::MatrixCleaner::clean() 	iteration    MaximumResidual   CleanedFlux
2023-03-26 16:53:27	INFO	task_tclean::MatrixCleaner::clean() 	2      0.0491329      0.00198537
2023-03-26 16:53:27	INFO	task_tclean::MatrixCleaner::clean() 	4      0.0471872      0.00389212
2023-03-26 16:53:28	INFO	task_tclean::MatrixCleaner::clean() 	6      0.0453186      0.00572336
2023-03-26 16:53:28	INFO	task_tclean::MatrixCleaner::clean() 	8      0.043524      0.00748209
2023-03-26 16:53:28	INFO	task_tclean::MatrixCleaner::clean() 	10      0.0423604      0.00918236
2023-03-26 16:53:28	INFO	task_tclean::MatrixCleaner::clean() 	12      0.0415333      0.0108494
2023-03-26 16:53:29	INFO	task_tclean::MatrixCleaner::clean() 	14      0.0407223      0.012484
2023-03-26 16:53:29	INFO	task_tclean::MatrixCleaner::clean() 	16      0.0399272      0.0140866
2023-03-26 16:53:29	INFO	task_tclean::MatrixCleaner::clean() 	18      0.0391476      0.015658
2023-03-26 16:53:29	INFO	task_tclean::MatrixCleaner::clean() 	20      0.0383832      0.0171986
2023-03-26 16:53:29	INFO	task_tclean::MatrixCleaner::clean() 	  0    0
2023-03-26 16:53:29	INFO	task_tclean::MatrixCleaner::clean() 	  1    0
2023-03-26 16:53:29	INFO	task_tclean::MatrixCleaner::clean() 	  2    0
2023-03-26 16:53:29	INFO	task_tclean::MatrixCleaner::clean() 	  3    0
2023-03-26 16:53:29	INFO	task_tclean::MatrixCleaner::clean() 	  4    0.0171986
2023-03-26 16:53:29	INFO	task_tclean::MatrixCleaner::clean() 	Failed to reach stopping threshold
2023-03-26 16:53:29	INFO	task_tclean::SDAlgorithmBase::deconvolve 	[/lustre/cv/users/jspeedie/data/images_lines/SO/v11_robust0.5/ABAur_SO.clean:C9] iters=140->160 [20], model=0->0.0171985, peakres=0.00986587->0.00946751, Reached cycleniter.
2023-03-26 16:53:29	INFO	task_tclean::SDAlgorithmBase::deconvolve 	[/lustre/cv/users/jspeedie/data/images_lines/SO/v11_robust0.5/ABAur_SO.clean] Total model flux (over all planes) : 0.114903     Peak Residual (over all planes) : 0.0106472 in C3:P0
2023-03-26 16:53:30	INFO	task_tclean::SynthesisDeconvolver::setupDeconvolution 	Set Deconvolution Options for [/lustre/cv/users/jspeedie/data/images_lines/SO/v11_robust0.5/ABAur_SO.clean] : multiscale
2023-03-26 16:53:33	INFO	task_tclean::SynthesisDeconvolver::initMinorCycle 	 Absolute Peak residual within mask : 0.0116408, over full image : 0.0116408
2023-03-26 16:53:33	INFO	task_tclean::CubeMinorCycleAlgorithm::task 	Processing channels in range [30, 39]
2023-03-26 16:53:33	INFO	task_tclean::SDAlgorithmBase::deconvolve 	[/lustre/cv/users/jspeedie/data/images_lines/SO/v11_robust0.5/ABAur_SO.clean] Run multiscale minor-cycle on 10 chans | CycleThreshold=0.00929772, CycleNiter=20, Gain=0.02
2023-03-26 16:53:33	INFO	task_tclean::MatrixCleaner::validatePsf() 	Peak of PSF = 1 at [1024, 1024]
2023-03-26 16:53:34	INFO	task_tclean::MatrixCleaner::makePsfScales() 	Calculating convolutions for scale 0
2023-03-26 16:53:34	INFO	task_tclean::MatrixCleaner::makePsfScales() 	Calculating convolutions for scale 1
2023-03-26 16:53:35	INFO	task_tclean::MatrixCleaner::makePsfScales() 	Calculating convolutions for scale 2
2023-03-26 16:53:35	INFO	task_tclean::MatrixCleaner::makePsfScales() 	Calculating convolutions for scale 3
2023-03-26 16:53:35	INFO	task_tclean::MatrixCleaner::makePsfScales() 	Calculating convolutions for scale 4
2023-03-26 16:53:36	INFO	task_tclean::MatrixCleaner::makeScaleMasks() 	Calculating mask convolution for scale 0
2023-03-26 16:53:36	INFO	task_tclean::MatrixCleaner::makeScaleMasks() 	Calculating mask convolution for scale 1
2023-03-26 16:53:36	INFO	task_tclean::MatrixCleaner::makeScaleMasks() 	Calculating mask convolution for scale 2
2023-03-26 16:53:36	INFO	task_tclean::MatrixCleaner::makeScaleMasks() 	Calculating mask convolution for scale 3
2023-03-26 16:53:36	INFO	task_tclean::MatrixCleaner::makeScaleMasks() 	Calculating mask convolution for scale 4
2023-03-26 16:53:37	INFO	task_tclean::MatrixCleaner::clean() 	scale 1 = 1 pixels with bias = 1
2023-03-26 16:53:37	INFO	task_tclean::MatrixCleaner::clean() 	scale 2 = 5 pixels with bias = 1
2023-03-26 16:53:37	INFO	task_tclean::MatrixCleaner::clean() 	scale 3 = 15 pixels with bias = 1
2023-03-26 16:53:37	INFO	task_tclean::MatrixCleaner::clean() 	scale 4 = 30 pixels with bias = 1
2023-03-26 16:53:37	INFO	task_tclean::MatrixCleaner::clean() 	scale 5 = 50 pixels with bias = 1
2023-03-26 16:53:37	INFO	task_tclean::MatrixCleaner::clean() 	Cleaning using given mask
2023-03-26 16:53:37	INFO	task_tclean::MatrixCleaner::clean() 	Cleaning pixels with mask values above 0.9
2023-03-26 16:53:37	INFO	task_tclean::MatrixCleaner::clean() 	Starting iteration
2023-03-26 16:53:37	INFO	task_tclean::MatrixCleaner::clean() 	Initial maximum residual is 0.0535157 within the mask 
2023-03-26 16:53:37	INFO	task_tclean::MatrixCleaner::clean() 	iteration    MaximumResidual   CleanedFlux
2023-03-26 16:53:37	INFO	task_tclean::MatrixCleaner::clean() 	2      0.0524454      0.00211922
2023-03-26 16:53:37	INFO	task_tclean::MatrixCleaner::clean() 	4      0.0503686      0.00415452
2023-03-26 16:53:37	INFO	task_tclean::MatrixCleaner::clean() 	6      0.048374      0.00610923
2023-03-26 16:53:38	INFO	task_tclean::MatrixCleaner::clean() 	8      0.0464584      0.00798653
2023-03-26 16:53:38	INFO	task_tclean::MatrixCleaner::clean() 	10      0.0446186      0.00978948
2023-03-26 16:53:38	INFO	task_tclean::MatrixCleaner::clean() 	12      0.0428517      0.011521
2023-03-26 16:53:38	INFO	task_tclean::MatrixCleaner::clean() 	14      0.0411548      0.013184
2023-03-26 16:53:39	INFO	task_tclean::MatrixCleaner::clean() 	16      0.040351      0.0148078
2023-03-26 16:53:39	INFO	task_tclean::MatrixCleaner::clean() 	18      0.0105934      0.0158206
2023-03-26 16:53:39	INFO	task_tclean::MatrixCleaner::clean() 	20      0.0104705      0.0168213
2023-03-26 16:53:39	INFO	task_tclean::MatrixCleaner::clean() 	  0    0.000421278
2023-03-26 16:53:39	INFO	task_tclean::MatrixCleaner::clean() 	  1    0
2023-03-26 16:53:39	INFO	task_tclean::MatrixCleaner::clean() 	  2    0
2023-03-26 16:53:39	INFO	task_tclean::MatrixCleaner::clean() 	  3    0
2023-03-26 16:53:39	INFO	task_tclean::MatrixCleaner::clean() 	  4    0.0164001
2023-03-26 16:53:39	INFO	task_tclean::MatrixCleaner::clean() 	Failed to reach stopping threshold
2023-03-26 16:53:39	INFO	task_tclean::SDAlgorithmBase::deconvolve 	[/lustre/cv/users/jspeedie/data/images_lines/SO/v11_robust0.5/ABAur_SO.clean:C0] iters=0->20 [20], model=0->0.0168213, peakres=0.010757->0.0103828, Reached cycleniter.
2023-03-26 16:53:39	INFO	task_tclean::MatrixCleaner::validatePsf() 	Peak of PSF = 1 at [1024, 1024]
2023-03-26 16:53:40	INFO	task_tclean::MatrixCleaner::makePsfScales() 	Calculating convolutions for scale 0
2023-03-26 16:53:40	INFO	task_tclean::MatrixCleaner::makePsfScales() 	Calculating convolutions for scale 1
2023-03-26 16:53:40	INFO	task_tclean::MatrixCleaner::makePsfScales() 	Calculating convolutions for scale 2
2023-03-26 16:53:41	INFO	task_tclean::MatrixCleaner::makePsfScales() 	Calculating convolutions for scale 3
2023-03-26 16:53:41	INFO	task_tclean::MatrixCleaner::makePsfScales() 	Calculating convolutions for scale 4
2023-03-26 16:53:41	INFO	task_tclean::MatrixCleaner::makeScaleMasks() 	Calculating mask convolution for scale 0
2023-03-26 16:53:41	INFO	task_tclean::MatrixCleaner::makeScaleMasks() 	Calculating mask convolution for scale 1
2023-03-26 16:53:42	INFO	task_tclean::MatrixCleaner::makeScaleMasks() 	Calculating mask convolution for scale 2
2023-03-26 16:53:42	INFO	task_tclean::MatrixCleaner::makeScaleMasks() 	Calculating mask convolution for scale 3
2023-03-26 16:53:42	INFO	task_tclean::MatrixCleaner::makeScaleMasks() 	Calculating mask convolution for scale 4
2023-03-26 16:53:43	INFO	task_tclean::MatrixCleaner::clean() 	scale 1 = 1 pixels with bias = 1
2023-03-26 16:53:43	INFO	task_tclean::MatrixCleaner::clean() 	scale 2 = 5 pixels with bias = 1
2023-03-26 16:53:43	INFO	task_tclean::MatrixCleaner::clean() 	scale 3 = 15 pixels with bias = 1
2023-03-26 16:53:43	INFO	task_tclean::MatrixCleaner::clean() 	scale 4 = 30 pixels with bias = 1
2023-03-26 16:53:43	INFO	task_tclean::MatrixCleaner::clean() 	scale 5 = 50 pixels with bias = 1
2023-03-26 16:53:43	INFO	task_tclean::MatrixCleaner::clean() 	Cleaning using given mask
2023-03-26 16:53:43	INFO	task_tclean::MatrixCleaner::clean() 	Cleaning pixels with mask values above 0.9
2023-03-26 16:53:43	INFO	task_tclean::MatrixCleaner::clean() 	Starting iteration
2023-03-26 16:53:43	INFO	task_tclean::MatrixCleaner::clean() 	Initial maximum residual is 0.0348419 within the mask 
2023-03-26 16:53:43	INFO	task_tclean::MatrixCleaner::clean() 	iteration    MaximumResidual   CleanedFlux
2023-03-26 16:53:43	INFO	task_tclean::MatrixCleaner::clean() 	2      0.034145      0.00137974
2023-03-26 16:53:43	INFO	task_tclean::MatrixCleaner::clean() 	4      0.0327929      0.00270484
2023-03-26 16:53:43	INFO	task_tclean::MatrixCleaner::clean() 	6      0.0321482      0.00430765
2023-03-26 16:53:43	INFO	task_tclean::MatrixCleaner::clean() 	8      0.0315162      0.00587895
2023-03-26 16:53:44	INFO	task_tclean::MatrixCleaner::clean() 	10      0.0461462      0.00772577
2023-03-26 16:53:44	INFO	task_tclean::MatrixCleaner::clean() 	12      0.045239      0.00923723
2023-03-26 16:53:44	INFO	task_tclean::MatrixCleaner::clean() 	14      0.0443551      0.0110141
2023-03-26 16:53:44	INFO	task_tclean::MatrixCleaner::clean() 	16      0.0434886      0.0127563
2023-03-26 16:53:44	INFO	task_tclean::MatrixCleaner::clean() 	18      0.0286331      0.0139027
2023-03-26 16:53:45	INFO	task_tclean::MatrixCleaner::clean() 	20      0.0419372      0.0155816
2023-03-26 16:53:45	INFO	task_tclean::MatrixCleaner::clean() 	  0    0
2023-03-26 16:53:45	INFO	task_tclean::MatrixCleaner::clean() 	  1    0
2023-03-26 16:53:45	INFO	task_tclean::MatrixCleaner::clean() 	  2    0
2023-03-26 16:53:45	INFO	task_tclean::MatrixCleaner::clean() 	  3    0.00573119
2023-03-26 16:53:45	INFO	task_tclean::MatrixCleaner::clean() 	  4    0.00985039
2023-03-26 16:53:45	INFO	task_tclean::MatrixCleaner::clean() 	Failed to reach stopping threshold
2023-03-26 16:53:45	INFO	task_tclean::SDAlgorithmBase::deconvolve 	[/lustre/cv/users/jspeedie/data/images_lines/SO/v11_robust0.5/ABAur_SO.clean:C1] iters=20->40 [20], model=0->0.0155815, peakres=0.0116408->0.0103755, Reached cycleniter.
2023-03-26 16:53:45	INFO	task_tclean::MatrixCleaner::validatePsf() 	Peak of PSF = 1 at [1024, 1024]
2023-03-26 16:53:45	INFO	task_tclean::MatrixCleaner::makePsfScales() 	Calculating convolutions for scale 0
2023-03-26 16:53:46	INFO	task_tclean::MatrixCleaner::makePsfScales() 	Calculating convolutions for scale 1
2023-03-26 16:53:46	INFO	task_tclean::MatrixCleaner::makePsfScales() 	Calculating convolutions for scale 2
2023-03-26 16:53:47	INFO	task_tclean::MatrixCleaner::makePsfScales() 	Calculating convolutions for scale 3
2023-03-26 16:53:47	INFO	task_tclean::MatrixCleaner::makePsfScales() 	Calculating convolutions for scale 4
2023-03-26 16:53:47	INFO	task_tclean::MatrixCleaner::makeScaleMasks() 	Calculating mask convolution for scale 0
2023-03-26 16:53:47	INFO	task_tclean::MatrixCleaner::makeScaleMasks() 	Calculating mask convolution for scale 1
2023-03-26 16:53:47	INFO	task_tclean::MatrixCleaner::makeScaleMasks() 	Calculating mask convolution for scale 2
2023-03-26 16:53:47	INFO	task_tclean::MatrixCleaner::makeScaleMasks() 	Calculating mask convolution for scale 3
2023-03-26 16:53:48	INFO	task_tclean::MatrixCleaner::makeScaleMasks() 	Calculating mask convolution for scale 4
2023-03-26 16:53:48	INFO	task_tclean::MatrixCleaner::clean() 	scale 1 = 1 pixels with bias = 1
2023-03-26 16:53:48	INFO	task_tclean::MatrixCleaner::clean() 	scale 2 = 5 pixels with bias = 1
2023-03-26 16:53:48	INFO	task_tclean::MatrixCleaner::clean() 	scale 3 = 15 pixels with bias = 1
2023-03-26 16:53:48	INFO	task_tclean::MatrixCleaner::clean() 	scale 4 = 30 pixels with bias = 1
2023-03-26 16:53:48	INFO	task_tclean::MatrixCleaner::clean() 	scale 5 = 50 pixels with bias = 1
2023-03-26 16:53:48	INFO	task_tclean::MatrixCleaner::clean() 	Cleaning using given mask
2023-03-26 16:53:48	INFO	task_tclean::MatrixCleaner::clean() 	Cleaning pixels with mask values above 0.9
2023-03-26 16:53:48	INFO	task_tclean::MatrixCleaner::clean() 	Starting iteration
2023-03-26 16:53:48	INFO	task_tclean::MatrixCleaner::clean() 	Initial maximum residual is 0.0496122 within the mask 
2023-03-26 16:53:48	INFO	task_tclean::MatrixCleaner::clean() 	iteration    MaximumResidual   CleanedFlux
2023-03-26 16:53:49	INFO	task_tclean::MatrixCleaner::clean() 	2      0.04862      0.00196464
2023-03-26 16:53:49	INFO	task_tclean::MatrixCleaner::clean() 	4      0.0466956      0.00385151
2023-03-26 16:53:49	INFO	task_tclean::MatrixCleaner::clean() 	6      0.0448473      0.0056637
2023-03-26 16:53:49	INFO	task_tclean::MatrixCleaner::clean() 	8      0.0430723      0.00740416
2023-03-26 16:53:49	INFO	task_tclean::MatrixCleaner::clean() 	10      0.0422317      0.00910137
2023-03-26 16:53:50	INFO	task_tclean::MatrixCleaner::clean() 	12      0.0277736      0.0104928
2023-03-26 16:53:50	INFO	task_tclean::MatrixCleaner::clean() 	14      0.0406731      0.0121257
2023-03-26 16:53:50	INFO	task_tclean::MatrixCleaner::clean() 	16      0.0267414      0.013464
2023-03-26 16:53:50	INFO	task_tclean::MatrixCleaner::clean() 	18      0.0391714      0.0150351
2023-03-26 16:53:50	INFO	task_tclean::MatrixCleaner::clean() 	20      0.0257474      0.0163223
2023-03-26 16:53:51	INFO	task_tclean::MatrixCleaner::clean() 	  0    0
2023-03-26 16:53:51	INFO	task_tclean::MatrixCleaner::clean() 	  1    0
2023-03-26 16:53:51	INFO	task_tclean::MatrixCleaner::clean() 	  2    0
2023-03-26 16:53:51	INFO	task_tclean::MatrixCleaner::clean() 	  3    0.00160525
2023-03-26 16:53:51	INFO	task_tclean::MatrixCleaner::clean() 	  4    0.0147171
2023-03-26 16:53:51	INFO	task_tclean::MatrixCleaner::clean() 	Failed to reach stopping threshold
2023-03-26 16:53:51	INFO	task_tclean::SDAlgorithmBase::deconvolve 	[/lustre/cv/users/jspeedie/data/images_lines/SO/v11_robust0.5/ABAur_SO.clean:C2] iters=40->60 [20], model=0->0.0163223, peakres=0.0110307->0.00954813, Reached cycleniter.
2023-03-26 16:53:51	INFO	task_tclean::MatrixCleaner::validatePsf() 	Peak of PSF = 1 at [1024, 1024]
2023-03-26 16:53:51	INFO	task_tclean::MatrixCleaner::makePsfScales() 	Calculating convolutions for scale 0
2023-03-26 16:53:52	INFO	task_tclean::MatrixCleaner::makePsfScales() 	Calculating convolutions for scale 1
2023-03-26 16:53:52	INFO	task_tclean::MatrixCleaner::makePsfScales() 	Calculating convolutions for scale 2
2023-03-26 16:53:52	INFO	task_tclean::MatrixCleaner::makePsfScales() 	Calculating convolutions for scale 3
2023-03-26 16:53:53	INFO	task_tclean::MatrixCleaner::makePsfScales() 	Calculating convolutions for scale 4
2023-03-26 16:53:53	INFO	task_tclean::MatrixCleaner::makeScaleMasks() 	Calculating mask convolution for scale 0
2023-03-26 16:53:53	INFO	task_tclean::MatrixCleaner::makeScaleMasks() 	Calculating mask convolution for scale 1
2023-03-26 16:53:53	INFO	task_tclean::MatrixCleaner::makeScaleMasks() 	Calculating mask convolution for scale 2
2023-03-26 16:53:53	INFO	task_tclean::MatrixCleaner::makeScaleMasks() 	Calculating mask convolution for scale 3
2023-03-26 16:53:53	INFO	task_tclean::MatrixCleaner::makeScaleMasks() 	Calculating mask convolution for scale 4
2023-03-26 16:53:54	INFO	task_tclean::MatrixCleaner::clean() 	scale 1 = 1 pixels with bias = 1
2023-03-26 16:53:54	INFO	task_tclean::MatrixCleaner::clean() 	scale 2 = 5 pixels with bias = 1
2023-03-26 16:53:54	INFO	task_tclean::MatrixCleaner::clean() 	scale 3 = 15 pixels with bias = 1
2023-03-26 16:53:54	INFO	task_tclean::MatrixCleaner::clean() 	scale 4 = 30 pixels with bias = 1
2023-03-26 16:53:54	INFO	task_tclean::MatrixCleaner::clean() 	scale 5 = 50 pixels with bias = 1
2023-03-26 16:53:54	INFO	task_tclean::MatrixCleaner::clean() 	Cleaning using given mask
2023-03-26 16:53:54	INFO	task_tclean::MatrixCleaner::clean() 	Cleaning pixels with mask values above 0.9
2023-03-26 16:53:54	INFO	task_tclean::MatrixCleaner::clean() 	Starting iteration
2023-03-26 16:53:54	INFO	task_tclean::MatrixCleaner::clean() 	Initial maximum residual is 0.0331463 within the mask 
2023-03-26 16:53:54	INFO	task_tclean::MatrixCleaner::clean() 	iteration    MaximumResidual   CleanedFlux
2023-03-26 16:53:54	INFO	task_tclean::MatrixCleaner::clean() 	2      0.0324834      0.00131259
2023-03-26 16:53:55	INFO	task_tclean::MatrixCleaner::clean() 	4      0.031197      0.00257321
2023-03-26 16:53:55	INFO	task_tclean::MatrixCleaner::clean() 	6      0.0299616      0.0037839
2023-03-26 16:53:55	INFO	task_tclean::MatrixCleaner::clean() 	8      0.0287751      0.00494665
2023-03-26 16:53:55	INFO	task_tclean::MatrixCleaner::clean() 	10      0.0421224      0.00664009
2023-03-26 16:53:55	INFO	task_tclean::MatrixCleaner::clean() 	12      0.0277143      0.00802872
2023-03-26 16:53:56	INFO	task_tclean::MatrixCleaner::clean() 	14      0.0405771      0.00965819
2023-03-26 16:53:56	INFO	task_tclean::MatrixCleaner::clean() 	16      0.0266924      0.010994
2023-03-26 16:53:56	INFO	task_tclean::MatrixCleaner::clean() 	18      0.0390886      0.0125619
2023-03-26 16:53:56	INFO	task_tclean::MatrixCleaner::clean() 	20      0.0257081      0.0138468
2023-03-26 16:53:56	INFO	task_tclean::MatrixCleaner::clean() 	  0    0
2023-03-26 16:53:56	INFO	task_tclean::MatrixCleaner::clean() 	  1    0
2023-03-26 16:53:56	INFO	task_tclean::MatrixCleaner::clean() 	  2    0
2023-03-26 16:53:56	INFO	task_tclean::MatrixCleaner::clean() 	  3    0.00654894
2023-03-26 16:53:56	INFO	task_tclean::MatrixCleaner::clean() 	  4    0.0072979
2023-03-26 16:53:56	INFO	task_tclean::MatrixCleaner::clean() 	Failed to reach stopping threshold
2023-03-26 16:53:56	INFO	task_tclean::SDAlgorithmBase::deconvolve 	[/lustre/cv/users/jspeedie/data/images_lines/SO/v11_robust0.5/ABAur_SO.clean:C3] iters=60->80 [20], model=0->0.0138468, peakres=0.00967384->0.00902032, Reached cyclethreshold.
2023-03-26 16:53:57	INFO	task_tclean::MatrixCleaner::validatePsf() 	Peak of PSF = 1 at [1024, 1024]
2023-03-26 16:53:57	INFO	task_tclean::MatrixCleaner::makePsfScales() 	Calculating convolutions for scale 0
2023-03-26 16:53:57	INFO	task_tclean::MatrixCleaner::makePsfScales() 	Calculating convolutions for scale 1
2023-03-26 16:53:58	INFO	task_tclean::MatrixCleaner::makePsfScales() 	Calculating convolutions for scale 2
2023-03-26 16:53:58	INFO	task_tclean::MatrixCleaner::makePsfScales() 	Calculating convolutions for scale 3
2023-03-26 16:53:59	INFO	task_tclean::MatrixCleaner::makePsfScales() 	Calculating convolutions for scale 4
2023-03-26 16:53:59	INFO	task_tclean::MatrixCleaner::makeScaleMasks() 	Calculating mask convolution for scale 0
2023-03-26 16:53:59	INFO	task_tclean::MatrixCleaner::makeScaleMasks() 	Calculating mask convolution for scale 1
2023-03-26 16:53:59	INFO	task_tclean::MatrixCleaner::makeScaleMasks() 	Calculating mask convolution for scale 2
2023-03-26 16:53:59	INFO	task_tclean::MatrixCleaner::makeScaleMasks() 	Calculating mask convolution for scale 3
2023-03-26 16:53:59	INFO	task_tclean::MatrixCleaner::makeScaleMasks() 	Calculating mask convolution for scale 4
2023-03-26 16:54:00	INFO	task_tclean::MatrixCleaner::clean() 	scale 1 = 1 pixels with bias = 1
2023-03-26 16:54:00	INFO	task_tclean::MatrixCleaner::clean() 	scale 2 = 5 pixels with bias = 1
2023-03-26 16:54:00	INFO	task_tclean::MatrixCleaner::clean() 	scale 3 = 15 pixels with bias = 1
2023-03-26 16:54:00	INFO	task_tclean::MatrixCleaner::clean() 	scale 4 = 30 pixels with bias = 1
2023-03-26 16:54:00	INFO	task_tclean::MatrixCleaner::clean() 	scale 5 = 50 pixels with bias = 1
2023-03-26 16:54:00	INFO	task_tclean::MatrixCleaner::clean() 	Cleaning using given mask
2023-03-26 16:54:00	INFO	task_tclean::MatrixCleaner::clean() 	Cleaning pixels with mask values above 0.9
2023-03-26 16:54:00	INFO	task_tclean::MatrixCleaner::clean() 	Starting iteration
2023-03-26 16:54:00	INFO	task_tclean::MatrixCleaner::clean() 	Initial maximum residual is 0.0524939 within the mask 
2023-03-26 16:54:00	INFO	task_tclean::MatrixCleaner::clean() 	iteration    MaximumResidual   CleanedFlux
2023-03-26 16:54:00	INFO	task_tclean::MatrixCleaner::clean() 	2      0.0514441      0.00207876
2023-03-26 16:54:00	INFO	task_tclean::MatrixCleaner::clean() 	4      0.0494069      0.0040752
2023-03-26 16:54:01	INFO	task_tclean::MatrixCleaner::clean() 	6      0.0474504      0.00599258
2023-03-26 16:54:01	INFO	task_tclean::MatrixCleaner::clean() 	8      0.0455717      0.00783404
2023-03-26 16:54:01	INFO	task_tclean::MatrixCleaner::clean() 	10      0.0437678      0.00960261
2023-03-26 16:54:01	INFO	task_tclean::MatrixCleaner::clean() 	12      0.0420354      0.0113012
2023-03-26 16:54:01	INFO	task_tclean::MatrixCleaner::clean() 	14      0.0403715      0.0129325
2023-03-26 16:54:02	INFO	task_tclean::MatrixCleaner::clean() 	16      0.0387735      0.0144993
2023-03-26 16:54:02	INFO	task_tclean::MatrixCleaner::clean() 	18      0.0372387      0.016004
2023-03-26 16:54:02	INFO	task_tclean::MatrixCleaner::clean() 	20      0.0357647      0.0174492
2023-03-26 16:54:02	INFO	task_tclean::MatrixCleaner::clean() 	  0    0
2023-03-26 16:54:02	INFO	task_tclean::MatrixCleaner::clean() 	  1    0
2023-03-26 16:54:02	INFO	task_tclean::MatrixCleaner::clean() 	  2    0
2023-03-26 16:54:02	INFO	task_tclean::MatrixCleaner::clean() 	  3    0
2023-03-26 16:54:02	INFO	task_tclean::MatrixCleaner::clean() 	  4    0.0174492
2023-03-26 16:54:02	INFO	task_tclean::MatrixCleaner::clean() 	Failed to reach stopping threshold
2023-03-26 16:54:02	INFO	task_tclean::SDAlgorithmBase::deconvolve 	[/lustre/cv/users/jspeedie/data/images_lines/SO/v11_robust0.5/ABAur_SO.clean:C4] iters=80->100 [20], model=0->0.0174491, peakres=0.00970293->0.00905489, Reached cyclethreshold.
2023-03-26 16:54:02	INFO	task_tclean::MatrixCleaner::validatePsf() 	Peak of PSF = 1 at [1024, 1024]
2023-03-26 16:54:03	INFO	task_tclean::MatrixCleaner::makePsfScales() 	Calculating convolutions for scale 0
2023-03-26 16:54:03	INFO	task_tclean::MatrixCleaner::makePsfScales() 	Calculating convolutions for scale 1
2023-03-26 16:54:04	INFO	task_tclean::MatrixCleaner::makePsfScales() 	Calculating convolutions for scale 2
2023-03-26 16:54:04	INFO	task_tclean::MatrixCleaner::makePsfScales() 	Calculating convolutions for scale 3
2023-03-26 16:54:04	INFO	task_tclean::MatrixCleaner::makePsfScales() 	Calculating convolutions for scale 4
2023-03-26 16:54:05	INFO	task_tclean::MatrixCleaner::makeScaleMasks() 	Calculating mask convolution for scale 0
2023-03-26 16:54:05	INFO	task_tclean::MatrixCleaner::makeScaleMasks() 	Calculating mask convolution for scale 1
2023-03-26 16:54:05	INFO	task_tclean::MatrixCleaner::makeScaleMasks() 	Calculating mask convolution for scale 2
2023-03-26 16:54:05	INFO	task_tclean::MatrixCleaner::makeScaleMasks() 	Calculating mask convolution for scale 3
2023-03-26 16:54:05	INFO	task_tclean::MatrixCleaner::makeScaleMasks() 	Calculating mask convolution for scale 4
2023-03-26 16:54:06	INFO	task_tclean::MatrixCleaner::clean() 	scale 1 = 1 pixels with bias = 1
2023-03-26 16:54:06	INFO	task_tclean::MatrixCleaner::clean() 	scale 2 = 5 pixels with bias = 1
2023-03-26 16:54:06	INFO	task_tclean::MatrixCleaner::clean() 	scale 3 = 15 pixels with bias = 1
2023-03-26 16:54:06	INFO	task_tclean::MatrixCleaner::clean() 	scale 4 = 30 pixels with bias = 1
2023-03-26 16:54:06	INFO	task_tclean::MatrixCleaner::clean() 	scale 5 = 50 pixels with bias = 1
2023-03-26 16:54:06	INFO	task_tclean::MatrixCleaner::clean() 	Cleaning using given mask
2023-03-26 16:54:06	INFO	task_tclean::MatrixCleaner::clean() 	Cleaning pixels with mask values above 0.9
2023-03-26 16:54:06	INFO	task_tclean::MatrixCleaner::clean() 	Starting iteration
2023-03-26 16:54:06	INFO	task_tclean::MatrixCleaner::clean() 	Initial maximum residual is 0.047955 within the mask 
2023-03-26 16:54:06	INFO	task_tclean::MatrixCleaner::clean() 	iteration    MaximumResidual   CleanedFlux
2023-03-26 16:54:06	INFO	task_tclean::MatrixCleaner::clean() 	2      0.0469959      0.00189902
2023-03-26 16:54:06	INFO	task_tclean::MatrixCleaner::clean() 	4      0.0451348      0.00372283
2023-03-26 16:54:07	INFO	task_tclean::MatrixCleaner::clean() 	6      0.0433475      0.00547442
2023-03-26 16:54:07	INFO	task_tclean::MatrixCleaner::clean() 	8      0.0425014      0.00719057
2023-03-26 16:54:07	INFO	task_tclean::MatrixCleaner::clean() 	10      0.0416719      0.00887322
2023-03-26 16:54:07	INFO	task_tclean::MatrixCleaner::clean() 	12      0.0408585      0.010523
2023-03-26 16:54:07	INFO	task_tclean::MatrixCleaner::clean() 	14      0.0400611      0.0121406
2023-03-26 16:54:08	INFO	task_tclean::MatrixCleaner::clean() 	16      0.0392791      0.0137266
2023-03-26 16:54:08	INFO	task_tclean::MatrixCleaner::clean() 	18      0.0385125      0.0152817
2023-03-26 16:54:08	INFO	task_tclean::MatrixCleaner::clean() 	20      0.0377608      0.0168063
2023-03-26 16:54:08	INFO	task_tclean::MatrixCleaner::clean() 	  0    0
2023-03-26 16:54:08	INFO	task_tclean::MatrixCleaner::clean() 	  1    0
2023-03-26 16:54:08	INFO	task_tclean::MatrixCleaner::clean() 	  2    0
2023-03-26 16:54:08	INFO	task_tclean::MatrixCleaner::clean() 	  3    0
2023-03-26 16:54:08	INFO	task_tclean::MatrixCleaner::clean() 	  4    0.0168063
2023-03-26 16:54:08	INFO	task_tclean::MatrixCleaner::clean() 	Failed to reach stopping threshold
2023-03-26 16:54:08	INFO	task_tclean::SDAlgorithmBase::deconvolve 	[/lustre/cv/users/jspeedie/data/images_lines/SO/v11_robust0.5/ABAur_SO.clean:C5] iters=100->120 [20], model=0->0.0168063, peakres=0.0103269->0.00914271, Reached cyclethreshold.
2023-03-26 16:54:08	INFO	task_tclean::MatrixCleaner::validatePsf() 	Peak of PSF = 1 at [1024, 1024]
2023-03-26 16:54:09	INFO	task_tclean::MatrixCleaner::makePsfScales() 	Calculating convolutions for scale 0
2023-03-26 16:54:09	INFO	task_tclean::MatrixCleaner::makePsfScales() 	Calculating convolutions for scale 1
2023-03-26 16:54:10	INFO	task_tclean::MatrixCleaner::makePsfScales() 	Calculating convolutions for scale 2
2023-03-26 16:54:10	INFO	task_tclean::MatrixCleaner::makePsfScales() 	Calculating convolutions for scale 3
2023-03-26 16:54:10	INFO	task_tclean::MatrixCleaner::makePsfScales() 	Calculating convolutions for scale 4
2023-03-26 16:54:10	INFO	task_tclean::MatrixCleaner::makeScaleMasks() 	Calculating mask convolution for scale 0
2023-03-26 16:54:11	INFO	task_tclean::MatrixCleaner::makeScaleMasks() 	Calculating mask convolution for scale 1
2023-03-26 16:54:11	INFO	task_tclean::MatrixCleaner::makeScaleMasks() 	Calculating mask convolution for scale 2
2023-03-26 16:54:11	INFO	task_tclean::MatrixCleaner::makeScaleMasks() 	Calculating mask convolution for scale 3
2023-03-26 16:54:11	INFO	task_tclean::MatrixCleaner::makeScaleMasks() 	Calculating mask convolution for scale 4
2023-03-26 16:54:12	INFO	task_tclean::MatrixCleaner::clean() 	scale 1 = 1 pixels with bias = 1
2023-03-26 16:54:12	INFO	task_tclean::MatrixCleaner::clean() 	scale 2 = 5 pixels with bias = 1
2023-03-26 16:54:12	INFO	task_tclean::MatrixCleaner::clean() 	scale 3 = 15 pixels with bias = 1
2023-03-26 16:54:12	INFO	task_tclean::MatrixCleaner::clean() 	scale 4 = 30 pixels with bias = 1
2023-03-26 16:54:12	INFO	task_tclean::MatrixCleaner::clean() 	scale 5 = 50 pixels with bias = 1
2023-03-26 16:54:12	INFO	task_tclean::MatrixCleaner::clean() 	Cleaning using given mask
2023-03-26 16:54:12	INFO	task_tclean::MatrixCleaner::clean() 	Cleaning pixels with mask values above 0.9
2023-03-26 16:54:12	INFO	task_tclean::MatrixCleaner::clean() 	Starting iteration
2023-03-26 16:54:12	INFO	task_tclean::MatrixCleaner::clean() 	Initial maximum residual is 0.0504767 within the mask 
2023-03-26 16:54:12	INFO	task_tclean::MatrixCleaner::clean() 	iteration    MaximumResidual   CleanedFlux
2023-03-26 16:54:12	INFO	task_tclean::MatrixCleaner::clean() 	2      0.0494672      0.00199888
2023-03-26 16:54:12	INFO	task_tclean::MatrixCleaner::clean() 	4      0.0475083      0.0039186
2023-03-26 16:54:12	INFO	task_tclean::MatrixCleaner::clean() 	6      0.045627      0.0057623
2023-03-26 16:54:13	INFO	task_tclean::MatrixCleaner::clean() 	8      0.0438201      0.007533
2023-03-26 16:54:13	INFO	task_tclean::MatrixCleaner::clean() 	10      0.0429627      0.00925403
2023-03-26 16:54:13	INFO	task_tclean::MatrixCleaner::clean() 	12      0.0421221      0.0109414
2023-03-26 16:54:13	INFO	task_tclean::MatrixCleaner::clean() 	14      0.0412979      0.0125958
2023-03-26 16:54:13	INFO	task_tclean::MatrixCleaner::clean() 	16      0.0404898      0.0142177
2023-03-26 16:54:14	INFO	task_tclean::MatrixCleaner::clean() 	18      0.0396975      0.015808
2023-03-26 16:54:14	INFO	task_tclean::MatrixCleaner::clean() 	20      0.0389208      0.0173672
2023-03-26 16:54:14	INFO	task_tclean::MatrixCleaner::clean() 	  0    0
2023-03-26 16:54:14	INFO	task_tclean::MatrixCleaner::clean() 	  1    0
2023-03-26 16:54:14	INFO	task_tclean::MatrixCleaner::clean() 	  2    0
2023-03-26 16:54:14	INFO	task_tclean::MatrixCleaner::clean() 	  3    0
2023-03-26 16:54:14	INFO	task_tclean::MatrixCleaner::clean() 	  4    0.0173672
2023-03-26 16:54:14	INFO	task_tclean::MatrixCleaner::clean() 	Failed to reach stopping threshold
2023-03-26 16:54:14	INFO	task_tclean::SDAlgorithmBase::deconvolve 	[/lustre/cv/users/jspeedie/data/images_lines/SO/v11_robust0.5/ABAur_SO.clean:C6] iters=120->140 [20], model=0->0.0173671, peakres=0.00936298->0.00939856, Reached cycleniter.
2023-03-26 16:54:14	INFO	task_tclean::SDAlgorithmBase::deconvolve 	[/lustre/cv/users/jspeedie/data/images_lines/SO/v11_robust0.5/ABAur_SO.clean:C7] iters=140->140 [0], model=0->0, peakres=0.00895146->0.00895146, Reached cyclethreshold.
2023-03-26 16:54:14	INFO	task_tclean::MatrixCleaner::validatePsf() 	Peak of PSF = 1 at [1024, 1024]
2023-03-26 16:54:15	INFO	task_tclean::MatrixCleaner::makePsfScales() 	Calculating convolutions for scale 0
2023-03-26 16:54:15	INFO	task_tclean::MatrixCleaner::makePsfScales() 	Calculating convolutions for scale 1
2023-03-26 16:54:16	INFO	task_tclean::MatrixCleaner::makePsfScales() 	Calculating convolutions for scale 2
2023-03-26 16:54:16	INFO	task_tclean::MatrixCleaner::makePsfScales() 	Calculating convolutions for scale 3
2023-03-26 16:54:16	INFO	task_tclean::MatrixCleaner::makePsfScales() 	Calculating convolutions for scale 4
2023-03-26 16:54:16	INFO	task_tclean::MatrixCleaner::makeScaleMasks() 	Calculating mask convolution for scale 0
2023-03-26 16:54:17	INFO	task_tclean::MatrixCleaner::makeScaleMasks() 	Calculating mask convolution for scale 1
2023-03-26 16:54:17	INFO	task_tclean::MatrixCleaner::makeScaleMasks() 	Calculating mask convolution for scale 2
2023-03-26 16:54:17	INFO	task_tclean::MatrixCleaner::makeScaleMasks() 	Calculating mask convolution for scale 3
2023-03-26 16:54:17	INFO	task_tclean::MatrixCleaner::makeScaleMasks() 	Calculating mask convolution for scale 4
2023-03-26 16:54:18	INFO	task_tclean::MatrixCleaner::clean() 	scale 1 = 1 pixels with bias = 1
2023-03-26 16:54:18	INFO	task_tclean::MatrixCleaner::clean() 	scale 2 = 5 pixels with bias = 1
2023-03-26 16:54:18	INFO	task_tclean::MatrixCleaner::clean() 	scale 3 = 15 pixels with bias = 1
2023-03-26 16:54:18	INFO	task_tclean::MatrixCleaner::clean() 	scale 4 = 30 pixels with bias = 1
2023-03-26 16:54:18	INFO	task_tclean::MatrixCleaner::clean() 	scale 5 = 50 pixels with bias = 1
2023-03-26 16:54:18	INFO	task_tclean::MatrixCleaner::clean() 	Cleaning using given mask
2023-03-26 16:54:18	INFO	task_tclean::MatrixCleaner::clean() 	Cleaning pixels with mask values above 0.9
2023-03-26 16:54:18	INFO	task_tclean::MatrixCleaner::clean() 	Starting iteration
2023-03-26 16:54:18	INFO	task_tclean::MatrixCleaner::clean() 	Initial maximum residual is 0.048684 within the mask 
2023-03-26 16:54:18	INFO	task_tclean::MatrixCleaner::clean() 	iteration    MaximumResidual   CleanedFlux
2023-03-26 16:54:18	INFO	task_tclean::MatrixCleaner::clean() 	2      0.0477103      0.00192789
2023-03-26 16:54:18	INFO	task_tclean::MatrixCleaner::clean() 	4      0.045821      0.00377943
2023-03-26 16:54:18	INFO	task_tclean::MatrixCleaner::clean() 	6      0.0449141      0.00557613
2023-03-26 16:54:19	INFO	task_tclean::MatrixCleaner::clean() 	8      0.0440251      0.00733728
2023-03-26 16:54:19	INFO	task_tclean::MatrixCleaner::clean() 	10      0.0431537      0.00906357
2023-03-26 16:54:19	INFO	task_tclean::MatrixCleaner::clean() 	12      0.0422996      0.0107557
2023-03-26 16:54:19	INFO	task_tclean::MatrixCleaner::clean() 	14      0.0414624      0.0124143
2023-03-26 16:54:19	INFO	task_tclean::MatrixCleaner::clean() 	16      0.0406417      0.0140402
2023-03-26 16:54:20	INFO	task_tclean::MatrixCleaner::clean() 	18      0.0398373      0.0156338
2023-03-26 16:54:20	INFO	task_tclean::MatrixCleaner::clean() 	20      0.0390488      0.0171959
2023-03-26 16:54:20	INFO	task_tclean::MatrixCleaner::clean() 	  0    0
2023-03-26 16:54:20	INFO	task_tclean::MatrixCleaner::clean() 	  1    0
2023-03-26 16:54:20	INFO	task_tclean::MatrixCleaner::clean() 	  2    0
2023-03-26 16:54:20	INFO	task_tclean::MatrixCleaner::clean() 	  3    0
2023-03-26 16:54:20	INFO	task_tclean::MatrixCleaner::clean() 	  4    0.0171959
2023-03-26 16:54:20	INFO	task_tclean::MatrixCleaner::clean() 	Failed to reach stopping threshold
2023-03-26 16:54:20	INFO	task_tclean::SDAlgorithmBase::deconvolve 	[/lustre/cv/users/jspeedie/data/images_lines/SO/v11_robust0.5/ABAur_SO.clean:C8] iters=140->160 [20], model=0->0.0171959, peakres=0.00930912->0.00930195, Reached cycleniter.
2023-03-26 16:54:20	INFO	task_tclean::MatrixCleaner::validatePsf() 	Peak of PSF = 1 at [1024, 1024]
2023-03-26 16:54:21	INFO	task_tclean::MatrixCleaner::makePsfScales() 	Calculating convolutions for scale 0
2023-03-26 16:54:21	INFO	task_tclean::MatrixCleaner::makePsfScales() 	Calculating convolutions for scale 1
2023-03-26 16:54:22	INFO	task_tclean::MatrixCleaner::makePsfScales() 	Calculating convolutions for scale 2
2023-03-26 16:54:22	INFO	task_tclean::MatrixCleaner::makePsfScales() 	Calculating convolutions for scale 3
2023-03-26 16:54:22	INFO	task_tclean::MatrixCleaner::makePsfScales() 	Calculating convolutions for scale 4
2023-03-26 16:54:22	INFO	task_tclean::MatrixCleaner::makeScaleMasks() 	Calculating mask convolution for scale 0
2023-03-26 16:54:22	INFO	task_tclean::MatrixCleaner::makeScaleMasks() 	Calculating mask convolution for scale 1
2023-03-26 16:54:23	INFO	task_tclean::MatrixCleaner::makeScaleMasks() 	Calculating mask convolution for scale 2
2023-03-26 16:54:23	INFO	task_tclean::MatrixCleaner::makeScaleMasks() 	Calculating mask convolution for scale 3
2023-03-26 16:54:23	INFO	task_tclean::MatrixCleaner::makeScaleMasks() 	Calculating mask convolution for scale 4
2023-03-26 16:54:24	INFO	task_tclean::MatrixCleaner::clean() 	scale 1 = 1 pixels with bias = 1
2023-03-26 16:54:24	INFO	task_tclean::MatrixCleaner::clean() 	scale 2 = 5 pixels with bias = 1
2023-03-26 16:54:24	INFO	task_tclean::MatrixCleaner::clean() 	scale 3 = 15 pixels with bias = 1
2023-03-26 16:54:24	INFO	task_tclean::MatrixCleaner::clean() 	scale 4 = 30 pixels with bias = 1
2023-03-26 16:54:24	INFO	task_tclean::MatrixCleaner::clean() 	scale 5 = 50 pixels with bias = 1
2023-03-26 16:54:24	INFO	task_tclean::MatrixCleaner::clean() 	Cleaning using given mask
2023-03-26 16:54:24	INFO	task_tclean::MatrixCleaner::clean() 	Cleaning pixels with mask values above 0.9
2023-03-26 16:54:24	INFO	task_tclean::MatrixCleaner::clean() 	Starting iteration
2023-03-26 16:54:24	INFO	task_tclean::MatrixCleaner::clean() 	Initial maximum residual is 0.0564213 within the mask 
2023-03-26 16:54:24	INFO	task_tclean::MatrixCleaner::clean() 	iteration    MaximumResidual   CleanedFlux
2023-03-26 16:54:24	INFO	task_tclean::MatrixCleaner::clean() 	2      0.0552929      0.00223428
2023-03-26 16:54:24	INFO	task_tclean::MatrixCleaner::clean() 	4      0.0531033      0.00438009
2023-03-26 16:54:24	INFO	task_tclean::MatrixCleaner::clean() 	6      0.0520262      0.00646753
2023-03-26 16:54:24	INFO	task_tclean::MatrixCleaner::clean() 	8      0.0509709      0.00851263
2023-03-26 16:54:25	INFO	task_tclean::MatrixCleaner::clean() 	10      0.0499371      0.0105162
2023-03-26 16:54:25	INFO	task_tclean::MatrixCleaner::clean() 	12      0.0489242      0.0124792
2023-03-26 16:54:25	INFO	task_tclean::MatrixCleaner::clean() 	14      0.0479318      0.0144024
2023-03-26 16:54:25	INFO	task_tclean::MatrixCleaner::clean() 	16      0.0469616      0.0162866
2023-03-26 16:54:25	INFO	task_tclean::MatrixCleaner::clean() 	18      0.0460104      0.0181326
2023-03-26 16:54:26	INFO	task_tclean::MatrixCleaner::clean() 	20      0.0450785      0.0199412
2023-03-26 16:54:26	INFO	task_tclean::MatrixCleaner::clean() 	  0    0
2023-03-26 16:54:26	INFO	task_tclean::MatrixCleaner::clean() 	  1    0
2023-03-26 16:54:26	INFO	task_tclean::MatrixCleaner::clean() 	  2    0
2023-03-26 16:54:26	INFO	task_tclean::MatrixCleaner::clean() 	  3    0
2023-03-26 16:54:26	INFO	task_tclean::MatrixCleaner::clean() 	  4    0.0199412
2023-03-26 16:54:26	INFO	task_tclean::MatrixCleaner::clean() 	Failed to reach stopping threshold
2023-03-26 16:54:26	INFO	task_tclean::SDAlgorithmBase::deconvolve 	[/lustre/cv/users/jspeedie/data/images_lines/SO/v11_robust0.5/ABAur_SO.clean:C9] iters=160->180 [20], model=0->0.0199411, peakres=0.0100747->0.00953821, Reached cycleniter.
2023-03-26 16:54:26	INFO	task_tclean::SDAlgorithmBase::deconvolve 	[/lustre/cv/users/jspeedie/data/images_lines/SO/v11_robust0.5/ABAur_SO.clean] Total model flux (over all planes) : 0.151331     Peak Residual (over all planes) : 0.0103828 in C0:P0
2023-03-26 16:54:26	INFO	task_tclean::SynthesisDeconvolver::setupDeconvolution 	Set Deconvolution Options for [/lustre/cv/users/jspeedie/data/images_lines/SO/v11_robust0.5/ABAur_SO.clean] : multiscale
2023-03-26 16:54:30	INFO	task_tclean::SynthesisDeconvolver::initMinorCycle 	 Absolute Peak residual within mask : 0.010352, over full image : 0.010352
2023-03-26 16:54:30	INFO	task_tclean::CubeMinorCycleAlgorithm::task 	Processing channels in range [40, 49]
2023-03-26 16:54:30	INFO	task_tclean::SDAlgorithmBase::deconvolve 	[/lustre/cv/users/jspeedie/data/images_lines/SO/v11_robust0.5/ABAur_SO.clean] Run multiscale minor-cycle on 10 chans | CycleThreshold=0.00929772, CycleNiter=20, Gain=0.02
2023-03-26 16:54:30	INFO	task_tclean::MatrixCleaner::validatePsf() 	Peak of PSF = 1 at [1024, 1024]
2023-03-26 16:54:30	INFO	task_tclean::MatrixCleaner::makePsfScales() 	Calculating convolutions for scale 0
2023-03-26 16:54:31	INFO	task_tclean::MatrixCleaner::makePsfScales() 	Calculating convolutions for scale 1
2023-03-26 16:54:31	INFO	task_tclean::MatrixCleaner::makePsfScales() 	Calculating convolutions for scale 2
2023-03-26 16:54:32	INFO	task_tclean::MatrixCleaner::makePsfScales() 	Calculating convolutions for scale 3
2023-03-26 16:54:32	INFO	task_tclean::MatrixCleaner::makePsfScales() 	Calculating convolutions for scale 4
2023-03-26 16:54:32	INFO	task_tclean::MatrixCleaner::makeScaleMasks() 	Calculating mask convolution for scale 0
2023-03-26 16:54:32	INFO	task_tclean::MatrixCleaner::makeScaleMasks() 	Calculating mask convolution for scale 1
2023-03-26 16:54:32	INFO	task_tclean::MatrixCleaner::makeScaleMasks() 	Calculating mask convolution for scale 2
2023-03-26 16:54:32	INFO	task_tclean::MatrixCleaner::makeScaleMasks() 	Calculating mask convolution for scale 3
2023-03-26 16:54:33	INFO	task_tclean::MatrixCleaner::makeScaleMasks() 	Calculating mask convolution for scale 4
2023-03-26 16:54:33	INFO	task_tclean::MatrixCleaner::clean() 	scale 1 = 1 pixels with bias = 1
2023-03-26 16:54:33	INFO	task_tclean::MatrixCleaner::clean() 	scale 2 = 5 pixels with bias = 1
2023-03-26 16:54:33	INFO	task_tclean::MatrixCleaner::clean() 	scale 3 = 15 pixels with bias = 1
2023-03-26 16:54:33	INFO	task_tclean::MatrixCleaner::clean() 	scale 4 = 30 pixels with bias = 1
2023-03-26 16:54:33	INFO	task_tclean::MatrixCleaner::clean() 	scale 5 = 50 pixels with bias = 1
2023-03-26 16:54:33	INFO	task_tclean::MatrixCleaner::clean() 	Cleaning using given mask
2023-03-26 16:54:33	INFO	task_tclean::MatrixCleaner::clean() 	Cleaning pixels with mask values above 0.9
2023-03-26 16:54:33	INFO	task_tclean::MatrixCleaner::clean() 	Starting iteration
2023-03-26 16:54:33	INFO	task_tclean::MatrixCleaner::clean() 	Initial maximum residual is 0.0662299 within the mask 
2023-03-26 16:54:33	INFO	task_tclean::MatrixCleaner::clean() 	iteration    MaximumResidual   CleanedFlux
2023-03-26 16:54:33	INFO	task_tclean::MatrixCleaner::clean() 	2      0.0649053      0.0026227
2023-03-26 16:54:34	INFO	task_tclean::MatrixCleaner::clean() 	4      0.062335      0.00514155
2023-03-26 16:54:34	INFO	task_tclean::MatrixCleaner::clean() 	6      0.0605789      0.00757489
2023-03-26 16:54:34	INFO	task_tclean::MatrixCleaner::clean() 	8      0.0591729      0.00995166
2023-03-26 16:54:34	INFO	task_tclean::MatrixCleaner::clean() 	10      0.0578302      0.0122742
2023-03-26 16:54:35	INFO	task_tclean::MatrixCleaner::clean() 	12      0.056518      0.0145441
2023-03-26 16:54:35	INFO	task_tclean::MatrixCleaner::clean() 	14      0.0552461      0.0167626
2023-03-26 16:54:35	INFO	task_tclean::MatrixCleaner::clean() 	16      0.0540191      0.0189315
2023-03-26 16:54:35	INFO	task_tclean::MatrixCleaner::clean() 	18      0.0528285      0.0210526
2023-03-26 16:54:35	INFO	task_tclean::MatrixCleaner::clean() 	20      0.0516729      0.0231271
2023-03-26 16:54:35	INFO	task_tclean::MatrixCleaner::clean() 	  0    0
2023-03-26 16:54:35	INFO	task_tclean::MatrixCleaner::clean() 	  1    0
2023-03-26 16:54:35	INFO	task_tclean::MatrixCleaner::clean() 	  2    0
2023-03-26 16:54:35	INFO	task_tclean::MatrixCleaner::clean() 	  3    0
2023-03-26 16:54:35	INFO	task_tclean::MatrixCleaner::clean() 	  4    0.0231271
2023-03-26 16:54:35	INFO	task_tclean::MatrixCleaner::clean() 	Failed to reach stopping threshold
2023-03-26 16:54:36	INFO	task_tclean::SDAlgorithmBase::deconvolve 	[/lustre/cv/users/jspeedie/data/images_lines/SO/v11_robust0.5/ABAur_SO.clean:C0] iters=0->20 [20], model=0->0.023127, peakres=0.010352->0.00932746, Reached cycleniter.
2023-03-26 16:54:36	INFO	task_tclean::MatrixCleaner::validatePsf() 	Peak of PSF = 1 at [1024, 1024]
2023-03-26 16:54:36	INFO	task_tclean::MatrixCleaner::makePsfScales() 	Calculating convolutions for scale 0
2023-03-26 16:54:37	INFO	task_tclean::MatrixCleaner::makePsfScales() 	Calculating convolutions for scale 1
2023-03-26 16:54:37	INFO	task_tclean::MatrixCleaner::makePsfScales() 	Calculating convolutions for scale 2
2023-03-26 16:54:37	INFO	task_tclean::MatrixCleaner::makePsfScales() 	Calculating convolutions for scale 3
2023-03-26 16:54:38	INFO	task_tclean::MatrixCleaner::makePsfScales() 	Calculating convolutions for scale 4
2023-03-26 16:54:38	INFO	task_tclean::MatrixCleaner::makeScaleMasks() 	Calculating mask convolution for scale 0
2023-03-26 16:54:38	INFO	task_tclean::MatrixCleaner::makeScaleMasks() 	Calculating mask convolution for scale 1
2023-03-26 16:54:38	INFO	task_tclean::MatrixCleaner::makeScaleMasks() 	Calculating mask convolution for scale 2
2023-03-26 16:54:38	INFO	task_tclean::MatrixCleaner::makeScaleMasks() 	Calculating mask convolution for scale 3
2023-03-26 16:54:38	INFO	task_tclean::MatrixCleaner::makeScaleMasks() 	Calculating mask convolution for scale 4
2023-03-26 16:54:39	INFO	task_tclean::MatrixCleaner::clean() 	scale 1 = 1 pixels with bias = 1
2023-03-26 16:54:39	INFO	task_tclean::MatrixCleaner::clean() 	scale 2 = 5 pixels with bias = 1
2023-03-26 16:54:39	INFO	task_tclean::MatrixCleaner::clean() 	scale 3 = 15 pixels with bias = 1
2023-03-26 16:54:39	INFO	task_tclean::MatrixCleaner::clean() 	scale 4 = 30 pixels with bias = 1
2023-03-26 16:54:39	INFO	task_tclean::MatrixCleaner::clean() 	scale 5 = 50 pixels with bias = 1
2023-03-26 16:54:39	INFO	task_tclean::MatrixCleaner::clean() 	Cleaning using given mask
2023-03-26 16:54:39	INFO	task_tclean::MatrixCleaner::clean() 	Cleaning pixels with mask values above 0.9
2023-03-26 16:54:39	INFO	task_tclean::MatrixCleaner::clean() 	Starting iteration
2023-03-26 16:54:39	INFO	task_tclean::MatrixCleaner::clean() 	Initial maximum residual is 0.0601681 within the mask 
2023-03-26 16:54:39	INFO	task_tclean::MatrixCleaner::clean() 	iteration    MaximumResidual   CleanedFlux
2023-03-26 16:54:39	INFO	task_tclean::MatrixCleaner::clean() 	2      0.0589647      0.00238266
2023-03-26 16:54:40	INFO	task_tclean::MatrixCleaner::clean() 	4      0.0566297      0.00467096
2023-03-26 16:54:40	INFO	task_tclean::MatrixCleaner::clean() 	6      0.0543872      0.00686864
2023-03-26 16:54:40	INFO	task_tclean::MatrixCleaner::clean() 	8      0.0522334      0.0089793
2023-03-26 16:54:40	INFO	task_tclean::MatrixCleaner::clean() 	10      0.050165      0.0110064
2023-03-26 16:54:40	INFO	task_tclean::MatrixCleaner::clean() 	12      0.0481794      0.0129532
2023-03-26 16:54:41	INFO	task_tclean::MatrixCleaner::clean() 	14      0.0462725      0.014823
2023-03-26 16:54:41	INFO	task_tclean::MatrixCleaner::clean() 	16      0.044441      0.0166188
2023-03-26 16:54:41	INFO	task_tclean::MatrixCleaner::clean() 	18      0.0428941      0.0183477
2023-03-26 16:54:41	INFO	task_tclean::MatrixCleaner::clean() 	20      0.0418733      0.0200354
2023-03-26 16:54:41	INFO	task_tclean::MatrixCleaner::clean() 	  0    0
2023-03-26 16:54:41	INFO	task_tclean::MatrixCleaner::clean() 	  1    0
2023-03-26 16:54:41	INFO	task_tclean::MatrixCleaner::clean() 	  2    0
2023-03-26 16:54:41	INFO	task_tclean::MatrixCleaner::clean() 	  3    0
2023-03-26 16:54:41	INFO	task_tclean::MatrixCleaner::clean() 	  4    0.0200354
2023-03-26 16:54:41	INFO	task_tclean::MatrixCleaner::clean() 	Failed to reach stopping threshold
2023-03-26 16:54:41	INFO	task_tclean::SDAlgorithmBase::deconvolve 	[/lustre/cv/users/jspeedie/data/images_lines/SO/v11_robust0.5/ABAur_SO.clean:C1] iters=20->40 [20], model=0->0.0200353, peakres=0.00979565->0.00949141, Reached cycleniter.
2023-03-26 16:54:42	INFO	task_tclean::SDAlgorithmBase::deconvolve 	[/lustre/cv/users/jspeedie/data/images_lines/SO/v11_robust0.5/ABAur_SO.clean:C2] iters=40->40 [0], model=0->0, peakres=0.00925161->0.00925161, Reached cyclethreshold.
2023-03-26 16:54:42	INFO	task_tclean::SDAlgorithmBase::deconvolve 	[/lustre/cv/users/jspeedie/data/images_lines/SO/v11_robust0.5/ABAur_SO.clean:C3] iters=40->40 [0], model=0->0, peakres=0.00892426->0.00892426, Reached cyclethreshold.
2023-03-26 16:54:42	INFO	task_tclean::SDAlgorithmBase::deconvolve 	[/lustre/cv/users/jspeedie/data/images_lines/SO/v11_robust0.5/ABAur_SO.clean:C4] iters=40->40 [0], model=0->0, peakres=0.00868155->0.00868155, Reached cyclethreshold.
2023-03-26 16:54:42	INFO	task_tclean::MatrixCleaner::validatePsf() 	Peak of PSF = 1 at [1024, 1024]
2023-03-26 16:54:42	INFO	task_tclean::MatrixCleaner::makePsfScales() 	Calculating convolutions for scale 0
2023-03-26 16:54:43	INFO	task_tclean::MatrixCleaner::makePsfScales() 	Calculating convolutions for scale 1
2023-03-26 16:54:43	INFO	task_tclean::MatrixCleaner::makePsfScales() 	Calculating convolutions for scale 2
2023-03-26 16:54:43	INFO	task_tclean::MatrixCleaner::makePsfScales() 	Calculating convolutions for scale 3
2023-03-26 16:54:44	INFO	task_tclean::MatrixCleaner::makePsfScales() 	Calculating convolutions for scale 4
2023-03-26 16:54:44	INFO	task_tclean::MatrixCleaner::makeScaleMasks() 	Calculating mask convolution for scale 0
2023-03-26 16:54:44	INFO	task_tclean::MatrixCleaner::makeScaleMasks() 	Calculating mask convolution for scale 1
2023-03-26 16:54:44	INFO	task_tclean::MatrixCleaner::makeScaleMasks() 	Calculating mask convolution for scale 2
2023-03-26 16:54:44	INFO	task_tclean::MatrixCleaner::makeScaleMasks() 	Calculating mask convolution for scale 3
2023-03-26 16:54:44	INFO	task_tclean::MatrixCleaner::makeScaleMasks() 	Calculating mask convolution for scale 4
2023-03-26 16:54:45	INFO	task_tclean::MatrixCleaner::clean() 	scale 1 = 1 pixels with bias = 1
2023-03-26 16:54:45	INFO	task_tclean::MatrixCleaner::clean() 	scale 2 = 5 pixels with bias = 1
2023-03-26 16:54:45	INFO	task_tclean::MatrixCleaner::clean() 	scale 3 = 15 pixels with bias = 1
2023-03-26 16:54:45	INFO	task_tclean::MatrixCleaner::clean() 	scale 4 = 30 pixels with bias = 1
2023-03-26 16:54:45	INFO	task_tclean::MatrixCleaner::clean() 	scale 5 = 50 pixels with bias = 1
2023-03-26 16:54:45	INFO	task_tclean::MatrixCleaner::clean() 	Cleaning using given mask
2023-03-26 16:54:45	INFO	task_tclean::MatrixCleaner::clean() 	Cleaning pixels with mask values above 0.9
2023-03-26 16:54:45	INFO	task_tclean::MatrixCleaner::clean() 	Starting iteration
2023-03-26 16:54:45	INFO	task_tclean::MatrixCleaner::clean() 	Initial maximum residual is 0.00976275 within the mask 
2023-03-26 16:54:45	INFO	task_tclean::MatrixCleaner::clean() 	iteration    MaximumResidual   CleanedFlux
2023-03-26 16:54:45	INFO	task_tclean::MatrixCleaner::clean() 	2      -0.00956749      -0.000386605
2023-03-26 16:54:46	INFO	task_tclean::MatrixCleaner::clean() 	Reached stopping threshold 0.00929772 at iteration 3
2023-03-26 16:54:46	INFO	task_tclean::MatrixCleaner::clean() 	Optimum flux is 0.00918862
2023-03-26 16:54:46	INFO	task_tclean::MatrixCleaner::clean() 	  0    -0.0007579
2023-03-26 16:54:46	INFO	task_tclean::MatrixCleaner::clean() 	  1    0
2023-03-26 16:54:46	INFO	task_tclean::MatrixCleaner::clean() 	  2    0
2023-03-26 16:54:46	INFO	task_tclean::MatrixCleaner::clean() 	  3    0
2023-03-26 16:54:46	INFO	task_tclean::MatrixCleaner::clean() 	  4    0
2023-03-26 16:54:46	INFO	task_tclean::SDAlgorithmBase::deconvolve 	[/lustre/cv/users/jspeedie/data/images_lines/SO/v11_robust0.5/ABAur_SO.clean:C5] iters=40->44 [4], model=0->-0.000574128, peakres=0.00976275->0.00918862, Reached cyclethreshold.
2023-03-26 16:54:46	INFO	task_tclean::SDAlgorithmBase::deconvolve 	[/lustre/cv/users/jspeedie/data/images_lines/SO/v11_robust0.5/ABAur_SO.clean:C6] iters=44->44 [0], model=0->0, peakres=0.00901844->0.00901844, Reached cyclethreshold.
2023-03-26 16:54:46	INFO	task_tclean::MatrixCleaner::validatePsf() 	Peak of PSF = 1 at [1024, 1024]
2023-03-26 16:54:46	INFO	task_tclean::MatrixCleaner::makePsfScales() 	Calculating convolutions for scale 0
2023-03-26 16:54:47	INFO	task_tclean::MatrixCleaner::makePsfScales() 	Calculating convolutions for scale 1
2023-03-26 16:54:47	INFO	task_tclean::MatrixCleaner::makePsfScales() 	Calculating convolutions for scale 2
2023-03-26 16:54:48	INFO	task_tclean::MatrixCleaner::makePsfScales() 	Calculating convolutions for scale 3
2023-03-26 16:54:48	INFO	task_tclean::MatrixCleaner::makePsfScales() 	Calculating convolutions for scale 4
2023-03-26 16:54:48	INFO	task_tclean::MatrixCleaner::makeScaleMasks() 	Calculating mask convolution for scale 0
2023-03-26 16:54:48	INFO	task_tclean::MatrixCleaner::makeScaleMasks() 	Calculating mask convolution for scale 1
2023-03-26 16:54:48	INFO	task_tclean::MatrixCleaner::makeScaleMasks() 	Calculating mask convolution for scale 2
2023-03-26 16:54:48	INFO	task_tclean::MatrixCleaner::makeScaleMasks() 	Calculating mask convolution for scale 3
2023-03-26 16:54:48	INFO	task_tclean::MatrixCleaner::makeScaleMasks() 	Calculating mask convolution for scale 4
2023-03-26 16:54:49	INFO	task_tclean::MatrixCleaner::clean() 	scale 1 = 1 pixels with bias = 1
2023-03-26 16:54:49	INFO	task_tclean::MatrixCleaner::clean() 	scale 2 = 5 pixels with bias = 1
2023-03-26 16:54:49	INFO	task_tclean::MatrixCleaner::clean() 	scale 3 = 15 pixels with bias = 1
2023-03-26 16:54:49	INFO	task_tclean::MatrixCleaner::clean() 	scale 4 = 30 pixels with bias = 1
2023-03-26 16:54:49	INFO	task_tclean::MatrixCleaner::clean() 	scale 5 = 50 pixels with bias = 1
2023-03-26 16:54:49	INFO	task_tclean::MatrixCleaner::clean() 	Cleaning using given mask
2023-03-26 16:54:49	INFO	task_tclean::MatrixCleaner::clean() 	Cleaning pixels with mask values above 0.9
2023-03-26 16:54:49	INFO	task_tclean::MatrixCleaner::clean() 	Starting iteration
2023-03-26 16:54:49	INFO	task_tclean::MatrixCleaner::clean() 	Initial maximum residual is 0.00948889 within the mask 
2023-03-26 16:54:49	INFO	task_tclean::MatrixCleaner::clean() 	iteration    MaximumResidual   CleanedFlux
2023-03-26 16:54:49	INFO	task_tclean::MatrixCleaner::clean() 	2      0.00929911      0.00037576
2023-03-26 16:54:50	INFO	task_tclean::MatrixCleaner::clean() 	Reached stopping threshold 0.00929772 at iteration 2
2023-03-26 16:54:50	INFO	task_tclean::MatrixCleaner::clean() 	Optimum flux is 0.00911313
2023-03-26 16:54:50	INFO	task_tclean::MatrixCleaner::clean() 	  0    0.000558022
2023-03-26 16:54:50	INFO	task_tclean::MatrixCleaner::clean() 	  1    0
2023-03-26 16:54:50	INFO	task_tclean::MatrixCleaner::clean() 	  2    0
2023-03-26 16:54:50	INFO	task_tclean::MatrixCleaner::clean() 	  3    0
2023-03-26 16:54:50	INFO	task_tclean::MatrixCleaner::clean() 	  4    0
2023-03-26 16:54:50	INFO	task_tclean::SDAlgorithmBase::deconvolve 	[/lustre/cv/users/jspeedie/data/images_lines/SO/v11_robust0.5/ABAur_SO.clean:C7] iters=44->47 [3], model=0->0.00037576, peakres=0.00948889->0.00911313, Reached cyclethreshold.
2023-03-26 16:54:50	INFO	task_tclean::SDAlgorithmBase::deconvolve 	[/lustre/cv/users/jspeedie/data/images_lines/SO/v11_robust0.5/ABAur_SO.clean:C8] iters=47->47 [0], model=0->0, peakres=0.00845308->0.00845308, Reached cyclethreshold.
2023-03-26 16:54:50	INFO	task_tclean::MatrixCleaner::validatePsf() 	Peak of PSF = 1 at [1024, 1024]
2023-03-26 16:54:50	INFO	task_tclean::MatrixCleaner::makePsfScales() 	Calculating convolutions for scale 0
2023-03-26 16:54:51	INFO	task_tclean::MatrixCleaner::makePsfScales() 	Calculating convolutions for scale 1
2023-03-26 16:54:51	INFO	task_tclean::MatrixCleaner::makePsfScales() 	Calculating convolutions for scale 2
2023-03-26 16:54:52	INFO	task_tclean::MatrixCleaner::makePsfScales() 	Calculating convolutions for scale 3
2023-03-26 16:54:52	INFO	task_tclean::MatrixCleaner::makePsfScales() 	Calculating convolutions for scale 4
2023-03-26 16:54:52	INFO	task_tclean::MatrixCleaner::makeScaleMasks() 	Calculating mask convolution for scale 0
2023-03-26 16:54:52	INFO	task_tclean::MatrixCleaner::makeScaleMasks() 	Calculating mask convolution for scale 1
2023-03-26 16:54:52	INFO	task_tclean::MatrixCleaner::makeScaleMasks() 	Calculating mask convolution for scale 2
2023-03-26 16:54:52	INFO	task_tclean::MatrixCleaner::makeScaleMasks() 	Calculating mask convolution for scale 3
2023-03-26 16:54:52	INFO	task_tclean::MatrixCleaner::makeScaleMasks() 	Calculating mask convolution for scale 4
2023-03-26 16:54:53	INFO	task_tclean::MatrixCleaner::clean() 	scale 1 = 1 pixels with bias = 1
2023-03-26 16:54:53	INFO	task_tclean::MatrixCleaner::clean() 	scale 2 = 5 pixels with bias = 1
2023-03-26 16:54:53	INFO	task_tclean::MatrixCleaner::clean() 	scale 3 = 15 pixels with bias = 1
2023-03-26 16:54:53	INFO	task_tclean::MatrixCleaner::clean() 	scale 4 = 30 pixels with bias = 1
2023-03-26 16:54:53	INFO	task_tclean::MatrixCleaner::clean() 	scale 5 = 50 pixels with bias = 1
2023-03-26 16:54:53	INFO	task_tclean::MatrixCleaner::clean() 	Cleaning using given mask
2023-03-26 16:54:53	INFO	task_tclean::MatrixCleaner::clean() 	Cleaning pixels with mask values above 0.9
2023-03-26 16:54:53	INFO	task_tclean::MatrixCleaner::clean() 	Starting iteration
2023-03-26 16:54:53	INFO	task_tclean::MatrixCleaner::clean() 	Initial maximum residual is 0.00960114 within the mask 
2023-03-26 16:54:53	INFO	task_tclean::MatrixCleaner::clean() 	iteration    MaximumResidual   CleanedFlux
2023-03-26 16:54:53	INFO	task_tclean::MatrixCleaner::clean() 	2      0.00940912      0.000380205
2023-03-26 16:54:53	INFO	task_tclean::MatrixCleaner::clean() 	Reached stopping threshold 0.00929772 at iteration 2
2023-03-26 16:54:53	INFO	task_tclean::MatrixCleaner::clean() 	Optimum flux is 0.00922094
2023-03-26 16:54:53	INFO	task_tclean::MatrixCleaner::clean() 	  0    0.000564624
2023-03-26 16:54:53	INFO	task_tclean::MatrixCleaner::clean() 	  1    0
2023-03-26 16:54:53	INFO	task_tclean::MatrixCleaner::clean() 	  2    0
2023-03-26 16:54:53	INFO	task_tclean::MatrixCleaner::clean() 	  3    0
2023-03-26 16:54:53	INFO	task_tclean::MatrixCleaner::clean() 	  4    0
2023-03-26 16:54:54	INFO	task_tclean::SDAlgorithmBase::deconvolve 	[/lustre/cv/users/jspeedie/data/images_lines/SO/v11_robust0.5/ABAur_SO.clean:C9] iters=47->50 [3], model=0->0.000380205, peakres=0.00960115->0.00922094, Reached cyclethreshold.
2023-03-26 16:54:54	INFO	task_tclean::SDAlgorithmBase::deconvolve 	[/lustre/cv/users/jspeedie/data/images_lines/SO/v11_robust0.5/ABAur_SO.clean] Total model flux (over all planes) : 0.0433442     Peak Residual (over all planes) : 0.00949141 in C1:P0
2023-03-26 16:54:54	INFO	task_tclean::SynthesisDeconvolver::setupDeconvolution 	Set Deconvolution Options for [/lustre/cv/users/jspeedie/data/images_lines/SO/v11_robust0.5/ABAur_SO.clean] : multiscale
2023-03-26 16:54:58	INFO	task_tclean::SynthesisDeconvolver::initMinorCycle 	 Absolute Peak residual within mask : 0.00951145, over full image : 0.00951145
2023-03-26 16:54:58	INFO	task_tclean::CubeMinorCycleAlgorithm::task 	Processing channels in range [50, 59]
2023-03-26 16:54:58	INFO	task_tclean::SDAlgorithmBase::deconvolve 	[/lustre/cv/users/jspeedie/data/images_lines/SO/v11_robust0.5/ABAur_SO.clean] Run multiscale minor-cycle on 10 chans | CycleThreshold=0.00929772, CycleNiter=20, Gain=0.02
2023-03-26 16:54:58	INFO	task_tclean::MatrixCleaner::validatePsf() 	Peak of PSF = 1 at [1024, 1024]
2023-03-26 16:54:58	INFO	task_tclean::MatrixCleaner::makePsfScales() 	Calculating convolutions for scale 0
2023-03-26 16:54:59	INFO	task_tclean::MatrixCleaner::makePsfScales() 	Calculating convolutions for scale 1
2023-03-26 16:54:59	INFO	task_tclean::MatrixCleaner::makePsfScales() 	Calculating convolutions for scale 2
2023-03-26 16:54:59	INFO	task_tclean::MatrixCleaner::makePsfScales() 	Calculating convolutions for scale 3
2023-03-26 16:55:00	INFO	task_tclean::MatrixCleaner::makePsfScales() 	Calculating convolutions for scale 4
2023-03-26 16:55:00	INFO	task_tclean::MatrixCleaner::makeScaleMasks() 	Calculating mask convolution for scale 0
2023-03-26 16:55:00	INFO	task_tclean::MatrixCleaner::makeScaleMasks() 	Calculating mask convolution for scale 1
2023-03-26 16:55:00	INFO	task_tclean::MatrixCleaner::makeScaleMasks() 	Calculating mask convolution for scale 2
2023-03-26 16:55:00	INFO	task_tclean::MatrixCleaner::makeScaleMasks() 	Calculating mask convolution for scale 3
2023-03-26 16:55:00	INFO	task_tclean::MatrixCleaner::makeScaleMasks() 	Calculating mask convolution for scale 4
2023-03-26 16:55:01	INFO	task_tclean::MatrixCleaner::clean() 	scale 1 = 1 pixels with bias = 1
2023-03-26 16:55:01	INFO	task_tclean::MatrixCleaner::clean() 	scale 2 = 5 pixels with bias = 1
2023-03-26 16:55:01	INFO	task_tclean::MatrixCleaner::clean() 	scale 3 = 15 pixels with bias = 1
2023-03-26 16:55:01	INFO	task_tclean::MatrixCleaner::clean() 	scale 4 = 30 pixels with bias = 1
2023-03-26 16:55:01	INFO	task_tclean::MatrixCleaner::clean() 	scale 5 = 50 pixels with bias = 1
2023-03-26 16:55:01	INFO	task_tclean::MatrixCleaner::clean() 	Cleaning using given mask
2023-03-26 16:55:01	INFO	task_tclean::MatrixCleaner::clean() 	Cleaning pixels with mask values above 0.9
2023-03-26 16:55:01	INFO	task_tclean::MatrixCleaner::clean() 	Starting iteration
2023-03-26 16:55:01	INFO	task_tclean::MatrixCleaner::clean() 	Initial maximum residual is 0.00951145 within the mask 
2023-03-26 16:55:01	INFO	task_tclean::MatrixCleaner::clean() 	iteration    MaximumResidual   CleanedFlux
2023-03-26 16:55:01	INFO	task_tclean::MatrixCleaner::clean() 	2      -0.00932122      -0.000376653
2023-03-26 16:55:01	INFO	task_tclean::MatrixCleaner::clean() 	Reached stopping threshold 0.00929772 at iteration 2
2023-03-26 16:55:01	INFO	task_tclean::MatrixCleaner::clean() 	Optimum flux is 0.0091348
2023-03-26 16:55:01	INFO	task_tclean::MatrixCleaner::clean() 	  0    -0.000559349
2023-03-26 16:55:01	INFO	task_tclean::MatrixCleaner::clean() 	  1    0
2023-03-26 16:55:01	INFO	task_tclean::MatrixCleaner::clean() 	  2    0
2023-03-26 16:55:01	INFO	task_tclean::MatrixCleaner::clean() 	  3    0
2023-03-26 16:55:01	INFO	task_tclean::MatrixCleaner::clean() 	  4    0
2023-03-26 16:55:01	INFO	task_tclean::SDAlgorithmBase::deconvolve 	[/lustre/cv/users/jspeedie/data/images_lines/SO/v11_robust0.5/ABAur_SO.clean:C0] iters=0->3 [3], model=0->-0.000376653, peakres=0.00951145->0.0091348, Reached cyclethreshold.
2023-03-26 16:55:02	INFO	task_tclean::SDAlgorithmBase::deconvolve 	[/lustre/cv/users/jspeedie/data/images_lines/SO/v11_robust0.5/ABAur_SO.clean:C1] iters=3->3 [0], model=0->0, peakres=0.00838519->0.00838519, Reached cyclethreshold.
2023-03-26 16:55:02	INFO	task_tclean::SDAlgorithmBase::deconvolve 	[/lustre/cv/users/jspeedie/data/images_lines/SO/v11_robust0.5/ABAur_SO.clean:C2] iters=3->3 [0], model=0->0, peakres=0.00890618->0.00890618, Reached cyclethreshold.
2023-03-26 16:55:02	INFO	task_tclean::MatrixCleaner::validatePsf() 	Peak of PSF = 1 at [1024, 1024]
2023-03-26 16:55:02	INFO	task_tclean::MatrixCleaner::makePsfScales() 	Calculating convolutions for scale 0
2023-03-26 16:55:03	INFO	task_tclean::MatrixCleaner::makePsfScales() 	Calculating convolutions for scale 1
2023-03-26 16:55:03	INFO	task_tclean::MatrixCleaner::makePsfScales() 	Calculating convolutions for scale 2
2023-03-26 16:55:03	INFO	task_tclean::MatrixCleaner::makePsfScales() 	Calculating convolutions for scale 3
2023-03-26 16:55:04	INFO	task_tclean::MatrixCleaner::makePsfScales() 	Calculating convolutions for scale 4
2023-03-26 16:55:04	INFO	task_tclean::MatrixCleaner::makeScaleMasks() 	Calculating mask convolution for scale 0
2023-03-26 16:55:04	INFO	task_tclean::MatrixCleaner::makeScaleMasks() 	Calculating mask convolution for scale 1
2023-03-26 16:55:04	INFO	task_tclean::MatrixCleaner::makeScaleMasks() 	Calculating mask convolution for scale 2
2023-03-26 16:55:04	INFO	task_tclean::MatrixCleaner::makeScaleMasks() 	Calculating mask convolution for scale 3
2023-03-26 16:55:04	INFO	task_tclean::MatrixCleaner::makeScaleMasks() 	Calculating mask convolution for scale 4
2023-03-26 16:55:05	INFO	task_tclean::MatrixCleaner::clean() 	scale 1 = 1 pixels with bias = 1
2023-03-26 16:55:05	INFO	task_tclean::MatrixCleaner::clean() 	scale 2 = 5 pixels with bias = 1
2023-03-26 16:55:05	INFO	task_tclean::MatrixCleaner::clean() 	scale 3 = 15 pixels with bias = 1
2023-03-26 16:55:05	INFO	task_tclean::MatrixCleaner::clean() 	scale 4 = 30 pixels with bias = 1
2023-03-26 16:55:05	INFO	task_tclean::MatrixCleaner::clean() 	scale 5 = 50 pixels with bias = 1
2023-03-26 16:55:05	INFO	task_tclean::MatrixCleaner::clean() 	Cleaning using given mask
2023-03-26 16:55:05	INFO	task_tclean::MatrixCleaner::clean() 	Cleaning pixels with mask values above 0.9
2023-03-26 16:55:05	INFO	task_tclean::MatrixCleaner::clean() 	Starting iteration
2023-03-26 16:55:05	INFO	task_tclean::MatrixCleaner::clean() 	Initial maximum residual is 0.00938769 within the mask 
2023-03-26 16:55:05	INFO	task_tclean::MatrixCleaner::clean() 	iteration    MaximumResidual   CleanedFlux
2023-03-26 16:55:05	INFO	task_tclean::MatrixCleaner::clean() 	Reached stopping threshold 0.00929772 at iteration 1
2023-03-26 16:55:05	INFO	task_tclean::MatrixCleaner::clean() 	Optimum flux is 0.00919994
2023-03-26 16:55:05	INFO	task_tclean::MatrixCleaner::clean() 	  0    -0.000371753
2023-03-26 16:55:05	INFO	task_tclean::MatrixCleaner::clean() 	  1    0
2023-03-26 16:55:05	INFO	task_tclean::MatrixCleaner::clean() 	  2    0
2023-03-26 16:55:05	INFO	task_tclean::MatrixCleaner::clean() 	  3    0
2023-03-26 16:55:05	INFO	task_tclean::MatrixCleaner::clean() 	  4    0
2023-03-26 16:55:05	INFO	task_tclean::SDAlgorithmBase::deconvolve 	[/lustre/cv/users/jspeedie/data/images_lines/SO/v11_robust0.5/ABAur_SO.clean:C3] iters=3->5 [2], model=0->-0.000187754, peakres=0.00938769->0.00919994, Reached cyclethreshold.
2023-03-26 16:55:06	INFO	task_tclean::SDAlgorithmBase::deconvolve 	[/lustre/cv/users/jspeedie/data/images_lines/SO/v11_robust0.5/ABAur_SO.clean:C4] iters=5->5 [0], model=0->0, peakres=0.00893796->0.00893796, Reached cyclethreshold.
2023-03-26 16:55:06	INFO	task_tclean::SDAlgorithmBase::deconvolve 	[/lustre/cv/users/jspeedie/data/images_lines/SO/v11_robust0.5/ABAur_SO.clean:C5] iters=5->5 [0], model=0->0, peakres=0.00860739->0.00860739, Reached cyclethreshold.
2023-03-26 16:55:06	INFO	task_tclean::SDAlgorithmBase::deconvolve 	[/lustre/cv/users/jspeedie/data/images_lines/SO/v11_robust0.5/ABAur_SO.clean:C6] iters=5->5 [0], model=0->0, peakres=0.0082751->0.0082751, Reached cyclethreshold.
2023-03-26 16:55:06	INFO	task_tclean::SDAlgorithmBase::deconvolve 	[/lustre/cv/users/jspeedie/data/images_lines/SO/v11_robust0.5/ABAur_SO.clean:C7] iters=5->5 [0], model=0->0, peakres=0.00916605->0.00916605, Reached cyclethreshold.
2023-03-26 16:55:06	INFO	task_tclean::SDAlgorithmBase::deconvolve 	[/lustre/cv/users/jspeedie/data/images_lines/SO/v11_robust0.5/ABAur_SO.clean:C8] iters=5->5 [0], model=0->0, peakres=0.00902029->0.00902029, Reached cyclethreshold.
2023-03-26 16:55:06	INFO	task_tclean::SDAlgorithmBase::deconvolve 	[/lustre/cv/users/jspeedie/data/images_lines/SO/v11_robust0.5/ABAur_SO.clean:C9] iters=5->5 [0], model=0->0, peakres=0.00862931->0.00862931, Reached cyclethreshold.
2023-03-26 16:55:06	INFO	task_tclean::SDAlgorithmBase::deconvolve 	[/lustre/cv/users/jspeedie/data/images_lines/SO/v11_robust0.5/ABAur_SO.clean] Total model flux (over all planes) : -0.000564407     Peak Residual (over all planes) : 0.00919994 in C3:P0
2023-03-26 16:55:06	INFO	task_tclean::grpcInteractiveCleanManager::mergeCycleExecutionRecord 	Completed 545 iterations.
2023-03-26 16:55:06	INFO	task_tclean::SynthesisImager::executeMajorCycle 	----------------------------------------------------------- Run Major Cycle 2 -------------------------------------
2023-03-26 16:55:06	INFO	task_tclean::SynthesisImagerVi2::nSubCubeFitInMemory	Required memory: 12.57 GB. Available mem.: 98.09 GB (rc, mem. fraction: 80%, memory: -) => Subcubes: 1. Processes on node: 1.
2023-03-26 16:55:07	INFO	task_tclean::SynthesisImagerVi2::selectData 	MS : /lustre/cv/users/jspeedie/data/ABAur_SO.bin30s.ms.contsub | [Opened in readonly mode]
2023-03-26 16:55:07	INFO	task_tclean::SynthesisImagerVi2::selectData 	  NRows selected : 509173
2023-03-26 16:55:10	INFO	task_tclean::SynthesisImagerVi2::weight() 	Set imaging weights : Briggs weighting: sidelobes will be suppressed over full image
2023-03-26 16:55:10	INFO	task_tclean::SynthesisImagerVi2::weight() 	Doing spectral cube Briggs weighting formula --  bwtaper
2023-03-26 16:55:10	INFO	task_tclean::SynthesisImager::tuneSelectData 	Tuning frequency data selection to match image spectral coordinates
2023-03-26 16:55:10	INFO	task_tclean::SynthesisImagerVi2::selectData 	MS : /lustre/cv/users/jspeedie/data/ABAur_SO.bin30s.ms.contsub | [Opened in readonly mode]
2023-03-26 16:55:10	INFO	task_tclean::SynthesisImagerVi2::selectData 	  NRows selected : 509173
2023-03-26 16:55:10	INFO	task_tclean::SynthesisImager::executeMajorCycle 	----------------------------------------------------------- Run Major Cycle 2 -------------------------------------
2023-03-26 16:56:56	INFO	task_tclean::SynthesisDeconvolver::initMinorCycle 	 Absolute Peak residual within mask : 0.0118694, over full image : 0.0118694
2023-03-26 16:56:56	INFO	SynthesisDeconvolver::executeCubeMinorCycle 	---------------------------------------------------- Run Minor Cycle Iterations  ---------------------------------------------
2023-03-26 16:56:56	INFO	SynthesisDeconvolver::setupDeconvolution 	Set Deconvolution Options for [/lustre/cv/users/jspeedie/data/images_lines/SO/v11_robust0.5/ABAur_SO.clean] : multiscale
2023-03-26 16:57:00	INFO	SynthesisDeconvolver::initMinorCycle 	 Absolute Peak residual within mask : 0.00936937, over full image : 0.00936937
2023-03-26 16:57:00	INFO	CubeMinorCycleAlgorithm::task 	Processing channels in range [0, 9]
2023-03-26 16:57:00	INFO	SDAlgorithmBase::deconvolve 	[/lustre/cv/users/jspeedie/data/images_lines/SO/v11_robust0.5/ABAur_SO.clean] Run multiscale minor-cycle on 10 chans | CycleThreshold=0.00929772, CycleNiter=20, Gain=0.02
2023-03-26 16:57:00	INFO	SDAlgorithmBase::deconvolve 	[/lustre/cv/users/jspeedie/data/images_lines/SO/v11_robust0.5/ABAur_SO.clean:C0] iters=0->0 [0], model=-0.000378985->-0.000378985, peakres=0.00919134->0.00919134, Reached cyclethreshold.
2023-03-26 16:57:00	INFO	SDAlgorithmBase::deconvolve 	[/lustre/cv/users/jspeedie/data/images_lines/SO/v11_robust0.5/ABAur_SO.clean:C1] iters=0->0 [0], model=0->0, peakres=0.00918409->0.00918409, Reached cyclethreshold.
2023-03-26 16:57:00	INFO	SDAlgorithmBase::deconvolve 	[/lustre/cv/users/jspeedie/data/images_lines/SO/v11_robust0.5/ABAur_SO.clean:C2] iters=0->0 [0], model=0->0, peakres=0.00898477->0.00898477, Reached cyclethreshold.
2023-03-26 16:57:00	INFO	MatrixCleaner::validatePsf() 	Peak of PSF = 1 at [1024, 1024]
2023-03-26 16:57:01	INFO	MatrixCleaner::makePsfScales() 	Calculating convolutions for scale 0
2023-03-26 16:57:01	INFO	MatrixCleaner::makePsfScales() 	Calculating convolutions for scale 1
2023-03-26 16:57:01	INFO	MatrixCleaner::makePsfScales() 	Calculating convolutions for scale 2
2023-03-26 16:57:02	INFO	MatrixCleaner::makePsfScales() 	Calculating convolutions for scale 3
2023-03-26 16:57:02	INFO	MatrixCleaner::makePsfScales() 	Calculating convolutions for scale 4
2023-03-26 16:57:02	INFO	MatrixCleaner::makeScaleMasks() 	Calculating mask convolution for scale 0
2023-03-26 16:57:02	INFO	MatrixCleaner::makeScaleMasks() 	Calculating mask convolution for scale 1
2023-03-26 16:57:03	INFO	MatrixCleaner::makeScaleMasks() 	Calculating mask convolution for scale 2
2023-03-26 16:57:03	INFO	MatrixCleaner::makeScaleMasks() 	Calculating mask convolution for scale 3
2023-03-26 16:57:03	INFO	MatrixCleaner::makeScaleMasks() 	Calculating mask convolution for scale 4
2023-03-26 16:57:04	INFO	MatrixCleaner::clean() 	scale 1 = 1 pixels with bias = 1
2023-03-26 16:57:04	INFO	MatrixCleaner::clean() 	scale 2 = 5 pixels with bias = 1
2023-03-26 16:57:04	INFO	MatrixCleaner::clean() 	scale 3 = 15 pixels with bias = 1
2023-03-26 16:57:04	INFO	MatrixCleaner::clean() 	scale 4 = 30 pixels with bias = 1
2023-03-26 16:57:04	INFO	MatrixCleaner::clean() 	scale 5 = 50 pixels with bias = 1
2023-03-26 16:57:04	INFO	MatrixCleaner::clean() 	Cleaning using given mask
2023-03-26 16:57:04	INFO	MatrixCleaner::clean() 	Cleaning pixels with mask values above 0.9
2023-03-26 16:57:04	INFO	MatrixCleaner::clean() 	Starting iteration
2023-03-26 16:57:04	INFO	MatrixCleaner::clean() 	Initial maximum residual is 0.00936937 within the mask 
2023-03-26 16:57:04	INFO	MatrixCleaner::clean() 	iteration    MaximumResidual   CleanedFlux
2023-03-26 16:57:04	INFO	MatrixCleaner::clean() 	Reached stopping threshold 0.00929772 at iteration 1
2023-03-26 16:57:04	INFO	MatrixCleaner::clean() 	Optimum flux is 0.00918198
2023-03-26 16:57:04	INFO	MatrixCleaner::clean() 	  0    0.000371027
2023-03-26 16:57:04	INFO	MatrixCleaner::clean() 	  1    0
2023-03-26 16:57:04	INFO	MatrixCleaner::clean() 	  2    0
2023-03-26 16:57:04	INFO	MatrixCleaner::clean() 	  3    0
2023-03-26 16:57:04	INFO	MatrixCleaner::clean() 	  4    0
2023-03-26 16:57:04	INFO	SDAlgorithmBase::deconvolve 	[/lustre/cv/users/jspeedie/data/images_lines/SO/v11_robust0.5/ABAur_SO.clean:C3] iters=0->2 [2], model=0.000767707->0.000955094, peakres=0.00936937->0.00918198, Reached cyclethreshold.
2023-03-26 16:57:04	INFO	SDAlgorithmBase::deconvolve 	[/lustre/cv/users/jspeedie/data/images_lines/SO/v11_robust0.5/ABAur_SO.clean:C4] iters=2->2 [0], model=0->0, peakres=0.00928797->0.00928797, Reached cyclethreshold.
2023-03-26 16:57:04	INFO	SDAlgorithmBase::deconvolve 	[/lustre/cv/users/jspeedie/data/images_lines/SO/v11_robust0.5/ABAur_SO.clean:C5] iters=2->2 [0], model=0->0, peakres=0.00884667->0.00884667, Reached cyclethreshold.
2023-03-26 16:57:04	INFO	SDAlgorithmBase::deconvolve 	[/lustre/cv/users/jspeedie/data/images_lines/SO/v11_robust0.5/ABAur_SO.clean:C6] iters=2->2 [0], model=0->0, peakres=0.00863803->0.00863803, Reached cyclethreshold.
2023-03-26 16:57:04	INFO	SDAlgorithmBase::deconvolve 	[/lustre/cv/users/jspeedie/data/images_lines/SO/v11_robust0.5/ABAur_SO.clean:C7] iters=2->2 [0], model=0.000186798->0.000186798, peakres=0.00921343->0.00921343, Reached cyclethreshold.
2023-03-26 16:57:04	INFO	SDAlgorithmBase::deconvolve 	[/lustre/cv/users/jspeedie/data/images_lines/SO/v11_robust0.5/ABAur_SO.clean:C8] iters=2->2 [0], model=0->0, peakres=0.00927289->0.00927289, Reached cyclethreshold.
2023-03-26 16:57:05	INFO	SDAlgorithmBase::deconvolve 	[/lustre/cv/users/jspeedie/data/images_lines/SO/v11_robust0.5/ABAur_SO.clean:C9] iters=2->2 [0], model=0->0, peakres=0.00902453->0.00902453, Reached cyclethreshold.
2023-03-26 16:57:05	INFO	SDAlgorithmBase::deconvolve 	[/lustre/cv/users/jspeedie/data/images_lines/SO/v11_robust0.5/ABAur_SO.clean] Total model flux (over all planes) : 0.000762908     Peak Residual (over all planes) : 0.00928797 in C4:P0
2023-03-26 16:57:05	INFO	SynthesisDeconvolver::setupDeconvolution 	Set Deconvolution Options for [/lustre/cv/users/jspeedie/data/images_lines/SO/v11_robust0.5/ABAur_SO.clean] : multiscale
2023-03-26 16:57:08	INFO	SynthesisDeconvolver::initMinorCycle 	 Absolute Peak residual within mask : 0.0118694, over full image : 0.0118694
2023-03-26 16:57:08	INFO	CubeMinorCycleAlgorithm::task 	Processing channels in range [10, 19]
2023-03-26 16:57:08	INFO	SDAlgorithmBase::deconvolve 	[/lustre/cv/users/jspeedie/data/images_lines/SO/v11_robust0.5/ABAur_SO.clean] Run multiscale minor-cycle on 10 chans | CycleThreshold=0.00929772, CycleNiter=20, Gain=0.02
2023-03-26 16:57:09	INFO	SDAlgorithmBase::deconvolve 	[/lustre/cv/users/jspeedie/data/images_lines/SO/v11_robust0.5/ABAur_SO.clean:C0] iters=0->0 [0], model=0->0, peakres=0.00916743->0.00916743, Reached cyclethreshold.
2023-03-26 16:57:09	INFO	SDAlgorithmBase::deconvolve 	[/lustre/cv/users/jspeedie/data/images_lines/SO/v11_robust0.5/ABAur_SO.clean:C1] iters=0->0 [0], model=0->0, peakres=0.00927772->0.00927772, Reached cyclethreshold.
2023-03-26 16:57:09	INFO	SDAlgorithmBase::deconvolve 	[/lustre/cv/users/jspeedie/data/images_lines/SO/v11_robust0.5/ABAur_SO.clean:C2] iters=0->0 [0], model=0->0, peakres=0.0091762->0.0091762, Reached cyclethreshold.
2023-03-26 16:57:09	INFO	MatrixCleaner::validatePsf() 	Peak of PSF = 1 at [1024, 1024]
2023-03-26 16:57:09	INFO	MatrixCleaner::makePsfScales() 	Calculating convolutions for scale 0
2023-03-26 16:57:10	INFO	MatrixCleaner::makePsfScales() 	Calculating convolutions for scale 1
2023-03-26 16:57:10	INFO	MatrixCleaner::makePsfScales() 	Calculating convolutions for scale 2
2023-03-26 16:57:11	INFO	MatrixCleaner::makePsfScales() 	Calculating convolutions for scale 3
2023-03-26 16:57:11	INFO	MatrixCleaner::makePsfScales() 	Calculating convolutions for scale 4
2023-03-26 16:57:11	INFO	MatrixCleaner::makeScaleMasks() 	Calculating mask convolution for scale 0
2023-03-26 16:57:11	INFO	MatrixCleaner::makeScaleMasks() 	Calculating mask convolution for scale 1
2023-03-26 16:57:11	INFO	MatrixCleaner::makeScaleMasks() 	Calculating mask convolution for scale 2
2023-03-26 16:57:12	INFO	MatrixCleaner::makeScaleMasks() 	Calculating mask convolution for scale 3
2023-03-26 16:57:12	INFO	MatrixCleaner::makeScaleMasks() 	Calculating mask convolution for scale 4
2023-03-26 16:57:12	INFO	MatrixCleaner::clean() 	scale 1 = 1 pixels with bias = 1
2023-03-26 16:57:12	INFO	MatrixCleaner::clean() 	scale 2 = 5 pixels with bias = 1
2023-03-26 16:57:12	INFO	MatrixCleaner::clean() 	scale 3 = 15 pixels with bias = 1
2023-03-26 16:57:12	INFO	MatrixCleaner::clean() 	scale 4 = 30 pixels with bias = 1
2023-03-26 16:57:12	INFO	MatrixCleaner::clean() 	scale 5 = 50 pixels with bias = 1
2023-03-26 16:57:12	INFO	MatrixCleaner::clean() 	Cleaning using given mask
2023-03-26 16:57:12	INFO	MatrixCleaner::clean() 	Cleaning pixels with mask values above 0.9
2023-03-26 16:57:12	INFO	MatrixCleaner::clean() 	Starting iteration
2023-03-26 16:57:12	INFO	MatrixCleaner::clean() 	Initial maximum residual is 0.0549505 within the mask 
2023-03-26 16:57:13	INFO	MatrixCleaner::clean() 	iteration    MaximumResidual   CleanedFlux
2023-03-26 16:57:13	INFO	MatrixCleaner::clean() 	2      0.0538515      0.00217604
2023-03-26 16:57:13	INFO	MatrixCleaner::clean() 	4      0.051719      0.00426591
2023-03-26 16:57:13	INFO	MatrixCleaner::clean() 	6      0.0496709      0.00627302
2023-03-26 16:57:13	INFO	MatrixCleaner::clean() 	8      0.047704      0.00820065
2023-03-26 16:57:13	INFO	MatrixCleaner::clean() 	10      0.0458149      0.0100519
2023-03-26 16:57:14	INFO	MatrixCleaner::clean() 	12      0.0440006      0.0118299
2023-03-26 16:57:14	INFO	MatrixCleaner::clean() 	14      0.0422582      0.0135375
2023-03-26 16:57:14	INFO	MatrixCleaner::clean() 	16      0.0405848      0.0151775
2023-03-26 16:57:14	INFO	MatrixCleaner::clean() 	18      0.0389776      0.0167525
2023-03-26 16:57:15	INFO	MatrixCleaner::clean() 	20      0.0374341      0.0182651
2023-03-26 16:57:15	INFO	MatrixCleaner::clean() 	  0    0
2023-03-26 16:57:15	INFO	MatrixCleaner::clean() 	  1    0
2023-03-26 16:57:15	INFO	MatrixCleaner::clean() 	  2    0
2023-03-26 16:57:15	INFO	MatrixCleaner::clean() 	  3    0
2023-03-26 16:57:15	INFO	MatrixCleaner::clean() 	  4    0.0182651
2023-03-26 16:57:15	INFO	MatrixCleaner::clean() 	Failed to reach stopping threshold
2023-03-26 16:57:15	INFO	SDAlgorithmBase::deconvolve 	[/lustre/cv/users/jspeedie/data/images_lines/SO/v11_robust0.5/ABAur_SO.clean:C3] iters=0->20 [20], model=0.025972->0.0442371, peakres=0.00994113->0.00882685, Reached cyclethreshold.
2023-03-26 16:57:15	INFO	MatrixCleaner::validatePsf() 	Peak of PSF = 1 at [1024, 1024]
2023-03-26 16:57:15	INFO	MatrixCleaner::makePsfScales() 	Calculating convolutions for scale 0
2023-03-26 16:57:16	INFO	MatrixCleaner::makePsfScales() 	Calculating convolutions for scale 1
2023-03-26 16:57:16	INFO	MatrixCleaner::makePsfScales() 	Calculating convolutions for scale 2
2023-03-26 16:57:16	INFO	MatrixCleaner::makePsfScales() 	Calculating convolutions for scale 3
2023-03-26 16:57:17	INFO	MatrixCleaner::makePsfScales() 	Calculating convolutions for scale 4
2023-03-26 16:57:17	INFO	MatrixCleaner::makeScaleMasks() 	Calculating mask convolution for scale 0
2023-03-26 16:57:17	INFO	MatrixCleaner::makeScaleMasks() 	Calculating mask convolution for scale 1
2023-03-26 16:57:17	INFO	MatrixCleaner::makeScaleMasks() 	Calculating mask convolution for scale 2
2023-03-26 16:57:17	INFO	MatrixCleaner::makeScaleMasks() 	Calculating mask convolution for scale 3
2023-03-26 16:57:17	INFO	MatrixCleaner::makeScaleMasks() 	Calculating mask convolution for scale 4
2023-03-26 16:57:18	INFO	MatrixCleaner::clean() 	scale 1 = 1 pixels with bias = 1
2023-03-26 16:57:18	INFO	MatrixCleaner::clean() 	scale 2 = 5 pixels with bias = 1
2023-03-26 16:57:18	INFO	MatrixCleaner::clean() 	scale 3 = 15 pixels with bias = 1
2023-03-26 16:57:18	INFO	MatrixCleaner::clean() 	scale 4 = 30 pixels with bias = 1
2023-03-26 16:57:18	INFO	MatrixCleaner::clean() 	scale 5 = 50 pixels with bias = 1
2023-03-26 16:57:18	INFO	MatrixCleaner::clean() 	Cleaning using given mask
2023-03-26 16:57:18	INFO	MatrixCleaner::clean() 	Cleaning pixels with mask values above 0.9
2023-03-26 16:57:18	INFO	MatrixCleaner::clean() 	Starting iteration
2023-03-26 16:57:18	INFO	MatrixCleaner::clean() 	Initial maximum residual is 0.0728966 within the mask 
2023-03-26 16:57:18	INFO	MatrixCleaner::clean() 	iteration    MaximumResidual   CleanedFlux
2023-03-26 16:57:18	INFO	MatrixCleaner::clean() 	2      0.0714394      0.00288672
2023-03-26 16:57:19	INFO	MatrixCleaner::clean() 	4      0.068613      0.00565923
2023-03-26 16:57:19	INFO	MatrixCleaner::clean() 	6      0.0658985      0.00832206
2023-03-26 16:57:19	INFO	MatrixCleaner::clean() 	8      0.0632914      0.0108795
2023-03-26 16:57:19	INFO	MatrixCleaner::clean() 	10      0.0607874      0.0133358
2023-03-26 16:57:19	INFO	MatrixCleaner::clean() 	12      0.0583834      0.015695
2023-03-26 16:57:20	INFO	MatrixCleaner::clean() 	14      0.0560791      0.0179609
2023-03-26 16:57:20	INFO	MatrixCleaner::clean() 	16      0.0540865      0.0201438
2023-03-26 16:57:20	INFO	MatrixCleaner::clean() 	18      0.0523345      0.0222534
2023-03-26 16:57:20	INFO	MatrixCleaner::clean() 	20      0.0507108      0.0242971
2023-03-26 16:57:20	INFO	MatrixCleaner::clean() 	  0    0
2023-03-26 16:57:20	INFO	MatrixCleaner::clean() 	  1    0
2023-03-26 16:57:20	INFO	MatrixCleaner::clean() 	  2    0
2023-03-26 16:57:20	INFO	MatrixCleaner::clean() 	  3    0
2023-03-26 16:57:20	INFO	MatrixCleaner::clean() 	  4    0.0242971
2023-03-26 16:57:20	INFO	MatrixCleaner::clean() 	Failed to reach stopping threshold
2023-03-26 16:57:21	INFO	SDAlgorithmBase::deconvolve 	[/lustre/cv/users/jspeedie/data/images_lines/SO/v11_robust0.5/ABAur_SO.clean:C4] iters=20->40 [20], model=0.0350577->0.0593545, peakres=0.0113268->0.00951644, Reached cycleniter.
2023-03-26 16:57:21	INFO	MatrixCleaner::validatePsf() 	Peak of PSF = 1 at [1024, 1024]
2023-03-26 16:57:21	INFO	MatrixCleaner::makePsfScales() 	Calculating convolutions for scale 0
2023-03-26 16:57:21	INFO	MatrixCleaner::makePsfScales() 	Calculating convolutions for scale 1
2023-03-26 16:57:22	INFO	MatrixCleaner::makePsfScales() 	Calculating convolutions for scale 2
2023-03-26 16:57:22	INFO	MatrixCleaner::makePsfScales() 	Calculating convolutions for scale 3
2023-03-26 16:57:22	INFO	MatrixCleaner::makePsfScales() 	Calculating convolutions for scale 4
2023-03-26 16:57:23	INFO	MatrixCleaner::makeScaleMasks() 	Calculating mask convolution for scale 0
2023-03-26 16:57:23	INFO	MatrixCleaner::makeScaleMasks() 	Calculating mask convolution for scale 1
2023-03-26 16:57:23	INFO	MatrixCleaner::makeScaleMasks() 	Calculating mask convolution for scale 2
2023-03-26 16:57:23	INFO	MatrixCleaner::makeScaleMasks() 	Calculating mask convolution for scale 3
2023-03-26 16:57:23	INFO	MatrixCleaner::makeScaleMasks() 	Calculating mask convolution for scale 4
2023-03-26 16:57:24	INFO	MatrixCleaner::clean() 	scale 1 = 1 pixels with bias = 1
2023-03-26 16:57:24	INFO	MatrixCleaner::clean() 	scale 2 = 5 pixels with bias = 1
2023-03-26 16:57:24	INFO	MatrixCleaner::clean() 	scale 3 = 15 pixels with bias = 1
2023-03-26 16:57:24	INFO	MatrixCleaner::clean() 	scale 4 = 30 pixels with bias = 1
2023-03-26 16:57:24	INFO	MatrixCleaner::clean() 	scale 5 = 50 pixels with bias = 1
2023-03-26 16:57:24	INFO	MatrixCleaner::clean() 	Cleaning using given mask
2023-03-26 16:57:24	INFO	MatrixCleaner::clean() 	Cleaning pixels with mask values above 0.9
2023-03-26 16:57:24	INFO	MatrixCleaner::clean() 	Starting iteration
2023-03-26 16:57:24	INFO	MatrixCleaner::clean() 	Initial maximum residual is 0.0743365 within the mask 
2023-03-26 16:57:24	INFO	MatrixCleaner::clean() 	iteration    MaximumResidual   CleanedFlux
2023-03-26 16:57:24	INFO	MatrixCleaner::clean() 	2      0.0728497      0.00294372
2023-03-26 16:57:24	INFO	MatrixCleaner::clean() 	4      0.0709471      0.00580712
2023-03-26 16:57:25	INFO	MatrixCleaner::clean() 	6      0.0691224      0.00859663
2023-03-26 16:57:25	INFO	MatrixCleaner::clean() 	8      0.0673723      0.0113152
2023-03-26 16:57:25	INFO	MatrixCleaner::clean() 	10      0.0656881      0.0139658
2023-03-26 16:57:25	INFO	MatrixCleaner::clean() 	12      0.0640876      0.0165519
2023-03-26 16:57:25	INFO	MatrixCleaner::clean() 	14      0.0625441      0.0190754
2023-03-26 16:57:26	INFO	MatrixCleaner::clean() 	16      0.0610522      0.0215387
2023-03-26 16:57:26	INFO	MatrixCleaner::clean() 	18      0.0596088      0.0239436
2023-03-26 16:57:26	INFO	MatrixCleaner::clean() 	20      0.0582121      0.0262921
2023-03-26 16:57:26	INFO	MatrixCleaner::clean() 	  0    0
2023-03-26 16:57:26	INFO	MatrixCleaner::clean() 	  1    0
2023-03-26 16:57:26	INFO	MatrixCleaner::clean() 	  2    0
2023-03-26 16:57:26	INFO	MatrixCleaner::clean() 	  3    0
2023-03-26 16:57:26	INFO	MatrixCleaner::clean() 	  4    0.0262921
2023-03-26 16:57:26	INFO	MatrixCleaner::clean() 	Failed to reach stopping threshold
2023-03-26 16:57:26	INFO	SDAlgorithmBase::deconvolve 	[/lustre/cv/users/jspeedie/data/images_lines/SO/v11_robust0.5/ABAur_SO.clean:C5] iters=40->60 [20], model=0.0341974->0.0604894, peakres=0.0118694->0.0104277, Reached cycleniter.
2023-03-26 16:57:26	INFO	MatrixCleaner::validatePsf() 	Peak of PSF = 1 at [1024, 1024]
2023-03-26 16:57:27	INFO	MatrixCleaner::makePsfScales() 	Calculating convolutions for scale 0
2023-03-26 16:57:27	INFO	MatrixCleaner::makePsfScales() 	Calculating convolutions for scale 1
2023-03-26 16:57:28	INFO	MatrixCleaner::makePsfScales() 	Calculating convolutions for scale 2
2023-03-26 16:57:28	INFO	MatrixCleaner::makePsfScales() 	Calculating convolutions for scale 3
2023-03-26 16:57:28	INFO	MatrixCleaner::makePsfScales() 	Calculating convolutions for scale 4
2023-03-26 16:57:28	INFO	MatrixCleaner::makeScaleMasks() 	Calculating mask convolution for scale 0
2023-03-26 16:57:29	INFO	MatrixCleaner::makeScaleMasks() 	Calculating mask convolution for scale 1
2023-03-26 16:57:29	INFO	MatrixCleaner::makeScaleMasks() 	Calculating mask convolution for scale 2
2023-03-26 16:57:29	INFO	MatrixCleaner::makeScaleMasks() 	Calculating mask convolution for scale 3
2023-03-26 16:57:29	INFO	MatrixCleaner::makeScaleMasks() 	Calculating mask convolution for scale 4
2023-03-26 16:57:30	INFO	MatrixCleaner::clean() 	scale 1 = 1 pixels with bias = 1
2023-03-26 16:57:30	INFO	MatrixCleaner::clean() 	scale 2 = 5 pixels with bias = 1
2023-03-26 16:57:30	INFO	MatrixCleaner::clean() 	scale 3 = 15 pixels with bias = 1
2023-03-26 16:57:30	INFO	MatrixCleaner::clean() 	scale 4 = 30 pixels with bias = 1
2023-03-26 16:57:30	INFO	MatrixCleaner::clean() 	scale 5 = 50 pixels with bias = 1
2023-03-26 16:57:30	INFO	MatrixCleaner::clean() 	Cleaning using given mask
2023-03-26 16:57:30	INFO	MatrixCleaner::clean() 	Cleaning pixels with mask values above 0.9
2023-03-26 16:57:30	INFO	MatrixCleaner::clean() 	Starting iteration
2023-03-26 16:57:30	INFO	MatrixCleaner::clean() 	Initial maximum residual is 0.0576375 within the mask 
2023-03-26 16:57:30	INFO	MatrixCleaner::clean() 	iteration    MaximumResidual   CleanedFlux
2023-03-26 16:57:30	INFO	MatrixCleaner::clean() 	2      0.0574457      0.00230166
2023-03-26 16:57:30	INFO	MatrixCleaner::clean() 	4      0.0562725      0.00455632
2023-03-26 16:57:30	INFO	MatrixCleaner::clean() 	6      0.0551233      0.00676491
2023-03-26 16:57:31	INFO	MatrixCleaner::clean() 	8      0.0539975      0.0089284
2023-03-26 16:57:31	INFO	MatrixCleaner::clean() 	10      0.0528947      0.0110477
2023-03-26 16:57:31	INFO	MatrixCleaner::clean() 	12      0.0518145      0.0131237
2023-03-26 16:57:31	INFO	MatrixCleaner::clean() 	14      0.0507563      0.0151573
2023-03-26 16:57:31	INFO	MatrixCleaner::clean() 	16      0.0497217      0.0171495
2023-03-26 16:57:32	INFO	MatrixCleaner::clean() 	18      0.0487083      0.019101
2023-03-26 16:57:32	INFO	MatrixCleaner::clean() 	20      0.0477156      0.0210128
2023-03-26 16:57:32	INFO	MatrixCleaner::clean() 	  0    0
2023-03-26 16:57:32	INFO	MatrixCleaner::clean() 	  1    0
2023-03-26 16:57:32	INFO	MatrixCleaner::clean() 	  2    0
2023-03-26 16:57:32	INFO	MatrixCleaner::clean() 	  3    0
2023-03-26 16:57:32	INFO	MatrixCleaner::clean() 	  4    0.0210128
2023-03-26 16:57:32	INFO	MatrixCleaner::clean() 	Failed to reach stopping threshold
2023-03-26 16:57:32	INFO	SDAlgorithmBase::deconvolve 	[/lustre/cv/users/jspeedie/data/images_lines/SO/v11_robust0.5/ABAur_SO.clean:C6] iters=60->80 [20], model=0.0258252->0.046838, peakres=0.0107646->0.00979263, Reached cycleniter.
2023-03-26 16:57:32	INFO	SDAlgorithmBase::deconvolve 	[/lustre/cv/users/jspeedie/data/images_lines/SO/v11_robust0.5/ABAur_SO.clean:C7] iters=80->80 [0], model=0.0215663->0.0215663, peakres=0.00914942->0.00914942, Reached cyclethreshold.
2023-03-26 16:57:32	INFO	SDAlgorithmBase::deconvolve 	[/lustre/cv/users/jspeedie/data/images_lines/SO/v11_robust0.5/ABAur_SO.clean:C8] iters=80->80 [0], model=0.0191426->0.0191426, peakres=0.00916844->0.00916844, Reached cyclethreshold.
2023-03-26 16:57:32	INFO	SDAlgorithmBase::deconvolve 	[/lustre/cv/users/jspeedie/data/images_lines/SO/v11_robust0.5/ABAur_SO.clean:C9] iters=80->80 [0], model=0.0154558->0.0154558, peakres=0.00926929->0.00926929, Reached cyclethreshold.
2023-03-26 16:57:32	INFO	SDAlgorithmBase::deconvolve 	[/lustre/cv/users/jspeedie/data/images_lines/SO/v11_robust0.5/ABAur_SO.clean] Total model flux (over all planes) : 0.267084     Peak Residual (over all planes) : 0.0104277 in C5:P0
2023-03-26 16:57:33	INFO	SynthesisDeconvolver::setupDeconvolution 	Set Deconvolution Options for [/lustre/cv/users/jspeedie/data/images_lines/SO/v11_robust0.5/ABAur_SO.clean] : multiscale
2023-03-26 16:57:36	INFO	SynthesisDeconvolver::initMinorCycle 	 Absolute Peak residual within mask : 0.0108888, over full image : 0.0108888
2023-03-26 16:57:36	INFO	CubeMinorCycleAlgorithm::task 	Processing channels in range [20, 29]
2023-03-26 16:57:36	INFO	SDAlgorithmBase::deconvolve 	[/lustre/cv/users/jspeedie/data/images_lines/SO/v11_robust0.5/ABAur_SO.clean] Run multiscale minor-cycle on 10 chans | CycleThreshold=0.00929772, CycleNiter=20, Gain=0.02
2023-03-26 16:57:36	INFO	SDAlgorithmBase::deconvolve 	[/lustre/cv/users/jspeedie/data/images_lines/SO/v11_robust0.5/ABAur_SO.clean:C0] iters=0->0 [0], model=0->0, peakres=0.0089566->0.0089566, Reached cyclethreshold.
2023-03-26 16:57:37	INFO	MatrixCleaner::validatePsf() 	Peak of PSF = 1 at [1024, 1024]
2023-03-26 16:57:37	INFO	MatrixCleaner::makePsfScales() 	Calculating convolutions for scale 0
2023-03-26 16:57:37	INFO	MatrixCleaner::makePsfScales() 	Calculating convolutions for scale 1
2023-03-26 16:57:38	INFO	MatrixCleaner::makePsfScales() 	Calculating convolutions for scale 2
2023-03-26 16:57:38	INFO	MatrixCleaner::makePsfScales() 	Calculating convolutions for scale 3
2023-03-26 16:57:38	INFO	MatrixCleaner::makePsfScales() 	Calculating convolutions for scale 4
2023-03-26 16:57:39	INFO	MatrixCleaner::makeScaleMasks() 	Calculating mask convolution for scale 0
2023-03-26 16:57:39	INFO	MatrixCleaner::makeScaleMasks() 	Calculating mask convolution for scale 1
2023-03-26 16:57:39	INFO	MatrixCleaner::makeScaleMasks() 	Calculating mask convolution for scale 2
2023-03-26 16:57:39	INFO	MatrixCleaner::makeScaleMasks() 	Calculating mask convolution for scale 3
2023-03-26 16:57:39	INFO	MatrixCleaner::makeScaleMasks() 	Calculating mask convolution for scale 4
2023-03-26 16:57:40	INFO	MatrixCleaner::clean() 	scale 1 = 1 pixels with bias = 1
2023-03-26 16:57:40	INFO	MatrixCleaner::clean() 	scale 2 = 5 pixels with bias = 1
2023-03-26 16:57:40	INFO	MatrixCleaner::clean() 	scale 3 = 15 pixels with bias = 1
2023-03-26 16:57:40	INFO	MatrixCleaner::clean() 	scale 4 = 30 pixels with bias = 1
2023-03-26 16:57:40	INFO	MatrixCleaner::clean() 	scale 5 = 50 pixels with bias = 1
2023-03-26 16:57:40	INFO	MatrixCleaner::clean() 	Cleaning using given mask
2023-03-26 16:57:40	INFO	MatrixCleaner::clean() 	Cleaning pixels with mask values above 0.9
2023-03-26 16:57:40	INFO	MatrixCleaner::clean() 	Starting iteration
2023-03-26 16:57:40	INFO	MatrixCleaner::clean() 	Initial maximum residual is 0.0268091 within the mask 
2023-03-26 16:57:40	INFO	MatrixCleaner::clean() 	iteration    MaximumResidual   CleanedFlux
2023-03-26 16:57:40	INFO	MatrixCleaner::clean() 	2      0.0262729      0.00106164
2023-03-26 16:57:40	INFO	MatrixCleaner::clean() 	4      0.0384986      0.00260706
2023-03-26 16:57:41	INFO	MatrixCleaner::clean() 	6      0.0252952      0.00387328
2023-03-26 16:57:41	INFO	MatrixCleaner::clean() 	8      0.0370702      0.00511398
2023-03-26 16:57:41	INFO	MatrixCleaner::clean() 	10      0.0243517      0.00633343
2023-03-26 16:57:41	INFO	MatrixCleaner::clean() 	12      0.0356997      0.00776545
2023-03-26 16:57:41	INFO	MatrixCleaner::clean() 	14      0.0234436      0.00870676
2023-03-26 16:57:42	INFO	MatrixCleaner::clean() 	16      0.0343856      0.0100861
2023-03-26 16:57:42	INFO	MatrixCleaner::clean() 	18      0.0337093      0.0112153
2023-03-26 16:57:42	INFO	MatrixCleaner::clean() 	20      0.022178      0.0123254
2023-03-26 16:57:42	INFO	MatrixCleaner::clean() 	  0    0
2023-03-26 16:57:42	INFO	MatrixCleaner::clean() 	  1    0
2023-03-26 16:57:42	INFO	MatrixCleaner::clean() 	  2    0
2023-03-26 16:57:42	INFO	MatrixCleaner::clean() 	  3    0.00439375
2023-03-26 16:57:42	INFO	MatrixCleaner::clean() 	  4    0.0079316
2023-03-26 16:57:42	INFO	MatrixCleaner::clean() 	Failed to reach stopping threshold
2023-03-26 16:57:42	INFO	SDAlgorithmBase::deconvolve 	[/lustre/cv/users/jspeedie/data/images_lines/SO/v11_robust0.5/ABAur_SO.clean:C1] iters=0->20 [20], model=0.0149005->0.0272257, peakres=0.00950297->0.00865519, Reached cyclethreshold.
2023-03-26 16:57:42	INFO	MatrixCleaner::validatePsf() 	Peak of PSF = 1 at [1024, 1024]
2023-03-26 16:57:43	INFO	MatrixCleaner::makePsfScales() 	Calculating convolutions for scale 0
2023-03-26 16:57:43	INFO	MatrixCleaner::makePsfScales() 	Calculating convolutions for scale 1
2023-03-26 16:57:44	INFO	MatrixCleaner::makePsfScales() 	Calculating convolutions for scale 2
2023-03-26 16:57:44	INFO	MatrixCleaner::makePsfScales() 	Calculating convolutions for scale 3
2023-03-26 16:57:44	INFO	MatrixCleaner::makePsfScales() 	Calculating convolutions for scale 4
2023-03-26 16:57:44	INFO	MatrixCleaner::makeScaleMasks() 	Calculating mask convolution for scale 0
2023-03-26 16:57:45	INFO	MatrixCleaner::makeScaleMasks() 	Calculating mask convolution for scale 1
2023-03-26 16:57:45	INFO	MatrixCleaner::makeScaleMasks() 	Calculating mask convolution for scale 2
2023-03-26 16:57:45	INFO	MatrixCleaner::makeScaleMasks() 	Calculating mask convolution for scale 3
2023-03-26 16:57:45	INFO	MatrixCleaner::makeScaleMasks() 	Calculating mask convolution for scale 4
2023-03-26 16:57:46	INFO	MatrixCleaner::clean() 	scale 1 = 1 pixels with bias = 1
2023-03-26 16:57:46	INFO	MatrixCleaner::clean() 	scale 2 = 5 pixels with bias = 1
2023-03-26 16:57:46	INFO	MatrixCleaner::clean() 	scale 3 = 15 pixels with bias = 1
2023-03-26 16:57:46	INFO	MatrixCleaner::clean() 	scale 4 = 30 pixels with bias = 1
2023-03-26 16:57:46	INFO	MatrixCleaner::clean() 	scale 5 = 50 pixels with bias = 1
2023-03-26 16:57:46	INFO	MatrixCleaner::clean() 	Cleaning using given mask
2023-03-26 16:57:46	INFO	MatrixCleaner::clean() 	Cleaning pixels with mask values above 0.9
2023-03-26 16:57:46	INFO	MatrixCleaner::clean() 	Starting iteration
2023-03-26 16:57:46	INFO	MatrixCleaner::clean() 	Initial maximum residual is 0.0273929 within the mask 
2023-03-26 16:57:46	INFO	MatrixCleaner::clean() 	iteration    MaximumResidual   CleanedFlux
2023-03-26 16:57:46	INFO	MatrixCleaner::clean() 	2      0.0179315      0.000906487
2023-03-26 16:57:46	INFO	MatrixCleaner::clean() 	4      0.017575      0.00179492
2023-03-26 16:57:46	INFO	MatrixCleaner::clean() 	6      0.0172246      0.00266564
2023-03-26 16:57:46	INFO	MatrixCleaner::clean() 	8      0.0168824      0.00351903
2023-03-26 16:57:47	INFO	MatrixCleaner::clean() 	10      0.0252813      0.00478424
2023-03-26 16:57:47	INFO	MatrixCleaner::clean() 	12      0.0247775      0.00560767
2023-03-26 16:57:47	INFO	MatrixCleaner::clean() 	14      0.0159431      0.00666463
2023-03-26 16:57:47	INFO	MatrixCleaner::clean() 	16      0.0358553      0.00770009
2023-03-26 16:57:48	INFO	MatrixCleaner::clean() 	18      0.0154627      0.00848725
2023-03-26 16:57:48	INFO	MatrixCleaner::clean() 	20      0.0348529      0.0094916
2023-03-26 16:57:48	INFO	MatrixCleaner::clean() 	  0    0
2023-03-26 16:57:48	INFO	MatrixCleaner::clean() 	  1    0
2023-03-26 16:57:48	INFO	MatrixCleaner::clean() 	  2    0.0029739
2023-03-26 16:57:48	INFO	MatrixCleaner::clean() 	  3    0.00360585
2023-03-26 16:57:48	INFO	MatrixCleaner::clean() 	  4    0.00291186
2023-03-26 16:57:48	INFO	MatrixCleaner::clean() 	Failed to reach stopping threshold
2023-03-26 16:57:48	INFO	SDAlgorithmBase::deconvolve 	[/lustre/cv/users/jspeedie/data/images_lines/SO/v11_robust0.5/ABAur_SO.clean:C2] iters=20->40 [20], model=0.0118425->0.021334, peakres=0.0101611->0.00910419, Reached cyclethreshold.
2023-03-26 16:57:48	INFO	MatrixCleaner::validatePsf() 	Peak of PSF = 1 at [1024, 1024]
2023-03-26 16:57:48	INFO	MatrixCleaner::makePsfScales() 	Calculating convolutions for scale 0
2023-03-26 16:57:49	INFO	MatrixCleaner::makePsfScales() 	Calculating convolutions for scale 1
2023-03-26 16:57:49	INFO	MatrixCleaner::makePsfScales() 	Calculating convolutions for scale 2
2023-03-26 16:57:50	INFO	MatrixCleaner::makePsfScales() 	Calculating convolutions for scale 3
2023-03-26 16:57:50	INFO	MatrixCleaner::makePsfScales() 	Calculating convolutions for scale 4
2023-03-26 16:57:50	INFO	MatrixCleaner::makeScaleMasks() 	Calculating mask convolution for scale 0
2023-03-26 16:57:50	INFO	MatrixCleaner::makeScaleMasks() 	Calculating mask convolution for scale 1
2023-03-26 16:57:50	INFO	MatrixCleaner::makeScaleMasks() 	Calculating mask convolution for scale 2
2023-03-26 16:57:51	INFO	MatrixCleaner::makeScaleMasks() 	Calculating mask convolution for scale 3
2023-03-26 16:57:51	INFO	MatrixCleaner::makeScaleMasks() 	Calculating mask convolution for scale 4
2023-03-26 16:57:51	INFO	MatrixCleaner::clean() 	scale 1 = 1 pixels with bias = 1
2023-03-26 16:57:51	INFO	MatrixCleaner::clean() 	scale 2 = 5 pixels with bias = 1
2023-03-26 16:57:51	INFO	MatrixCleaner::clean() 	scale 3 = 15 pixels with bias = 1
2023-03-26 16:57:51	INFO	MatrixCleaner::clean() 	scale 4 = 30 pixels with bias = 1
2023-03-26 16:57:51	INFO	MatrixCleaner::clean() 	scale 5 = 50 pixels with bias = 1
2023-03-26 16:57:51	INFO	MatrixCleaner::clean() 	Cleaning using given mask
2023-03-26 16:57:51	INFO	MatrixCleaner::clean() 	Cleaning pixels with mask values above 0.9
2023-03-26 16:57:51	INFO	MatrixCleaner::clean() 	Starting iteration
2023-03-26 16:57:52	INFO	MatrixCleaner::clean() 	Initial maximum residual is 0.0178867 within the mask 
2023-03-26 16:57:52	INFO	MatrixCleaner::clean() 	iteration    MaximumResidual   CleanedFlux
2023-03-26 16:57:52	INFO	MatrixCleaner::clean() 	2      0.0108552      0.000574837
2023-03-26 16:57:52	INFO	MatrixCleaner::clean() 	Diverging due to large scale?
2023-03-26 16:57:52	INFO	MatrixCleaner::clean() 	  0    0.000217103
2023-03-26 16:57:52	INFO	MatrixCleaner::clean() 	  1    0
2023-03-26 16:57:52	INFO	MatrixCleaner::clean() 	  2    0.000357734
2023-03-26 16:57:52	INFO	MatrixCleaner::clean() 	  3    0
2023-03-26 16:57:52	INFO	MatrixCleaner::clean() 	  4    0.0008087
2023-03-26 16:57:52	WARN	SDAlgorithmMSClean::takeOneStep (file src/code/synthesis/ImagerObjects/SDAlgorithmMSClean.cc, line 185)	MSClean minor cycle stopped at large scale negative or diverging
2023-03-26 16:57:52	INFO	SDAlgorithmBase::deconvolve 	[/lustre/cv/users/jspeedie/data/images_lines/SO/v11_robust0.5/ABAur_SO.clean:C3] iters=40->43 [3], model=0.0117924->0.0123672, peakres=0.0108888->0.0106381, Exited multiscale minor cycle without reaching any stopping criterion.
2023-03-26 16:57:52	INFO	MatrixCleaner::validatePsf() 	Peak of PSF = 1 at [1024, 1024]
2023-03-26 16:57:52	INFO	MatrixCleaner::makePsfScales() 	Calculating convolutions for scale 0
2023-03-26 16:57:53	INFO	MatrixCleaner::makePsfScales() 	Calculating convolutions for scale 1
2023-03-26 16:57:53	INFO	MatrixCleaner::makePsfScales() 	Calculating convolutions for scale 2
2023-03-26 16:57:54	INFO	MatrixCleaner::makePsfScales() 	Calculating convolutions for scale 3
2023-03-26 16:57:54	INFO	MatrixCleaner::makePsfScales() 	Calculating convolutions for scale 4
2023-03-26 16:57:54	INFO	MatrixCleaner::makeScaleMasks() 	Calculating mask convolution for scale 0
2023-03-26 16:57:54	INFO	MatrixCleaner::makeScaleMasks() 	Calculating mask convolution for scale 1
2023-03-26 16:57:54	INFO	MatrixCleaner::makeScaleMasks() 	Calculating mask convolution for scale 2
2023-03-26 16:57:54	INFO	MatrixCleaner::makeScaleMasks() 	Calculating mask convolution for scale 3
2023-03-26 16:57:55	INFO	MatrixCleaner::makeScaleMasks() 	Calculating mask convolution for scale 4
2023-03-26 16:57:55	INFO	MatrixCleaner::clean() 	scale 1 = 1 pixels with bias = 1
2023-03-26 16:57:55	INFO	MatrixCleaner::clean() 	scale 2 = 5 pixels with bias = 1
2023-03-26 16:57:55	INFO	MatrixCleaner::clean() 	scale 3 = 15 pixels with bias = 1
2023-03-26 16:57:55	INFO	MatrixCleaner::clean() 	scale 4 = 30 pixels with bias = 1
2023-03-26 16:57:55	INFO	MatrixCleaner::clean() 	scale 5 = 50 pixels with bias = 1
2023-03-26 16:57:55	INFO	MatrixCleaner::clean() 	Cleaning using given mask
2023-03-26 16:57:55	INFO	MatrixCleaner::clean() 	Cleaning pixels with mask values above 0.9
2023-03-26 16:57:55	INFO	MatrixCleaner::clean() 	Starting iteration
2023-03-26 16:57:55	INFO	MatrixCleaner::clean() 	Initial maximum residual is 0.039048 within the mask 
2023-03-26 16:57:55	INFO	MatrixCleaner::clean() 	iteration    MaximumResidual   CleanedFlux
2023-03-26 16:57:56	INFO	MatrixCleaner::clean() 	2      0.0102744      0.000986449
2023-03-26 16:57:56	INFO	MatrixCleaner::clean() 	4      0.0100705      0.00195331
2023-03-26 16:57:56	INFO	MatrixCleaner::clean() 	6      0.00987058      0.00290099
2023-03-26 16:57:56	INFO	MatrixCleaner::clean() 	8      0.00967447      0.003587
2023-03-26 16:57:56	INFO	MatrixCleaner::clean() 	10      0.0358373      0.00502586
2023-03-26 16:57:57	INFO	MatrixCleaner::clean() 	12      0.00941763      0.00592221
2023-03-26 16:57:57	INFO	MatrixCleaner::clean() 	14      0.0232861      0.00708583
2023-03-26 16:57:57	INFO	MatrixCleaner::clean() 	Reached stopping threshold 0.00929772 at iteration 14
2023-03-26 16:57:57	INFO	MatrixCleaner::clean() 	Optimum flux is 0.00916603
2023-03-26 16:57:57	INFO	MatrixCleaner::clean() 	  0    0.00116947
2023-03-26 16:57:57	INFO	MatrixCleaner::clean() 	  1    0
2023-03-26 16:57:57	INFO	MatrixCleaner::clean() 	  2    0
2023-03-26 16:57:57	INFO	MatrixCleaner::clean() 	  3    0.000958246
2023-03-26 16:57:57	INFO	MatrixCleaner::clean() 	  4    0.00514143
2023-03-26 16:57:57	INFO	SDAlgorithmBase::deconvolve 	[/lustre/cv/users/jspeedie/data/images_lines/SO/v11_robust0.5/ABAur_SO.clean:C4] iters=43->58 [15], model=0.0147909->0.0218767, peakres=0.0102728->0.00916603, Reached cyclethreshold.
2023-03-26 16:57:57	INFO	MatrixCleaner::validatePsf() 	Peak of PSF = 1 at [1024, 1024]
2023-03-26 16:57:58	INFO	MatrixCleaner::makePsfScales() 	Calculating convolutions for scale 0
2023-03-26 16:57:58	INFO	MatrixCleaner::makePsfScales() 	Calculating convolutions for scale 1
2023-03-26 16:57:59	INFO	MatrixCleaner::makePsfScales() 	Calculating convolutions for scale 2
2023-03-26 16:57:59	INFO	MatrixCleaner::makePsfScales() 	Calculating convolutions for scale 3
2023-03-26 16:57:59	INFO	MatrixCleaner::makePsfScales() 	Calculating convolutions for scale 4
2023-03-26 16:57:59	INFO	MatrixCleaner::makeScaleMasks() 	Calculating mask convolution for scale 0
2023-03-26 16:58:00	INFO	MatrixCleaner::makeScaleMasks() 	Calculating mask convolution for scale 1
2023-03-26 16:58:00	INFO	MatrixCleaner::makeScaleMasks() 	Calculating mask convolution for scale 2
2023-03-26 16:58:00	INFO	MatrixCleaner::makeScaleMasks() 	Calculating mask convolution for scale 3
2023-03-26 16:58:00	INFO	MatrixCleaner::makeScaleMasks() 	Calculating mask convolution for scale 4
2023-03-26 16:58:01	INFO	MatrixCleaner::clean() 	scale 1 = 1 pixels with bias = 1
2023-03-26 16:58:01	INFO	MatrixCleaner::clean() 	scale 2 = 5 pixels with bias = 1
2023-03-26 16:58:01	INFO	MatrixCleaner::clean() 	scale 3 = 15 pixels with bias = 1
2023-03-26 16:58:01	INFO	MatrixCleaner::clean() 	scale 4 = 30 pixels with bias = 1
2023-03-26 16:58:01	INFO	MatrixCleaner::clean() 	scale 5 = 50 pixels with bias = 1
2023-03-26 16:58:01	INFO	MatrixCleaner::clean() 	Cleaning using given mask
2023-03-26 16:58:01	INFO	MatrixCleaner::clean() 	Cleaning pixels with mask values above 0.9
2023-03-26 16:58:01	INFO	MatrixCleaner::clean() 	Starting iteration
2023-03-26 16:58:01	INFO	MatrixCleaner::clean() 	Initial maximum residual is 0.0394752 within the mask 
2023-03-26 16:58:01	INFO	MatrixCleaner::clean() 	iteration    MaximumResidual   CleanedFlux
2023-03-26 16:58:01	INFO	MatrixCleaner::clean() 	2      0.0386857      0.00156322
2023-03-26 16:58:01	INFO	MatrixCleaner::clean() 	4      0.0379301      0.00308463
2023-03-26 16:58:01	INFO	MatrixCleaner::clean() 	6      0.0371893      0.00457632
2023-03-26 16:58:01	INFO	MatrixCleaner::clean() 	8      0.0244348      0.00579832
2023-03-26 16:58:02	INFO	MatrixCleaner::clean() 	10      0.0358411      0.00723404
2023-03-26 16:58:02	INFO	MatrixCleaner::clean() 	12      0.0235421      0.00840973
2023-03-26 16:58:02	INFO	MatrixCleaner::clean() 	14      0.0345433      0.0097916
2023-03-26 16:58:02	INFO	MatrixCleaner::clean() 	16      0.0226889      0.0109229
2023-03-26 16:58:03	INFO	MatrixCleaner::clean() 	18      0.0332148      0.0117866
2023-03-26 16:58:03	INFO	MatrixCleaner::clean() 	20      0.00973543      0.0124245
2023-03-26 16:58:03	INFO	MatrixCleaner::clean() 	  0    0
2023-03-26 16:58:03	INFO	MatrixCleaner::clean() 	  1    0.000394093
2023-03-26 16:58:03	INFO	MatrixCleaner::clean() 	  2    0
2023-03-26 16:58:03	INFO	MatrixCleaner::clean() 	  3    0.00185653
2023-03-26 16:58:03	INFO	MatrixCleaner::clean() 	  4    0.0101739
2023-03-26 16:58:03	INFO	MatrixCleaner::clean() 	Failed to reach stopping threshold
2023-03-26 16:58:03	INFO	SDAlgorithmBase::deconvolve 	[/lustre/cv/users/jspeedie/data/images_lines/SO/v11_robust0.5/ABAur_SO.clean:C5] iters=58->78 [20], model=0.0173862->0.0298106, peakres=0.00945021->0.00875069, Reached cyclethreshold.
2023-03-26 16:58:03	INFO	MatrixCleaner::validatePsf() 	Peak of PSF = 1 at [1024, 1024]
2023-03-26 16:58:03	INFO	MatrixCleaner::makePsfScales() 	Calculating convolutions for scale 0
2023-03-26 16:58:04	INFO	MatrixCleaner::makePsfScales() 	Calculating convolutions for scale 1
2023-03-26 16:58:04	INFO	MatrixCleaner::makePsfScales() 	Calculating convolutions for scale 2
2023-03-26 16:58:05	INFO	MatrixCleaner::makePsfScales() 	Calculating convolutions for scale 3
2023-03-26 16:58:05	INFO	MatrixCleaner::makePsfScales() 	Calculating convolutions for scale 4
2023-03-26 16:58:05	INFO	MatrixCleaner::makeScaleMasks() 	Calculating mask convolution for scale 0
2023-03-26 16:58:05	INFO	MatrixCleaner::makeScaleMasks() 	Calculating mask convolution for scale 1
2023-03-26 16:58:05	INFO	MatrixCleaner::makeScaleMasks() 	Calculating mask convolution for scale 2
2023-03-26 16:58:06	INFO	MatrixCleaner::makeScaleMasks() 	Calculating mask convolution for scale 3
2023-03-26 16:58:06	INFO	MatrixCleaner::makeScaleMasks() 	Calculating mask convolution for scale 4
2023-03-26 16:58:06	INFO	MatrixCleaner::clean() 	scale 1 = 1 pixels with bias = 1
2023-03-26 16:58:06	INFO	MatrixCleaner::clean() 	scale 2 = 5 pixels with bias = 1
2023-03-26 16:58:06	INFO	MatrixCleaner::clean() 	scale 3 = 15 pixels with bias = 1
2023-03-26 16:58:06	INFO	MatrixCleaner::clean() 	scale 4 = 30 pixels with bias = 1
2023-03-26 16:58:06	INFO	MatrixCleaner::clean() 	scale 5 = 50 pixels with bias = 1
2023-03-26 16:58:06	INFO	MatrixCleaner::clean() 	Cleaning using given mask
2023-03-26 16:58:06	INFO	MatrixCleaner::clean() 	Cleaning pixels with mask values above 0.9
2023-03-26 16:58:07	INFO	MatrixCleaner::clean() 	Starting iteration
2023-03-26 16:58:07	INFO	MatrixCleaner::clean() 	Initial maximum residual is 0.0392857 within the mask 
2023-03-26 16:58:07	INFO	MatrixCleaner::clean() 	iteration    MaximumResidual   CleanedFlux
2023-03-26 16:58:07	INFO	MatrixCleaner::clean() 	2      0.0170539      0.00112679
2023-03-26 16:58:07	INFO	MatrixCleaner::clean() 	4      0.0167168      0.00223131
2023-03-26 16:58:07	INFO	MatrixCleaner::clean() 	6      0.0163865      0.00331401
2023-03-26 16:58:07	INFO	MatrixCleaner::clean() 	8      0.0366966      0.00424629
2023-03-26 16:58:08	INFO	MatrixCleaner::clean() 	10      0.00963961      0.00492964
2023-03-26 16:58:08	INFO	MatrixCleaner::clean() 	12      0.035687      0.00595908
2023-03-26 16:58:08	INFO	MatrixCleaner::clean() 	14      -0.00943001      0.00624301
2023-03-26 16:58:08	INFO	MatrixCleaner::clean() 	16      0.0347035      0.00712451
2023-03-26 16:58:08	INFO	MatrixCleaner::clean() 	Reached stopping threshold 0.00929772 at iteration 17
2023-03-26 16:58:08	INFO	MatrixCleaner::clean() 	Optimum flux is 0.00924217
2023-03-26 16:58:08	INFO	MatrixCleaner::clean() 	  0    0.000205126
2023-03-26 16:58:08	INFO	MatrixCleaner::clean() 	  1    0
2023-03-26 16:58:08	INFO	MatrixCleaner::clean() 	  2    0.00162297
2023-03-26 16:58:08	INFO	MatrixCleaner::clean() 	  3    0.000963096
2023-03-26 16:58:08	INFO	MatrixCleaner::clean() 	  4    0.0044526
2023-03-26 16:58:09	INFO	SDAlgorithmBase::deconvolve 	[/lustre/cv/users/jspeedie/data/images_lines/SO/v11_robust0.5/ABAur_SO.clean:C6] iters=78->96 [18], model=0.0154228->0.0228513, peakres=0.0101678->0.00924217, Reached cyclethreshold.
2023-03-26 16:58:09	INFO	SDAlgorithmBase::deconvolve 	[/lustre/cv/users/jspeedie/data/images_lines/SO/v11_robust0.5/ABAur_SO.clean:C7] iters=96->96 [0], model=0.011569->0.011569, peakres=0.00922831->0.00922831, Reached cyclethreshold.
2023-03-26 16:58:09	INFO	SDAlgorithmBase::deconvolve 	[/lustre/cv/users/jspeedie/data/images_lines/SO/v11_robust0.5/ABAur_SO.clean:C8] iters=96->96 [0], model=0->0, peakres=0.00903973->0.00903973, Reached cyclethreshold.
2023-03-26 16:58:09	INFO	MatrixCleaner::validatePsf() 	Peak of PSF = 1 at [1024, 1024]
2023-03-26 16:58:09	INFO	MatrixCleaner::makePsfScales() 	Calculating convolutions for scale 0
2023-03-26 16:58:10	INFO	MatrixCleaner::makePsfScales() 	Calculating convolutions for scale 1
2023-03-26 16:58:10	INFO	MatrixCleaner::makePsfScales() 	Calculating convolutions for scale 2
2023-03-26 16:58:10	INFO	MatrixCleaner::makePsfScales() 	Calculating convolutions for scale 3
2023-03-26 16:58:11	INFO	MatrixCleaner::makePsfScales() 	Calculating convolutions for scale 4
2023-03-26 16:58:11	INFO	MatrixCleaner::makeScaleMasks() 	Calculating mask convolution for scale 0
2023-03-26 16:58:11	INFO	MatrixCleaner::makeScaleMasks() 	Calculating mask convolution for scale 1
2023-03-26 16:58:11	INFO	MatrixCleaner::makeScaleMasks() 	Calculating mask convolution for scale 2
2023-03-26 16:58:11	INFO	MatrixCleaner::makeScaleMasks() 	Calculating mask convolution for scale 3
2023-03-26 16:58:11	INFO	MatrixCleaner::makeScaleMasks() 	Calculating mask convolution for scale 4
2023-03-26 16:58:12	INFO	MatrixCleaner::clean() 	scale 1 = 1 pixels with bias = 1
2023-03-26 16:58:12	INFO	MatrixCleaner::clean() 	scale 2 = 5 pixels with bias = 1
2023-03-26 16:58:12	INFO	MatrixCleaner::clean() 	scale 3 = 15 pixels with bias = 1
2023-03-26 16:58:12	INFO	MatrixCleaner::clean() 	scale 4 = 30 pixels with bias = 1
2023-03-26 16:58:12	INFO	MatrixCleaner::clean() 	scale 5 = 50 pixels with bias = 1
2023-03-26 16:58:12	INFO	MatrixCleaner::clean() 	Cleaning using given mask
2023-03-26 16:58:12	INFO	MatrixCleaner::clean() 	Cleaning pixels with mask values above 0.9
2023-03-26 16:58:12	INFO	MatrixCleaner::clean() 	Starting iteration
2023-03-26 16:58:12	INFO	MatrixCleaner::clean() 	Initial maximum residual is 0.0395892 within the mask 
2023-03-26 16:58:12	INFO	MatrixCleaner::clean() 	iteration    MaximumResidual   CleanedFlux
2023-03-26 16:58:12	INFO	MatrixCleaner::clean() 	2      0.0387989      0.00156776
2023-03-26 16:58:13	INFO	MatrixCleaner::clean() 	4      0.0380416      0.00310491
2023-03-26 16:58:13	INFO	MatrixCleaner::clean() 	6      0.037299      0.00461206
2023-03-26 16:58:13	INFO	MatrixCleaner::clean() 	8      0.0365709      0.00608977
2023-03-26 16:58:13	INFO	MatrixCleaner::clean() 	10      0.0358571      0.00753864
2023-03-26 16:58:13	INFO	MatrixCleaner::clean() 	12      0.0351572      0.00895922
2023-03-26 16:58:14	INFO	MatrixCleaner::clean() 	14      0.0103878      0.00987041
2023-03-26 16:58:14	INFO	MatrixCleaner::clean() 	16      0.0342412      0.0112447
2023-03-26 16:58:14	INFO	MatrixCleaner::clean() 	18      0.0338069      0.0121231
2023-03-26 16:58:14	INFO	MatrixCleaner::clean() 	20      0.0331474      0.0134527
2023-03-26 16:58:14	INFO	MatrixCleaner::clean() 	  0    0
2023-03-26 16:58:14	INFO	MatrixCleaner::clean() 	  1    0.00040995
2023-03-26 16:58:14	INFO	MatrixCleaner::clean() 	  2    0
2023-03-26 16:58:14	INFO	MatrixCleaner::clean() 	  3    0
2023-03-26 16:58:14	INFO	MatrixCleaner::clean() 	  4    0.0130427
2023-03-26 16:58:14	INFO	MatrixCleaner::clean() 	Failed to reach stopping threshold
2023-03-26 16:58:15	INFO	SDAlgorithmBase::deconvolve 	[/lustre/cv/users/jspeedie/data/images_lines/SO/v11_robust0.5/ABAur_SO.clean:C9] iters=96->116 [20], model=0.0171986->0.0306512, peakres=0.0095611->0.00875283, Reached cyclethreshold.
2023-03-26 16:58:15	INFO	SDAlgorithmBase::deconvolve 	[/lustre/cv/users/jspeedie/data/images_lines/SO/v11_robust0.5/ABAur_SO.clean] Total model flux (over all planes) : 0.177686     Peak Residual (over all planes) : 0.0106381 in C3:P0
2023-03-26 16:58:15	INFO	SynthesisDeconvolver::setupDeconvolution 	Set Deconvolution Options for [/lustre/cv/users/jspeedie/data/images_lines/SO/v11_robust0.5/ABAur_SO.clean] : multiscale
2023-03-26 16:58:18	INFO	SynthesisDeconvolver::initMinorCycle 	 Absolute Peak residual within mask : 0.0103999, over full image : 0.0103999
2023-03-26 16:58:18	INFO	CubeMinorCycleAlgorithm::task 	Processing channels in range [30, 39]
2023-03-26 16:58:18	INFO	SDAlgorithmBase::deconvolve 	[/lustre/cv/users/jspeedie/data/images_lines/SO/v11_robust0.5/ABAur_SO.clean] Run multiscale minor-cycle on 10 chans | CycleThreshold=0.00929772, CycleNiter=20, Gain=0.02
2023-03-26 16:58:18	INFO	MatrixCleaner::validatePsf() 	Peak of PSF = 1 at [1024, 1024]
2023-03-26 16:58:19	INFO	MatrixCleaner::makePsfScales() 	Calculating convolutions for scale 0
2023-03-26 16:58:19	INFO	MatrixCleaner::makePsfScales() 	Calculating convolutions for scale 1
2023-03-26 16:58:20	INFO	MatrixCleaner::makePsfScales() 	Calculating convolutions for scale 2
2023-03-26 16:58:20	INFO	MatrixCleaner::makePsfScales() 	Calculating convolutions for scale 3
2023-03-26 16:58:20	INFO	MatrixCleaner::makePsfScales() 	Calculating convolutions for scale 4
2023-03-26 16:58:21	INFO	MatrixCleaner::makeScaleMasks() 	Calculating mask convolution for scale 0
2023-03-26 16:58:21	INFO	MatrixCleaner::makeScaleMasks() 	Calculating mask convolution for scale 1
2023-03-26 16:58:21	INFO	MatrixCleaner::makeScaleMasks() 	Calculating mask convolution for scale 2
2023-03-26 16:58:21	INFO	MatrixCleaner::makeScaleMasks() 	Calculating mask convolution for scale 3
2023-03-26 16:58:21	INFO	MatrixCleaner::makeScaleMasks() 	Calculating mask convolution for scale 4
2023-03-26 16:58:22	INFO	MatrixCleaner::clean() 	scale 1 = 1 pixels with bias = 1
2023-03-26 16:58:22	INFO	MatrixCleaner::clean() 	scale 2 = 5 pixels with bias = 1
2023-03-26 16:58:22	INFO	MatrixCleaner::clean() 	scale 3 = 15 pixels with bias = 1
2023-03-26 16:58:22	INFO	MatrixCleaner::clean() 	scale 4 = 30 pixels with bias = 1
2023-03-26 16:58:22	INFO	MatrixCleaner::clean() 	scale 5 = 50 pixels with bias = 1
2023-03-26 16:58:22	INFO	MatrixCleaner::clean() 	Cleaning using given mask
2023-03-26 16:58:22	INFO	MatrixCleaner::clean() 	Cleaning pixels with mask values above 0.9
2023-03-26 16:58:22	INFO	MatrixCleaner::clean() 	Starting iteration
2023-03-26 16:58:22	INFO	MatrixCleaner::clean() 	Initial maximum residual is 0.0400398 within the mask 
2023-03-26 16:58:22	INFO	MatrixCleaner::clean() 	iteration    MaximumResidual   CleanedFlux
2023-03-26 16:58:22	INFO	MatrixCleaner::clean() 	2      0.039239      0.00158558
2023-03-26 16:58:22	INFO	MatrixCleaner::clean() 	4      0.0103316      0.00199912
2023-03-26 16:58:22	INFO	MatrixCleaner::clean() 	6      0.01014      0.00297107
2023-03-26 16:58:23	INFO	MatrixCleaner::clean() 	8      0.0376913      0.00392738
2023-03-26 16:58:23	INFO	MatrixCleaner::clean() 	10      0.00992249      0.00487091
2023-03-26 16:58:23	INFO	MatrixCleaner::clean() 	12      0.00984994      0.00580696
2023-03-26 16:58:23	INFO	MatrixCleaner::clean() 	14      0.0362166      0.00672576
2023-03-26 16:58:23	INFO	MatrixCleaner::clean() 	16      0.0095687      0.00764163
2023-03-26 16:58:24	INFO	MatrixCleaner::clean() 	18      0.0355123      0.00854246
2023-03-26 16:58:24	INFO	MatrixCleaner::clean() 	20      0.00933942      0.00943341
2023-03-26 16:58:24	INFO	MatrixCleaner::clean() 	  0    0.00197749
2023-03-26 16:58:24	INFO	MatrixCleaner::clean() 	  1    0
2023-03-26 16:58:24	INFO	MatrixCleaner::clean() 	  2    0
2023-03-26 16:58:24	INFO	MatrixCleaner::clean() 	  3    0
2023-03-26 16:58:24	INFO	MatrixCleaner::clean() 	  4    0.00745592
2023-03-26 16:58:24	INFO	MatrixCleaner::clean() 	Failed to reach stopping threshold
2023-03-26 16:58:24	INFO	SDAlgorithmBase::deconvolve 	[/lustre/cv/users/jspeedie/data/images_lines/SO/v11_robust0.5/ABAur_SO.clean:C0] iters=0->20 [20], model=0.0168213->0.0262547, peakres=0.0103427->0.0092952, Reached cyclethreshold.
2023-03-26 16:58:24	INFO	MatrixCleaner::validatePsf() 	Peak of PSF = 1 at [1024, 1024]
2023-03-26 16:58:24	INFO	MatrixCleaner::makePsfScales() 	Calculating convolutions for scale 0
2023-03-26 16:58:25	INFO	MatrixCleaner::makePsfScales() 	Calculating convolutions for scale 1
2023-03-26 16:58:25	INFO	MatrixCleaner::makePsfScales() 	Calculating convolutions for scale 2
2023-03-26 16:58:26	INFO	MatrixCleaner::makePsfScales() 	Calculating convolutions for scale 3
2023-03-26 16:58:26	INFO	MatrixCleaner::makePsfScales() 	Calculating convolutions for scale 4
2023-03-26 16:58:26	INFO	MatrixCleaner::makeScaleMasks() 	Calculating mask convolution for scale 0
2023-03-26 16:58:26	INFO	MatrixCleaner::makeScaleMasks() 	Calculating mask convolution for scale 1
2023-03-26 16:58:26	INFO	MatrixCleaner::makeScaleMasks() 	Calculating mask convolution for scale 2
2023-03-26 16:58:27	INFO	MatrixCleaner::makeScaleMasks() 	Calculating mask convolution for scale 3
2023-03-26 16:58:27	INFO	MatrixCleaner::makeScaleMasks() 	Calculating mask convolution for scale 4
2023-03-26 16:58:27	INFO	MatrixCleaner::clean() 	scale 1 = 1 pixels with bias = 1
2023-03-26 16:58:27	INFO	MatrixCleaner::clean() 	scale 2 = 5 pixels with bias = 1
2023-03-26 16:58:27	INFO	MatrixCleaner::clean() 	scale 3 = 15 pixels with bias = 1
2023-03-26 16:58:27	INFO	MatrixCleaner::clean() 	scale 4 = 30 pixels with bias = 1
2023-03-26 16:58:27	INFO	MatrixCleaner::clean() 	scale 5 = 50 pixels with bias = 1
2023-03-26 16:58:27	INFO	MatrixCleaner::clean() 	Cleaning using given mask
2023-03-26 16:58:27	INFO	MatrixCleaner::clean() 	Cleaning pixels with mask values above 0.9
2023-03-26 16:58:27	INFO	MatrixCleaner::clean() 	Starting iteration
2023-03-26 16:58:27	INFO	MatrixCleaner::clean() 	Initial maximum residual is 0.0284048 within the mask 
2023-03-26 16:58:27	INFO	MatrixCleaner::clean() 	iteration    MaximumResidual   CleanedFlux
2023-03-26 16:58:28	INFO	MatrixCleaner::clean() 	2      0.0416      0.0014001
2023-03-26 16:58:28	INFO	MatrixCleaner::clean() 	4      0.0273809      0.00249776
2023-03-26 16:58:28	INFO	MatrixCleaner::clean() 	6      0.0401193      0.00383934
2023-03-26 16:58:28	INFO	MatrixCleaner::clean() 	8      0.0264086      0.00489611
2023-03-26 16:58:28	INFO	MatrixCleaner::clean() 	10      0.025917      0.00618819
2023-03-26 16:58:29	INFO	MatrixCleaner::clean() 	12      0.0254052      0.00720558
2023-03-26 16:58:29	INFO	MatrixCleaner::clean() 	14      0.0249058      0.00845009
2023-03-26 16:58:29	INFO	MatrixCleaner::clean() 	16      0.0245636      0.0091383
2023-03-26 16:58:29	INFO	MatrixCleaner::clean() 	18      0.0360058      0.0103423
2023-03-26 16:58:29	INFO	MatrixCleaner::clean() 	20      0.0236884      0.0110073
2023-03-26 16:58:30	INFO	MatrixCleaner::clean() 	  0    0.000388252
2023-03-26 16:58:30	INFO	MatrixCleaner::clean() 	  1    0
2023-03-26 16:58:30	INFO	MatrixCleaner::clean() 	  2    0
2023-03-26 16:58:30	INFO	MatrixCleaner::clean() 	  3    0.00674446
2023-03-26 16:58:30	INFO	MatrixCleaner::clean() 	  4    0.00387464
2023-03-26 16:58:30	INFO	MatrixCleaner::clean() 	Failed to reach stopping threshold
2023-03-26 16:58:30	INFO	SDAlgorithmBase::deconvolve 	[/lustre/cv/users/jspeedie/data/images_lines/SO/v11_robust0.5/ABAur_SO.clean:C1] iters=20->40 [20], model=0.0155816->0.0265889, peakres=0.0103999->0.00937571, Reached cycleniter.
2023-03-26 16:58:30	INFO	MatrixCleaner::validatePsf() 	Peak of PSF = 1 at [1024, 1024]
2023-03-26 16:58:30	INFO	MatrixCleaner::makePsfScales() 	Calculating convolutions for scale 0
2023-03-26 16:58:31	INFO	MatrixCleaner::makePsfScales() 	Calculating convolutions for scale 1
2023-03-26 16:58:31	INFO	MatrixCleaner::makePsfScales() 	Calculating convolutions for scale 2
2023-03-26 16:58:31	INFO	MatrixCleaner::makePsfScales() 	Calculating convolutions for scale 3
2023-03-26 16:58:32	INFO	MatrixCleaner::makePsfScales() 	Calculating convolutions for scale 4
2023-03-26 16:58:32	INFO	MatrixCleaner::makeScaleMasks() 	Calculating mask convolution for scale 0
2023-03-26 16:58:32	INFO	MatrixCleaner::makeScaleMasks() 	Calculating mask convolution for scale 1
2023-03-26 16:58:32	INFO	MatrixCleaner::makeScaleMasks() 	Calculating mask convolution for scale 2
2023-03-26 16:58:32	INFO	MatrixCleaner::makeScaleMasks() 	Calculating mask convolution for scale 3
2023-03-26 16:58:32	INFO	MatrixCleaner::makeScaleMasks() 	Calculating mask convolution for scale 4
2023-03-26 16:58:33	INFO	MatrixCleaner::clean() 	scale 1 = 1 pixels with bias = 1
2023-03-26 16:58:33	INFO	MatrixCleaner::clean() 	scale 2 = 5 pixels with bias = 1
2023-03-26 16:58:33	INFO	MatrixCleaner::clean() 	scale 3 = 15 pixels with bias = 1
2023-03-26 16:58:33	INFO	MatrixCleaner::clean() 	scale 4 = 30 pixels with bias = 1
2023-03-26 16:58:33	INFO	MatrixCleaner::clean() 	scale 5 = 50 pixels with bias = 1
2023-03-26 16:58:33	INFO	MatrixCleaner::clean() 	Cleaning using given mask
2023-03-26 16:58:33	INFO	MatrixCleaner::clean() 	Cleaning pixels with mask values above 0.9
2023-03-26 16:58:33	INFO	MatrixCleaner::clean() 	Starting iteration
2023-03-26 16:58:33	INFO	MatrixCleaner::clean() 	Initial maximum residual is 0.0383079 within the mask 
2023-03-26 16:58:33	INFO	MatrixCleaner::clean() 	iteration    MaximumResidual   CleanedFlux
2023-03-26 16:58:33	INFO	MatrixCleaner::clean() 	2      0.0375864      0.00151789
2023-03-26 16:58:34	INFO	MatrixCleaner::clean() 	4      0.0368522      0.00300612
2023-03-26 16:58:34	INFO	MatrixCleaner::clean() 	6      0.0361323      0.00446527
2023-03-26 16:58:34	INFO	MatrixCleaner::clean() 	8      -0.00954755      0.00499643
2023-03-26 16:58:34	INFO	MatrixCleaner::clean() 	10      0.0237091      0.00617915
2023-03-26 16:58:34	INFO	MatrixCleaner::clean() 	12      0.0347552      0.00668712
2023-03-26 16:58:35	INFO	MatrixCleaner::clean() 	Reached stopping threshold 0.00929772 at iteration 13
2023-03-26 16:58:35	INFO	MatrixCleaner::clean() 	Optimum flux is 0.0092339
2023-03-26 16:58:35	INFO	MatrixCleaner::clean() 	  0    -0.000193408
2023-03-26 16:58:35	INFO	MatrixCleaner::clean() 	  1    0
2023-03-26 16:58:35	INFO	MatrixCleaner::clean() 	  2    0
2023-03-26 16:58:35	INFO	MatrixCleaner::clean() 	  3    0.000474181
2023-03-26 16:58:35	INFO	MatrixCleaner::clean() 	  4    0.00728597
2023-03-26 16:58:35	INFO	SDAlgorithmBase::deconvolve 	[/lustre/cv/users/jspeedie/data/images_lines/SO/v11_robust0.5/ABAur_SO.clean:C2] iters=40->54 [14], model=0.0163223->0.0237043, peakres=0.0095956->0.00923573, Reached cyclethreshold.
2023-03-26 16:58:35	INFO	SDAlgorithmBase::deconvolve 	[/lustre/cv/users/jspeedie/data/images_lines/SO/v11_robust0.5/ABAur_SO.clean:C3] iters=54->54 [0], model=0.0138468->0.0138468, peakres=0.00907378->0.00907378, Reached cyclethreshold.
2023-03-26 16:58:35	INFO	SDAlgorithmBase::deconvolve 	[/lustre/cv/users/jspeedie/data/images_lines/SO/v11_robust0.5/ABAur_SO.clean:C4] iters=54->54 [0], model=0.0174492->0.0174492, peakres=0.00905757->0.00905757, Reached cyclethreshold.
2023-03-26 16:58:35	INFO	SDAlgorithmBase::deconvolve 	[/lustre/cv/users/jspeedie/data/images_lines/SO/v11_robust0.5/ABAur_SO.clean:C5] iters=54->54 [0], model=0.0168063->0.0168063, peakres=0.00905752->0.00905752, Reached cyclethreshold.
2023-03-26 16:58:35	INFO	MatrixCleaner::validatePsf() 	Peak of PSF = 1 at [1024, 1024]
2023-03-26 16:58:35	INFO	MatrixCleaner::makePsfScales() 	Calculating convolutions for scale 0
2023-03-26 16:58:36	INFO	MatrixCleaner::makePsfScales() 	Calculating convolutions for scale 1
2023-03-26 16:58:36	INFO	MatrixCleaner::makePsfScales() 	Calculating convolutions for scale 2
2023-03-26 16:58:37	INFO	MatrixCleaner::makePsfScales() 	Calculating convolutions for scale 3
2023-03-26 16:58:37	INFO	MatrixCleaner::makePsfScales() 	Calculating convolutions for scale 4
2023-03-26 16:58:37	INFO	MatrixCleaner::makeScaleMasks() 	Calculating mask convolution for scale 0
2023-03-26 16:58:37	INFO	MatrixCleaner::makeScaleMasks() 	Calculating mask convolution for scale 1
2023-03-26 16:58:37	INFO	MatrixCleaner::makeScaleMasks() 	Calculating mask convolution for scale 2
2023-03-26 16:58:38	INFO	MatrixCleaner::makeScaleMasks() 	Calculating mask convolution for scale 3
2023-03-26 16:58:38	INFO	MatrixCleaner::makeScaleMasks() 	Calculating mask convolution for scale 4
2023-03-26 16:58:38	INFO	MatrixCleaner::clean() 	scale 1 = 1 pixels with bias = 1
2023-03-26 16:58:38	INFO	MatrixCleaner::clean() 	scale 2 = 5 pixels with bias = 1
2023-03-26 16:58:38	INFO	MatrixCleaner::clean() 	scale 3 = 15 pixels with bias = 1
2023-03-26 16:58:38	INFO	MatrixCleaner::clean() 	scale 4 = 30 pixels with bias = 1
2023-03-26 16:58:38	INFO	MatrixCleaner::clean() 	scale 5 = 50 pixels with bias = 1
2023-03-26 16:58:38	INFO	MatrixCleaner::clean() 	Cleaning using given mask
2023-03-26 16:58:38	INFO	MatrixCleaner::clean() 	Cleaning pixels with mask values above 0.9
2023-03-26 16:58:38	INFO	MatrixCleaner::clean() 	Starting iteration
2023-03-26 16:58:39	INFO	MatrixCleaner::clean() 	Initial maximum residual is 0.0403981 within the mask 
2023-03-26 16:58:39	INFO	MatrixCleaner::clean() 	iteration    MaximumResidual   CleanedFlux
2023-03-26 16:58:39	INFO	MatrixCleaner::clean() 	2      0.0395901      0.00159976
2023-03-26 16:58:39	INFO	MatrixCleaner::clean() 	4      0.0388161      0.0031563
2023-03-26 16:58:39	INFO	MatrixCleaner::clean() 	6      0.0380568      0.00468239
2023-03-26 16:58:39	INFO	MatrixCleaner::clean() 	8      0.0373127      0.00617863
2023-03-26 16:58:39	INFO	MatrixCleaner::clean() 	10      0.0365829      0.0076456
2023-03-26 16:58:40	INFO	MatrixCleaner::clean() 	12      0.0358676      0.00908388
2023-03-26 16:58:40	INFO	MatrixCleaner::clean() 	14      0.035166      0.010494
2023-03-26 16:58:40	INFO	MatrixCleaner::clean() 	16      0.0346515      0.0113753
2023-03-26 16:58:40	INFO	MatrixCleaner::clean() 	Reached stopping threshold 0.00929772 at iteration 17
2023-03-26 16:58:40	INFO	MatrixCleaner::clean() 	Optimum flux is 0.00922477
2023-03-26 16:58:40	INFO	MatrixCleaner::clean() 	  0    0.000372711
2023-03-26 16:58:40	INFO	MatrixCleaner::clean() 	  1    0
2023-03-26 16:58:40	INFO	MatrixCleaner::clean() 	  2    0
2023-03-26 16:58:40	INFO	MatrixCleaner::clean() 	  3    0
2023-03-26 16:58:40	INFO	MatrixCleaner::clean() 	  4    0.0118768
2023-03-26 16:58:41	INFO	SDAlgorithmBase::deconvolve 	[/lustre/cv/users/jspeedie/data/images_lines/SO/v11_robust0.5/ABAur_SO.clean:C6] iters=54->72 [18], model=0.0173671->0.029432, peakres=0.00939224->0.00922478, Reached cyclethreshold.
2023-03-26 16:58:41	INFO	SDAlgorithmBase::deconvolve 	[/lustre/cv/users/jspeedie/data/images_lines/SO/v11_robust0.5/ABAur_SO.clean:C7] iters=72->72 [0], model=0->0, peakres=0.00895042->0.00895042, Reached cyclethreshold.
2023-03-26 16:58:41	INFO	MatrixCleaner::validatePsf() 	Peak of PSF = 1 at [1024, 1024]
2023-03-26 16:58:41	INFO	MatrixCleaner::makePsfScales() 	Calculating convolutions for scale 0
2023-03-26 16:58:42	INFO	MatrixCleaner::makePsfScales() 	Calculating convolutions for scale 1
2023-03-26 16:58:42	INFO	MatrixCleaner::makePsfScales() 	Calculating convolutions for scale 2
2023-03-26 16:58:42	INFO	MatrixCleaner::makePsfScales() 	Calculating convolutions for scale 3
2023-03-26 16:58:43	INFO	MatrixCleaner::makePsfScales() 	Calculating convolutions for scale 4
2023-03-26 16:58:43	INFO	MatrixCleaner::makeScaleMasks() 	Calculating mask convolution for scale 0
2023-03-26 16:58:43	INFO	MatrixCleaner::makeScaleMasks() 	Calculating mask convolution for scale 1
2023-03-26 16:58:43	INFO	MatrixCleaner::makeScaleMasks() 	Calculating mask convolution for scale 2
2023-03-26 16:58:43	INFO	MatrixCleaner::makeScaleMasks() 	Calculating mask convolution for scale 3
2023-03-26 16:58:43	INFO	MatrixCleaner::makeScaleMasks() 	Calculating mask convolution for scale 4
2023-03-26 16:58:44	INFO	MatrixCleaner::clean() 	scale 1 = 1 pixels with bias = 1
2023-03-26 16:58:44	INFO	MatrixCleaner::clean() 	scale 2 = 5 pixels with bias = 1
2023-03-26 16:58:44	INFO	MatrixCleaner::clean() 	scale 3 = 15 pixels with bias = 1
2023-03-26 16:58:44	INFO	MatrixCleaner::clean() 	scale 4 = 30 pixels with bias = 1
2023-03-26 16:58:44	INFO	MatrixCleaner::clean() 	scale 5 = 50 pixels with bias = 1
2023-03-26 16:58:44	INFO	MatrixCleaner::clean() 	Cleaning using given mask
2023-03-26 16:58:44	INFO	MatrixCleaner::clean() 	Cleaning pixels with mask values above 0.9
2023-03-26 16:58:44	INFO	MatrixCleaner::clean() 	Starting iteration
2023-03-26 16:58:44	INFO	MatrixCleaner::clean() 	Initial maximum residual is 0.0404654 within the mask 
2023-03-26 16:58:44	INFO	MatrixCleaner::clean() 	iteration    MaximumResidual   CleanedFlux
2023-03-26 16:58:44	INFO	MatrixCleaner::clean() 	2      0.0396561      0.00160243
2023-03-26 16:58:45	INFO	MatrixCleaner::clean() 	4      0.0388716      0.00316545
2023-03-26 16:58:45	INFO	MatrixCleaner::clean() 	6      0.0381025      0.00469755
2023-03-26 16:58:45	INFO	MatrixCleaner::clean() 	8      0.0373487      0.00619933
2023-03-26 16:58:45	INFO	MatrixCleaner::clean() 	10      0.0245268      0.00742974
2023-03-26 16:58:45	INFO	MatrixCleaner::clean() 	12      0.0359502      0.00887392
2023-03-26 16:58:46	INFO	MatrixCleaner::clean() 	14      0.0236034      0.0100568
2023-03-26 16:58:46	INFO	MatrixCleaner::clean() 	16      0.00929897      0.0109395
2023-03-26 16:58:46	INFO	MatrixCleaner::clean() 	18      0.0341488      0.0123145
2023-03-26 16:58:46	INFO	MatrixCleaner::clean() 	Reached stopping threshold 0.00929772 at iteration 18
2023-03-26 16:58:46	INFO	MatrixCleaner::clean() 	Optimum flux is 0.00911266
2023-03-26 16:58:46	INFO	MatrixCleaner::clean() 	  0    0.000368233
2023-03-26 16:58:46	INFO	MatrixCleaner::clean() 	  1    0
2023-03-26 16:58:46	INFO	MatrixCleaner::clean() 	  2    0
2023-03-26 16:58:46	INFO	MatrixCleaner::clean() 	  3    0.000962602
2023-03-26 16:58:46	INFO	MatrixCleaner::clean() 	  4    0.011166
2023-03-26 16:58:46	INFO	SDAlgorithmBase::deconvolve 	[/lustre/cv/users/jspeedie/data/images_lines/SO/v11_robust0.5/ABAur_SO.clean:C8] iters=72->91 [19], model=0.0171959->0.0295104, peakres=0.00930217->0.00911267, Reached cyclethreshold.
2023-03-26 16:58:46	INFO	MatrixCleaner::validatePsf() 	Peak of PSF = 1 at [1024, 1024]
2023-03-26 16:58:47	INFO	MatrixCleaner::makePsfScales() 	Calculating convolutions for scale 0
2023-03-26 16:58:47	INFO	MatrixCleaner::makePsfScales() 	Calculating convolutions for scale 1
2023-03-26 16:58:48	INFO	MatrixCleaner::makePsfScales() 	Calculating convolutions for scale 2
2023-03-26 16:58:48	INFO	MatrixCleaner::makePsfScales() 	Calculating convolutions for scale 3
2023-03-26 16:58:48	INFO	MatrixCleaner::makePsfScales() 	Calculating convolutions for scale 4
2023-03-26 16:58:49	INFO	MatrixCleaner::makeScaleMasks() 	Calculating mask convolution for scale 0
2023-03-26 16:58:49	INFO	MatrixCleaner::makeScaleMasks() 	Calculating mask convolution for scale 1
2023-03-26 16:58:49	INFO	MatrixCleaner::makeScaleMasks() 	Calculating mask convolution for scale 2
2023-03-26 16:58:49	INFO	MatrixCleaner::makeScaleMasks() 	Calculating mask convolution for scale 3
2023-03-26 16:58:49	INFO	MatrixCleaner::makeScaleMasks() 	Calculating mask convolution for scale 4
2023-03-26 16:58:50	INFO	MatrixCleaner::clean() 	scale 1 = 1 pixels with bias = 1
2023-03-26 16:58:50	INFO	MatrixCleaner::clean() 	scale 2 = 5 pixels with bias = 1
2023-03-26 16:58:50	INFO	MatrixCleaner::clean() 	scale 3 = 15 pixels with bias = 1
2023-03-26 16:58:50	INFO	MatrixCleaner::clean() 	scale 4 = 30 pixels with bias = 1
2023-03-26 16:58:50	INFO	MatrixCleaner::clean() 	scale 5 = 50 pixels with bias = 1
2023-03-26 16:58:50	INFO	MatrixCleaner::clean() 	Cleaning using given mask
2023-03-26 16:58:50	INFO	MatrixCleaner::clean() 	Cleaning pixels with mask values above 0.9
2023-03-26 16:58:50	INFO	MatrixCleaner::clean() 	Starting iteration
2023-03-26 16:58:50	INFO	MatrixCleaner::clean() 	Initial maximum residual is 0.0457988 within the mask 
2023-03-26 16:58:50	INFO	MatrixCleaner::clean() 	iteration    MaximumResidual   CleanedFlux
2023-03-26 16:58:50	INFO	MatrixCleaner::clean() 	2      0.0448828      0.00181363
2023-03-26 16:58:50	INFO	MatrixCleaner::clean() 	4      0.0438775      0.00357089
2023-03-26 16:58:50	INFO	MatrixCleaner::clean() 	6      0.0429889      0.00529252
2023-03-26 16:58:51	INFO	MatrixCleaner::clean() 	8      0.0420946      0.00697969
2023-03-26 16:58:51	INFO	MatrixCleaner::clean() 	10      0.041249      0.00863644
2023-03-26 16:58:51	INFO	MatrixCleaner::clean() 	12      0.0403892      0.0102598
2023-03-26 16:58:51	INFO	MatrixCleaner::clean() 	14      0.0395799      0.0118557
2023-03-26 16:58:51	INFO	MatrixCleaner::clean() 	16      0.0390204      0.0134248
2023-03-26 16:58:52	INFO	MatrixCleaner::clean() 	18      0.0382399      0.0149645
2023-03-26 16:58:52	INFO	MatrixCleaner::clean() 	20      0.0378518      0.016481
2023-03-26 16:58:52	INFO	MatrixCleaner::clean() 	  0    0
2023-03-26 16:58:52	INFO	MatrixCleaner::clean() 	  1    0
2023-03-26 16:58:52	INFO	MatrixCleaner::clean() 	  2    0
2023-03-26 16:58:52	INFO	MatrixCleaner::clean() 	  3    0
2023-03-26 16:58:52	INFO	MatrixCleaner::clean() 	  4    0.016481
2023-03-26 16:58:52	INFO	MatrixCleaner::clean() 	Failed to reach stopping threshold
2023-03-26 16:58:52	INFO	SDAlgorithmBase::deconvolve 	[/lustre/cv/users/jspeedie/data/images_lines/SO/v11_robust0.5/ABAur_SO.clean:C9] iters=91->111 [20], model=0.0199412->0.036422, peakres=0.00952716->0.00906898, Reached cyclethreshold.
2023-03-26 16:58:52	INFO	SDAlgorithmBase::deconvolve 	[/lustre/cv/users/jspeedie/data/images_lines/SO/v11_robust0.5/ABAur_SO.clean] Total model flux (over all planes) : 0.220015     Peak Residual (over all planes) : 0.00937571 in C1:P0
2023-03-26 16:58:52	INFO	SynthesisDeconvolver::setupDeconvolution 	Set Deconvolution Options for [/lustre/cv/users/jspeedie/data/images_lines/SO/v11_robust0.5/ABAur_SO.clean] : multiscale
2023-03-26 16:58:56	INFO	SynthesisDeconvolver::initMinorCycle 	 Absolute Peak residual within mask : 0.00943785, over full image : 0.00943785
2023-03-26 16:58:56	INFO	CubeMinorCycleAlgorithm::task 	Processing channels in range [40, 49]
2023-03-26 16:58:56	INFO	SDAlgorithmBase::deconvolve 	[/lustre/cv/users/jspeedie/data/images_lines/SO/v11_robust0.5/ABAur_SO.clean] Run multiscale minor-cycle on 10 chans | CycleThreshold=0.00929772, CycleNiter=20, Gain=0.02
2023-03-26 16:58:56	INFO	MatrixCleaner::validatePsf() 	Peak of PSF = 1 at [1024, 1024]
2023-03-26 16:58:57	INFO	MatrixCleaner::makePsfScales() 	Calculating convolutions for scale 0
2023-03-26 16:58:57	INFO	MatrixCleaner::makePsfScales() 	Calculating convolutions for scale 1
2023-03-26 16:58:57	INFO	MatrixCleaner::makePsfScales() 	Calculating convolutions for scale 2
2023-03-26 16:58:58	INFO	MatrixCleaner::makePsfScales() 	Calculating convolutions for scale 3
2023-03-26 16:58:58	INFO	MatrixCleaner::makePsfScales() 	Calculating convolutions for scale 4
2023-03-26 16:58:58	INFO	MatrixCleaner::makeScaleMasks() 	Calculating mask convolution for scale 0
2023-03-26 16:58:58	INFO	MatrixCleaner::makeScaleMasks() 	Calculating mask convolution for scale 1
2023-03-26 16:58:59	INFO	MatrixCleaner::makeScaleMasks() 	Calculating mask convolution for scale 2
2023-03-26 16:58:59	INFO	MatrixCleaner::makeScaleMasks() 	Calculating mask convolution for scale 3
2023-03-26 16:58:59	INFO	MatrixCleaner::makeScaleMasks() 	Calculating mask convolution for scale 4
2023-03-26 16:59:00	INFO	MatrixCleaner::clean() 	scale 1 = 1 pixels with bias = 1
2023-03-26 16:59:00	INFO	MatrixCleaner::clean() 	scale 2 = 5 pixels with bias = 1
2023-03-26 16:59:00	INFO	MatrixCleaner::clean() 	scale 3 = 15 pixels with bias = 1
2023-03-26 16:59:00	INFO	MatrixCleaner::clean() 	scale 4 = 30 pixels with bias = 1
2023-03-26 16:59:00	INFO	MatrixCleaner::clean() 	scale 5 = 50 pixels with bias = 1
2023-03-26 16:59:00	INFO	MatrixCleaner::clean() 	Cleaning using given mask
2023-03-26 16:59:00	INFO	MatrixCleaner::clean() 	Cleaning pixels with mask values above 0.9
2023-03-26 16:59:00	INFO	MatrixCleaner::clean() 	Starting iteration
2023-03-26 16:59:00	INFO	MatrixCleaner::clean() 	Initial maximum residual is 0.0519511 within the mask 
2023-03-26 16:59:00	INFO	MatrixCleaner::clean() 	iteration    MaximumResidual   CleanedFlux
2023-03-26 16:59:00	INFO	MatrixCleaner::clean() 	2      0.0510644      0.00206031
2023-03-26 16:59:00	INFO	MatrixCleaner::clean() 	4      0.0499458      0.00407551
2023-03-26 16:59:00	INFO	MatrixCleaner::clean() 	6      0.0488659      0.00604704
2023-03-26 16:59:00	INFO	MatrixCleaner::clean() 	8      0.0478097      0.00797597
2023-03-26 16:59:01	INFO	MatrixCleaner::clean() 	10      0.0467852      0.00986352
2023-03-26 16:59:01	INFO	MatrixCleaner::clean() 	12      0.0457852      0.0117107
2023-03-26 16:59:01	INFO	MatrixCleaner::clean() 	14      0.0448073      0.0135185
2023-03-26 16:59:01	INFO	MatrixCleaner::clean() 	16      0.0438551      0.0152879
2023-03-26 16:59:01	INFO	MatrixCleaner::clean() 	18      0.0429231      0.0170196
2023-03-26 16:59:02	INFO	MatrixCleaner::clean() 	20      0.0420184      0.0187148
2023-03-26 16:59:02	INFO	MatrixCleaner::clean() 	  0    0
2023-03-26 16:59:02	INFO	MatrixCleaner::clean() 	  1    0
2023-03-26 16:59:02	INFO	MatrixCleaner::clean() 	  2    0
2023-03-26 16:59:02	INFO	MatrixCleaner::clean() 	  3    0
2023-03-26 16:59:02	INFO	MatrixCleaner::clean() 	  4    0.0187148
2023-03-26 16:59:02	INFO	MatrixCleaner::clean() 	Failed to reach stopping threshold
2023-03-26 16:59:02	INFO	SDAlgorithmBase::deconvolve 	[/lustre/cv/users/jspeedie/data/images_lines/SO/v11_robust0.5/ABAur_SO.clean:C0] iters=0->20 [20], model=0.0231271->0.0418417, peakres=0.00938402->0.00859152, Reached cyclethreshold.
2023-03-26 16:59:02	INFO	MatrixCleaner::validatePsf() 	Peak of PSF = 1 at [1024, 1024]
2023-03-26 16:59:02	INFO	MatrixCleaner::makePsfScales() 	Calculating convolutions for scale 0
2023-03-26 16:59:03	INFO	MatrixCleaner::makePsfScales() 	Calculating convolutions for scale 1
2023-03-26 16:59:03	INFO	MatrixCleaner::makePsfScales() 	Calculating convolutions for scale 2
2023-03-26 16:59:04	INFO	MatrixCleaner::makePsfScales() 	Calculating convolutions for scale 3
2023-03-26 16:59:04	INFO	MatrixCleaner::makePsfScales() 	Calculating convolutions for scale 4
2023-03-26 16:59:04	INFO	MatrixCleaner::makeScaleMasks() 	Calculating mask convolution for scale 0
2023-03-26 16:59:04	INFO	MatrixCleaner::makeScaleMasks() 	Calculating mask convolution for scale 1
2023-03-26 16:59:04	INFO	MatrixCleaner::makeScaleMasks() 	Calculating mask convolution for scale 2
2023-03-26 16:59:04	INFO	MatrixCleaner::makeScaleMasks() 	Calculating mask convolution for scale 3
2023-03-26 16:59:05	INFO	MatrixCleaner::makeScaleMasks() 	Calculating mask convolution for scale 4
2023-03-26 16:59:05	INFO	MatrixCleaner::clean() 	scale 1 = 1 pixels with bias = 1
2023-03-26 16:59:05	INFO	MatrixCleaner::clean() 	scale 2 = 5 pixels with bias = 1
2023-03-26 16:59:05	INFO	MatrixCleaner::clean() 	scale 3 = 15 pixels with bias = 1
2023-03-26 16:59:05	INFO	MatrixCleaner::clean() 	scale 4 = 30 pixels with bias = 1
2023-03-26 16:59:05	INFO	MatrixCleaner::clean() 	scale 5 = 50 pixels with bias = 1
2023-03-26 16:59:05	INFO	MatrixCleaner::clean() 	Cleaning using given mask
2023-03-26 16:59:05	INFO	MatrixCleaner::clean() 	Cleaning pixels with mask values above 0.9
2023-03-26 16:59:05	INFO	MatrixCleaner::clean() 	Starting iteration
2023-03-26 16:59:05	INFO	MatrixCleaner::clean() 	Initial maximum residual is 0.0449774 within the mask 
2023-03-26 16:59:05	INFO	MatrixCleaner::clean() 	iteration    MaximumResidual   CleanedFlux
2023-03-26 16:59:06	INFO	MatrixCleaner::clean() 	2      0.0440778      0.0017811
2023-03-26 16:59:06	INFO	MatrixCleaner::clean() 	4      0.0423323      0.00349168
2023-03-26 16:59:06	INFO	MatrixCleaner::clean() 	6      0.040656      0.00513451
2023-03-26 16:59:06	INFO	MatrixCleaner::clean() 	8      0.0396998      0.00673249
2023-03-26 16:59:06	INFO	MatrixCleaner::clean() 	10      0.0387664      0.0082929
2023-03-26 16:59:07	INFO	MatrixCleaner::clean() 	12      0.0378669      0.00981705
2023-03-26 16:59:07	INFO	MatrixCleaner::clean() 	14      0.0370018      0.0113064
2023-03-26 16:59:07	INFO	MatrixCleaner::clean() 	16      0.0361649      0.0127619
2023-03-26 16:59:07	INFO	MatrixCleaner::clean() 	18      0.0353566      0.0141848
2023-03-26 16:59:07	INFO	MatrixCleaner::clean() 	20      0.0345665      0.0155758
2023-03-26 16:59:07	INFO	MatrixCleaner::clean() 	  0    0
2023-03-26 16:59:07	INFO	MatrixCleaner::clean() 	  1    0
2023-03-26 16:59:07	INFO	MatrixCleaner::clean() 	  2    0
2023-03-26 16:59:07	INFO	MatrixCleaner::clean() 	  3    0
2023-03-26 16:59:07	INFO	MatrixCleaner::clean() 	  4    0.0155758
2023-03-26 16:59:07	INFO	MatrixCleaner::clean() 	Failed to reach stopping threshold
2023-03-26 16:59:08	INFO	SDAlgorithmBase::deconvolve 	[/lustre/cv/users/jspeedie/data/images_lines/SO/v11_robust0.5/ABAur_SO.clean:C1] iters=20->40 [20], model=0.0200354->0.035611, peakres=0.00943785->0.00898619, Reached cyclethreshold.
2023-03-26 16:59:08	INFO	SDAlgorithmBase::deconvolve 	[/lustre/cv/users/jspeedie/data/images_lines/SO/v11_robust0.5/ABAur_SO.clean:C2] iters=40->40 [0], model=0->0, peakres=0.00924923->0.00924923, Reached cyclethreshold.
2023-03-26 16:59:08	INFO	SDAlgorithmBase::deconvolve 	[/lustre/cv/users/jspeedie/data/images_lines/SO/v11_robust0.5/ABAur_SO.clean:C3] iters=40->40 [0], model=0->0, peakres=0.00892426->0.00892426, Reached cyclethreshold.
2023-03-26 16:59:08	INFO	SDAlgorithmBase::deconvolve 	[/lustre/cv/users/jspeedie/data/images_lines/SO/v11_robust0.5/ABAur_SO.clean:C4] iters=40->40 [0], model=0->0, peakres=0.00858771->0.00858771, Reached cyclethreshold.
2023-03-26 16:59:08	INFO	MatrixCleaner::validatePsf() 	Peak of PSF = 1 at [1024, 1024]
2023-03-26 16:59:08	INFO	MatrixCleaner::makePsfScales() 	Calculating convolutions for scale 0
2023-03-26 16:59:09	INFO	MatrixCleaner::makePsfScales() 	Calculating convolutions for scale 1
2023-03-26 16:59:09	INFO	MatrixCleaner::makePsfScales() 	Calculating convolutions for scale 2
2023-03-26 16:59:10	INFO	MatrixCleaner::makePsfScales() 	Calculating convolutions for scale 3
2023-03-26 16:59:10	INFO	MatrixCleaner::makePsfScales() 	Calculating convolutions for scale 4
2023-03-26 16:59:10	INFO	MatrixCleaner::makeScaleMasks() 	Calculating mask convolution for scale 0
2023-03-26 16:59:10	INFO	MatrixCleaner::makeScaleMasks() 	Calculating mask convolution for scale 1
2023-03-26 16:59:10	INFO	MatrixCleaner::makeScaleMasks() 	Calculating mask convolution for scale 2
2023-03-26 16:59:11	INFO	MatrixCleaner::makeScaleMasks() 	Calculating mask convolution for scale 3
2023-03-26 16:59:11	INFO	MatrixCleaner::makeScaleMasks() 	Calculating mask convolution for scale 4
2023-03-26 16:59:11	INFO	MatrixCleaner::clean() 	scale 1 = 1 pixels with bias = 1
2023-03-26 16:59:11	INFO	MatrixCleaner::clean() 	scale 2 = 5 pixels with bias = 1
2023-03-26 16:59:11	INFO	MatrixCleaner::clean() 	scale 3 = 15 pixels with bias = 1
2023-03-26 16:59:11	INFO	MatrixCleaner::clean() 	scale 4 = 30 pixels with bias = 1
2023-03-26 16:59:11	INFO	MatrixCleaner::clean() 	scale 5 = 50 pixels with bias = 1
2023-03-26 16:59:11	INFO	MatrixCleaner::clean() 	Cleaning using given mask
2023-03-26 16:59:11	INFO	MatrixCleaner::clean() 	Cleaning pixels with mask values above 0.9
2023-03-26 16:59:11	INFO	MatrixCleaner::clean() 	Starting iteration
2023-03-26 16:59:11	INFO	MatrixCleaner::clean() 	Initial maximum residual is 0.00938043 within the mask 
2023-03-26 16:59:11	INFO	MatrixCleaner::clean() 	iteration    MaximumResidual   CleanedFlux
2023-03-26 16:59:12	INFO	MatrixCleaner::clean() 	Reached stopping threshold 0.00929772 at iteration 1
2023-03-26 16:59:12	INFO	MatrixCleaner::clean() 	Optimum flux is 0.00919282
2023-03-26 16:59:12	INFO	MatrixCleaner::clean() 	  0    -0.000371465
2023-03-26 16:59:12	INFO	MatrixCleaner::clean() 	  1    0
2023-03-26 16:59:12	INFO	MatrixCleaner::clean() 	  2    0
2023-03-26 16:59:12	INFO	MatrixCleaner::clean() 	  3    0
2023-03-26 16:59:12	INFO	MatrixCleaner::clean() 	  4    0
2023-03-26 16:59:12	INFO	SDAlgorithmBase::deconvolve 	[/lustre/cv/users/jspeedie/data/images_lines/SO/v11_robust0.5/ABAur_SO.clean:C5] iters=40->42 [2], model=-0.000574128->-0.000761736, peakres=0.00938043->0.00919282, Reached cyclethreshold.
2023-03-26 16:59:12	INFO	SDAlgorithmBase::deconvolve 	[/lustre/cv/users/jspeedie/data/images_lines/SO/v11_robust0.5/ABAur_SO.clean:C6] iters=42->42 [0], model=0->0, peakres=0.00901833->0.00901833, Reached cyclethreshold.
2023-03-26 16:59:12	INFO	SDAlgorithmBase::deconvolve 	[/lustre/cv/users/jspeedie/data/images_lines/SO/v11_robust0.5/ABAur_SO.clean:C7] iters=42->42 [0], model=0.00037576->0.00037576, peakres=0.00923862->0.00923862, Reached cyclethreshold.
2023-03-26 16:59:12	INFO	SDAlgorithmBase::deconvolve 	[/lustre/cv/users/jspeedie/data/images_lines/SO/v11_robust0.5/ABAur_SO.clean:C8] iters=42->42 [0], model=0->0, peakres=0.00845333->0.00845333, Reached cyclethreshold.
2023-03-26 16:59:12	INFO	MatrixCleaner::validatePsf() 	Peak of PSF = 1 at [1024, 1024]
2023-03-26 16:59:13	INFO	MatrixCleaner::makePsfScales() 	Calculating convolutions for scale 0
2023-03-26 16:59:13	INFO	MatrixCleaner::makePsfScales() 	Calculating convolutions for scale 1
2023-03-26 16:59:13	INFO	MatrixCleaner::makePsfScales() 	Calculating convolutions for scale 2
2023-03-26 16:59:14	INFO	MatrixCleaner::makePsfScales() 	Calculating convolutions for scale 3
2023-03-26 16:59:14	INFO	MatrixCleaner::makePsfScales() 	Calculating convolutions for scale 4
2023-03-26 16:59:14	INFO	MatrixCleaner::makeScaleMasks() 	Calculating mask convolution for scale 0
2023-03-26 16:59:14	INFO	MatrixCleaner::makeScaleMasks() 	Calculating mask convolution for scale 1
2023-03-26 16:59:15	INFO	MatrixCleaner::makeScaleMasks() 	Calculating mask convolution for scale 2
2023-03-26 16:59:15	INFO	MatrixCleaner::makeScaleMasks() 	Calculating mask convolution for scale 3
2023-03-26 16:59:15	INFO	MatrixCleaner::makeScaleMasks() 	Calculating mask convolution for scale 4
2023-03-26 16:59:15	INFO	MatrixCleaner::clean() 	scale 1 = 1 pixels with bias = 1
2023-03-26 16:59:15	INFO	MatrixCleaner::clean() 	scale 2 = 5 pixels with bias = 1
2023-03-26 16:59:15	INFO	MatrixCleaner::clean() 	scale 3 = 15 pixels with bias = 1
2023-03-26 16:59:15	INFO	MatrixCleaner::clean() 	scale 4 = 30 pixels with bias = 1
2023-03-26 16:59:15	INFO	MatrixCleaner::clean() 	scale 5 = 50 pixels with bias = 1
2023-03-26 16:59:15	INFO	MatrixCleaner::clean() 	Cleaning using given mask
2023-03-26 16:59:15	INFO	MatrixCleaner::clean() 	Cleaning pixels with mask values above 0.9
2023-03-26 16:59:16	INFO	MatrixCleaner::clean() 	Starting iteration
2023-03-26 16:59:16	INFO	MatrixCleaner::clean() 	Initial maximum residual is 0.00934804 within the mask 
2023-03-26 16:59:16	INFO	MatrixCleaner::clean() 	iteration    MaximumResidual   CleanedFlux
2023-03-26 16:59:16	INFO	MatrixCleaner::clean() 	Reached stopping threshold 0.00929772 at iteration 1
2023-03-26 16:59:16	INFO	MatrixCleaner::clean() 	Optimum flux is 0.00916108
2023-03-26 16:59:16	INFO	MatrixCleaner::clean() 	  0    0.000370182
2023-03-26 16:59:16	INFO	MatrixCleaner::clean() 	  1    0
2023-03-26 16:59:16	INFO	MatrixCleaner::clean() 	  2    0
2023-03-26 16:59:16	INFO	MatrixCleaner::clean() 	  3    0
2023-03-26 16:59:16	INFO	MatrixCleaner::clean() 	  4    0
2023-03-26 16:59:16	INFO	SDAlgorithmBase::deconvolve 	[/lustre/cv/users/jspeedie/data/images_lines/SO/v11_robust0.5/ABAur_SO.clean:C9] iters=42->44 [2], model=0.000380205->0.000567166, peakres=0.00934804->0.00916108, Reached cyclethreshold.
2023-03-26 16:59:16	INFO	SDAlgorithmBase::deconvolve 	[/lustre/cv/users/jspeedie/data/images_lines/SO/v11_robust0.5/ABAur_SO.clean] Total model flux (over all planes) : 0.0776338     Peak Residual (over all planes) : 0.00924923 in C2:P0
2023-03-26 16:59:16	INFO	SynthesisDeconvolver::setupDeconvolution 	Set Deconvolution Options for [/lustre/cv/users/jspeedie/data/images_lines/SO/v11_robust0.5/ABAur_SO.clean] : multiscale
2023-03-26 16:59:20	INFO	SynthesisDeconvolver::initMinorCycle 	 Absolute Peak residual within mask : 0.00926255, over full image : 0.00926255
2023-03-26 16:59:20	INFO	CubeMinorCycleAlgorithm::task 	Processing channels in range [50, 59]
2023-03-26 16:59:20	INFO	SDAlgorithmBase::deconvolve 	[/lustre/cv/users/jspeedie/data/images_lines/SO/v11_robust0.5/ABAur_SO.clean] Run multiscale minor-cycle on 10 chans | CycleThreshold=0.00929772, CycleNiter=20, Gain=0.02
2023-03-26 16:59:20	INFO	SDAlgorithmBase::deconvolve 	[/lustre/cv/users/jspeedie/data/images_lines/SO/v11_robust0.5/ABAur_SO.clean:C0] iters=0->0 [0], model=-0.000376653->-0.000376653, peakres=0.00926068->0.00926068, Reached cyclethreshold.
2023-03-26 16:59:20	INFO	SDAlgorithmBase::deconvolve 	[/lustre/cv/users/jspeedie/data/images_lines/SO/v11_robust0.5/ABAur_SO.clean:C1] iters=0->0 [0], model=0->0, peakres=0.00838484->0.00838484, Reached cyclethreshold.
2023-03-26 16:59:20	INFO	SDAlgorithmBase::deconvolve 	[/lustre/cv/users/jspeedie/data/images_lines/SO/v11_robust0.5/ABAur_SO.clean:C2] iters=0->0 [0], model=0->0, peakres=0.00890639->0.00890639, Reached cyclethreshold.
2023-03-26 16:59:20	INFO	SDAlgorithmBase::deconvolve 	[/lustre/cv/users/jspeedie/data/images_lines/SO/v11_robust0.5/ABAur_SO.clean:C3] iters=0->0 [0], model=-0.000187754->-0.000187754, peakres=0.00926255->0.00926255, Reached cyclethreshold.
2023-03-26 16:59:20	INFO	SDAlgorithmBase::deconvolve 	[/lustre/cv/users/jspeedie/data/images_lines/SO/v11_robust0.5/ABAur_SO.clean:C4] iters=0->0 [0], model=0->0, peakres=0.00893779->0.00893779, Reached cyclethreshold.
2023-03-26 16:59:21	INFO	SDAlgorithmBase::deconvolve 	[/lustre/cv/users/jspeedie/data/images_lines/SO/v11_robust0.5/ABAur_SO.clean:C5] iters=0->0 [0], model=0->0, peakres=0.00860739->0.00860739, Reached cyclethreshold.
2023-03-26 16:59:21	INFO	SDAlgorithmBase::deconvolve 	[/lustre/cv/users/jspeedie/data/images_lines/SO/v11_robust0.5/ABAur_SO.clean:C6] iters=0->0 [0], model=0->0, peakres=0.0082751->0.0082751, Reached cyclethreshold.
2023-03-26 16:59:21	INFO	SDAlgorithmBase::deconvolve 	[/lustre/cv/users/jspeedie/data/images_lines/SO/v11_robust0.5/ABAur_SO.clean:C7] iters=0->0 [0], model=0->0, peakres=0.00916605->0.00916605, Reached cyclethreshold.
2023-03-26 16:59:21	INFO	SDAlgorithmBase::deconvolve 	[/lustre/cv/users/jspeedie/data/images_lines/SO/v11_robust0.5/ABAur_SO.clean:C8] iters=0->0 [0], model=0->0, peakres=0.00902029->0.00902029, Reached cyclethreshold.
2023-03-26 16:59:21	INFO	SDAlgorithmBase::deconvolve 	[/lustre/cv/users/jspeedie/data/images_lines/SO/v11_robust0.5/ABAur_SO.clean:C9] iters=0->0 [0], model=0->0, peakres=0.00862931->0.00862931, Reached cyclethreshold.
2023-03-26 16:59:21	INFO	SDAlgorithmBase::deconvolve 	[/lustre/cv/users/jspeedie/data/images_lines/SO/v11_robust0.5/ABAur_SO.clean] Total model flux (over all planes) : -0.000564407     Peak Residual (over all planes) : 0.00926255 in C3:P0
2023-03-26 16:59:21	INFO	grpcInteractiveCleanManager::mergeCycleExecutionRecord 	Completed 898 iterations.
2023-03-26 16:59:21	INFO	task_tclean::SynthesisImager::executeMajorCycle 	----------------------------------------------------------- Run Major Cycle 3 -------------------------------------
2023-03-26 16:59:21	INFO	task_tclean::SynthesisImagerVi2::nSubCubeFitInMemory	Required memory: 12.57 GB. Available mem.: 98.08 GB (rc, mem. fraction: 80%, memory: -) => Subcubes: 1. Processes on node: 1.
2023-03-26 16:59:22	INFO	task_tclean::SynthesisImagerVi2::selectData 	MS : /lustre/cv/users/jspeedie/data/ABAur_SO.bin30s.ms.contsub | [Opened in readonly mode]
2023-03-26 16:59:22	INFO	task_tclean::SynthesisImagerVi2::selectData 	  NRows selected : 509173
2023-03-26 16:59:24	INFO	task_tclean::SynthesisImagerVi2::weight() 	Set imaging weights : Briggs weighting: sidelobes will be suppressed over full image
2023-03-26 16:59:24	INFO	task_tclean::SynthesisImagerVi2::weight() 	Doing spectral cube Briggs weighting formula --  bwtaper
2023-03-26 16:59:24	INFO	task_tclean::SynthesisImager::tuneSelectData 	Tuning frequency data selection to match image spectral coordinates
2023-03-26 16:59:24	INFO	task_tclean::SynthesisImagerVi2::selectData 	MS : /lustre/cv/users/jspeedie/data/ABAur_SO.bin30s.ms.contsub | [Opened in readonly mode]
2023-03-26 16:59:24	INFO	task_tclean::SynthesisImagerVi2::selectData 	  NRows selected : 509173
2023-03-26 16:59:25	INFO	task_tclean::SynthesisImager::executeMajorCycle 	----------------------------------------------------------- Run Major Cycle 3 -------------------------------------
2023-03-26 17:01:10	INFO	task_tclean::SynthesisDeconvolver::initMinorCycle 	 Absolute Peak residual within mask : 0.0105818, over full image : 0.0105818
2023-03-26 17:01:10	INFO	SynthesisDeconvolver::executeCubeMinorCycle 	---------------------------------------------------- Run Minor Cycle Iterations  ---------------------------------------------
2023-03-26 17:01:11	INFO	SynthesisDeconvolver::setupDeconvolution 	Set Deconvolution Options for [/lustre/cv/users/jspeedie/data/images_lines/SO/v11_robust0.5/ABAur_SO.clean] : multiscale
2023-03-26 17:01:14	INFO	SynthesisDeconvolver::initMinorCycle 	 Absolute Peak residual within mask : 0.00928788, over full image : 0.00928788
2023-03-26 17:01:14	INFO	CubeMinorCycleAlgorithm::task 	Processing channels in range [0, 9]
2023-03-26 17:01:14	INFO	SDAlgorithmBase::deconvolve 	[/lustre/cv/users/jspeedie/data/images_lines/SO/v11_robust0.5/ABAur_SO.clean] Run multiscale minor-cycle on 10 chans | CycleThreshold=0.00929772, CycleNiter=20, Gain=0.02
2023-03-26 17:01:14	INFO	SDAlgorithmBase::deconvolve 	[/lustre/cv/users/jspeedie/data/images_lines/SO/v11_robust0.5/ABAur_SO.clean:C0] iters=0->0 [0], model=-0.000378985->-0.000378985, peakres=0.00919134->0.00919134, Reached cyclethreshold.
2023-03-26 17:01:15	INFO	SDAlgorithmBase::deconvolve 	[/lustre/cv/users/jspeedie/data/images_lines/SO/v11_robust0.5/ABAur_SO.clean:C1] iters=0->0 [0], model=0->0, peakres=0.00918409->0.00918409, Reached cyclethreshold.
2023-03-26 17:01:15	INFO	SDAlgorithmBase::deconvolve 	[/lustre/cv/users/jspeedie/data/images_lines/SO/v11_robust0.5/ABAur_SO.clean:C2] iters=0->0 [0], model=0->0, peakres=0.00898485->0.00898485, Reached cyclethreshold.
2023-03-26 17:01:15	INFO	SDAlgorithmBase::deconvolve 	[/lustre/cv/users/jspeedie/data/images_lines/SO/v11_robust0.5/ABAur_SO.clean:C3] iters=0->0 [0], model=0.000955094->0.000955094, peakres=0.00924252->0.00924252, Reached cyclethreshold.
2023-03-26 17:01:15	INFO	SDAlgorithmBase::deconvolve 	[/lustre/cv/users/jspeedie/data/images_lines/SO/v11_robust0.5/ABAur_SO.clean:C4] iters=0->0 [0], model=0->0, peakres=0.00928788->0.00928788, Reached cyclethreshold.
2023-03-26 17:01:15	INFO	SDAlgorithmBase::deconvolve 	[/lustre/cv/users/jspeedie/data/images_lines/SO/v11_robust0.5/ABAur_SO.clean:C5] iters=0->0 [0], model=0->0, peakres=0.00884667->0.00884667, Reached cyclethreshold.
2023-03-26 17:01:15	INFO	SDAlgorithmBase::deconvolve 	[/lustre/cv/users/jspeedie/data/images_lines/SO/v11_robust0.5/ABAur_SO.clean:C6] iters=0->0 [0], model=0->0, peakres=0.00863803->0.00863803, Reached cyclethreshold.
2023-03-26 17:01:15	INFO	SDAlgorithmBase::deconvolve 	[/lustre/cv/users/jspeedie/data/images_lines/SO/v11_robust0.5/ABAur_SO.clean:C7] iters=0->0 [0], model=0.000186798->0.000186798, peakres=0.00921343->0.00921343, Reached cyclethreshold.
2023-03-26 17:01:16	INFO	SDAlgorithmBase::deconvolve 	[/lustre/cv/users/jspeedie/data/images_lines/SO/v11_robust0.5/ABAur_SO.clean:C8] iters=0->0 [0], model=0->0, peakres=0.00927289->0.00927289, Reached cyclethreshold.
2023-03-26 17:01:16	INFO	SDAlgorithmBase::deconvolve 	[/lustre/cv/users/jspeedie/data/images_lines/SO/v11_robust0.5/ABAur_SO.clean:C9] iters=0->0 [0], model=0->0, peakres=0.00902453->0.00902453, Reached cyclethreshold.
2023-03-26 17:01:16	INFO	SDAlgorithmBase::deconvolve 	[/lustre/cv/users/jspeedie/data/images_lines/SO/v11_robust0.5/ABAur_SO.clean] Total model flux (over all planes) : 0.000762908     Peak Residual (over all planes) : 0.00928788 in C4:P0
2023-03-26 17:01:16	INFO	SynthesisDeconvolver::setupDeconvolution 	Set Deconvolution Options for [/lustre/cv/users/jspeedie/data/images_lines/SO/v11_robust0.5/ABAur_SO.clean] : multiscale
2023-03-26 17:01:20	INFO	SynthesisDeconvolver::initMinorCycle 	 Absolute Peak residual within mask : 0.0104933, over full image : 0.0104933
2023-03-26 17:01:20	INFO	CubeMinorCycleAlgorithm::task 	Processing channels in range [10, 19]
2023-03-26 17:01:20	INFO	SDAlgorithmBase::deconvolve 	[/lustre/cv/users/jspeedie/data/images_lines/SO/v11_robust0.5/ABAur_SO.clean] Run multiscale minor-cycle on 10 chans | CycleThreshold=0.00929772, CycleNiter=20, Gain=0.02
2023-03-26 17:01:20	INFO	SDAlgorithmBase::deconvolve 	[/lustre/cv/users/jspeedie/data/images_lines/SO/v11_robust0.5/ABAur_SO.clean:C0] iters=0->0 [0], model=0->0, peakres=0.00916743->0.00916743, Reached cyclethreshold.
2023-03-26 17:01:20	INFO	SDAlgorithmBase::deconvolve 	[/lustre/cv/users/jspeedie/data/images_lines/SO/v11_robust0.5/ABAur_SO.clean:C1] iters=0->0 [0], model=0->0, peakres=0.00927772->0.00927772, Reached cyclethreshold.
2023-03-26 17:01:20	INFO	SDAlgorithmBase::deconvolve 	[/lustre/cv/users/jspeedie/data/images_lines/SO/v11_robust0.5/ABAur_SO.clean:C2] iters=0->0 [0], model=0->0, peakres=0.00917445->0.00917445, Reached cyclethreshold.
2023-03-26 17:01:20	INFO	SDAlgorithmBase::deconvolve 	[/lustre/cv/users/jspeedie/data/images_lines/SO/v11_robust0.5/ABAur_SO.clean:C3] iters=0->0 [0], model=0.0442371->0.0442371, peakres=0.00882522->0.00882522, Reached cyclethreshold.
2023-03-26 17:01:20	INFO	MatrixCleaner::validatePsf() 	Peak of PSF = 1 at [1024, 1024]
2023-03-26 17:01:21	INFO	MatrixCleaner::makePsfScales() 	Calculating convolutions for scale 0
2023-03-26 17:01:21	INFO	MatrixCleaner::makePsfScales() 	Calculating convolutions for scale 1
2023-03-26 17:01:22	INFO	MatrixCleaner::makePsfScales() 	Calculating convolutions for scale 2
2023-03-26 17:01:22	INFO	MatrixCleaner::makePsfScales() 	Calculating convolutions for scale 3
2023-03-26 17:01:22	INFO	MatrixCleaner::makePsfScales() 	Calculating convolutions for scale 4
2023-03-26 17:01:22	INFO	MatrixCleaner::makeScaleMasks() 	Calculating mask convolution for scale 0
2023-03-26 17:01:23	INFO	MatrixCleaner::makeScaleMasks() 	Calculating mask convolution for scale 1
2023-03-26 17:01:23	INFO	MatrixCleaner::makeScaleMasks() 	Calculating mask convolution for scale 2
2023-03-26 17:01:23	INFO	MatrixCleaner::makeScaleMasks() 	Calculating mask convolution for scale 3
2023-03-26 17:01:23	INFO	MatrixCleaner::makeScaleMasks() 	Calculating mask convolution for scale 4
2023-03-26 17:01:24	INFO	MatrixCleaner::clean() 	scale 1 = 1 pixels with bias = 1
2023-03-26 17:01:24	INFO	MatrixCleaner::clean() 	scale 2 = 5 pixels with bias = 1
2023-03-26 17:01:24	INFO	MatrixCleaner::clean() 	scale 3 = 15 pixels with bias = 1
2023-03-26 17:01:24	INFO	MatrixCleaner::clean() 	scale 4 = 30 pixels with bias = 1
2023-03-26 17:01:24	INFO	MatrixCleaner::clean() 	scale 5 = 50 pixels with bias = 1
2023-03-26 17:01:24	INFO	MatrixCleaner::clean() 	Cleaning using given mask
2023-03-26 17:01:24	INFO	MatrixCleaner::clean() 	Cleaning pixels with mask values above 0.9
2023-03-26 17:01:24	INFO	MatrixCleaner::clean() 	Starting iteration
2023-03-26 17:01:24	INFO	MatrixCleaner::clean() 	Initial maximum residual is 0.0511623 within the mask 
2023-03-26 17:01:24	INFO	MatrixCleaner::clean() 	iteration    MaximumResidual   CleanedFlux
2023-03-26 17:01:24	INFO	MatrixCleaner::clean() 	2      0.0503435      0.00203012
2023-03-26 17:01:24	INFO	MatrixCleaner::clean() 	4      0.0487317      0.00399447
2023-03-26 17:01:24	INFO	MatrixCleaner::clean() 	6      0.0472853      0.00589932
2023-03-26 17:01:25	INFO	MatrixCleaner::clean() 	8      0.0459367      0.00774914
2023-03-26 17:01:25	INFO	MatrixCleaner::clean() 	10      0.0446683      0.00954721
2023-03-26 17:01:25	INFO	MatrixCleaner::clean() 	12      0.0434582      0.0112964
2023-03-26 17:01:25	INFO	MatrixCleaner::clean() 	14      0.0423319      0.0129997
2023-03-26 17:01:25	INFO	MatrixCleaner::clean() 	16      0.0412484      0.0146593
2023-03-26 17:01:26	INFO	MatrixCleaner::clean() 	18      0.0402195      0.0162773
2023-03-26 17:01:26	INFO	MatrixCleaner::clean() 	20      0.0392352      0.0178554
2023-03-26 17:01:26	INFO	MatrixCleaner::clean() 	  0    0
2023-03-26 17:01:26	INFO	MatrixCleaner::clean() 	  1    0
2023-03-26 17:01:26	INFO	MatrixCleaner::clean() 	  2    0
2023-03-26 17:01:26	INFO	MatrixCleaner::clean() 	  3    0
2023-03-26 17:01:26	INFO	MatrixCleaner::clean() 	  4    0.0178554
2023-03-26 17:01:26	INFO	MatrixCleaner::clean() 	Failed to reach stopping threshold
2023-03-26 17:01:26	INFO	SDAlgorithmBase::deconvolve 	[/lustre/cv/users/jspeedie/data/images_lines/SO/v11_robust0.5/ABAur_SO.clean:C4] iters=0->20 [20], model=0.0593548->0.0772097, peakres=0.00951688->0.00950063, Reached cycleniter.
2023-03-26 17:01:26	INFO	MatrixCleaner::validatePsf() 	Peak of PSF = 1 at [1024, 1024]
2023-03-26 17:01:27	INFO	MatrixCleaner::makePsfScales() 	Calculating convolutions for scale 0
2023-03-26 17:01:27	INFO	MatrixCleaner::makePsfScales() 	Calculating convolutions for scale 1
2023-03-26 17:01:27	INFO	MatrixCleaner::makePsfScales() 	Calculating convolutions for scale 2
2023-03-26 17:01:28	INFO	MatrixCleaner::makePsfScales() 	Calculating convolutions for scale 3
2023-03-26 17:01:28	INFO	MatrixCleaner::makePsfScales() 	Calculating convolutions for scale 4
2023-03-26 17:01:28	INFO	MatrixCleaner::makeScaleMasks() 	Calculating mask convolution for scale 0
2023-03-26 17:01:28	INFO	MatrixCleaner::makeScaleMasks() 	Calculating mask convolution for scale 1
2023-03-26 17:01:29	INFO	MatrixCleaner::makeScaleMasks() 	Calculating mask convolution for scale 2
2023-03-26 17:01:29	INFO	MatrixCleaner::makeScaleMasks() 	Calculating mask convolution for scale 3
2023-03-26 17:01:29	INFO	MatrixCleaner::makeScaleMasks() 	Calculating mask convolution for scale 4
2023-03-26 17:01:30	INFO	MatrixCleaner::clean() 	scale 1 = 1 pixels with bias = 1
2023-03-26 17:01:30	INFO	MatrixCleaner::clean() 	scale 2 = 5 pixels with bias = 1
2023-03-26 17:01:30	INFO	MatrixCleaner::clean() 	scale 3 = 15 pixels with bias = 1
2023-03-26 17:01:30	INFO	MatrixCleaner::clean() 	scale 4 = 30 pixels with bias = 1
2023-03-26 17:01:30	INFO	MatrixCleaner::clean() 	scale 5 = 50 pixels with bias = 1
2023-03-26 17:01:30	INFO	MatrixCleaner::clean() 	Cleaning using given mask
2023-03-26 17:01:30	INFO	MatrixCleaner::clean() 	Cleaning pixels with mask values above 0.9
2023-03-26 17:01:30	INFO	MatrixCleaner::clean() 	Starting iteration
2023-03-26 17:01:30	INFO	MatrixCleaner::clean() 	Initial maximum residual is 0.0583407 within the mask 
2023-03-26 17:01:30	INFO	MatrixCleaner::clean() 	iteration    MaximumResidual   CleanedFlux
2023-03-26 17:01:30	INFO	MatrixCleaner::clean() 	2      0.0580482      0.00232778
2023-03-26 17:01:30	INFO	MatrixCleaner::clean() 	4      0.0567011      0.00460127
2023-03-26 17:01:30	INFO	MatrixCleaner::clean() 	6      0.0554057      0.00682252
2023-03-26 17:01:30	INFO	MatrixCleaner::clean() 	8      0.0541423      0.00899307
2023-03-26 17:01:31	INFO	MatrixCleaner::clean() 	10      0.0529076      0.0111141
2023-03-26 17:01:31	INFO	MatrixCleaner::clean() 	12      0.0517112      0.013187
2023-03-26 17:01:31	INFO	MatrixCleaner::clean() 	14      0.0505418      0.0152131
2023-03-26 17:01:31	INFO	MatrixCleaner::clean() 	16      0.049412      0.0171935
2023-03-26 17:01:31	INFO	MatrixCleaner::clean() 	18      0.0483147      0.0191299
2023-03-26 17:01:32	INFO	MatrixCleaner::clean() 	20      0.0472514      0.0210236
2023-03-26 17:01:32	INFO	MatrixCleaner::clean() 	  0    0
2023-03-26 17:01:32	INFO	MatrixCleaner::clean() 	  1    0
2023-03-26 17:01:32	INFO	MatrixCleaner::clean() 	  2    0
2023-03-26 17:01:32	INFO	MatrixCleaner::clean() 	  3    0
2023-03-26 17:01:32	INFO	MatrixCleaner::clean() 	  4    0.0210236
2023-03-26 17:01:32	INFO	MatrixCleaner::clean() 	Failed to reach stopping threshold
2023-03-26 17:01:32	INFO	SDAlgorithmBase::deconvolve 	[/lustre/cv/users/jspeedie/data/images_lines/SO/v11_robust0.5/ABAur_SO.clean:C5] iters=20->40 [20], model=0.0604894->0.0815125, peakres=0.0104933->0.00956264, Reached cycleniter.
2023-03-26 17:01:32	INFO	MatrixCleaner::validatePsf() 	Peak of PSF = 1 at [1024, 1024]
2023-03-26 17:01:32	INFO	MatrixCleaner::makePsfScales() 	Calculating convolutions for scale 0
2023-03-26 17:01:33	INFO	MatrixCleaner::makePsfScales() 	Calculating convolutions for scale 1
2023-03-26 17:01:33	INFO	MatrixCleaner::makePsfScales() 	Calculating convolutions for scale 2
2023-03-26 17:01:34	INFO	MatrixCleaner::makePsfScales() 	Calculating convolutions for scale 3
2023-03-26 17:01:34	INFO	MatrixCleaner::makePsfScales() 	Calculating convolutions for scale 4
2023-03-26 17:01:34	INFO	MatrixCleaner::makeScaleMasks() 	Calculating mask convolution for scale 0
2023-03-26 17:01:34	INFO	MatrixCleaner::makeScaleMasks() 	Calculating mask convolution for scale 1
2023-03-26 17:01:34	INFO	MatrixCleaner::makeScaleMasks() 	Calculating mask convolution for scale 2
2023-03-26 17:01:34	INFO	MatrixCleaner::makeScaleMasks() 	Calculating mask convolution for scale 3
2023-03-26 17:01:35	INFO	MatrixCleaner::makeScaleMasks() 	Calculating mask convolution for scale 4
2023-03-26 17:01:35	INFO	MatrixCleaner::clean() 	scale 1 = 1 pixels with bias = 1
2023-03-26 17:01:35	INFO	MatrixCleaner::clean() 	scale 2 = 5 pixels with bias = 1
2023-03-26 17:01:35	INFO	MatrixCleaner::clean() 	scale 3 = 15 pixels with bias = 1
2023-03-26 17:01:35	INFO	MatrixCleaner::clean() 	scale 4 = 30 pixels with bias = 1
2023-03-26 17:01:35	INFO	MatrixCleaner::clean() 	scale 5 = 50 pixels with bias = 1
2023-03-26 17:01:35	INFO	MatrixCleaner::clean() 	Cleaning using given mask
2023-03-26 17:01:35	INFO	MatrixCleaner::clean() 	Cleaning pixels with mask values above 0.9
2023-03-26 17:01:35	INFO	MatrixCleaner::clean() 	Starting iteration
2023-03-26 17:01:35	INFO	MatrixCleaner::clean() 	Initial maximum residual is 0.0483455 within the mask 
2023-03-26 17:01:35	INFO	MatrixCleaner::clean() 	iteration    MaximumResidual   CleanedFlux
2023-03-26 17:01:36	INFO	MatrixCleaner::clean() 	2      0.0480804      0.00192852
2023-03-26 17:01:36	INFO	MatrixCleaner::clean() 	4      0.0471022      0.0038178
2023-03-26 17:01:36	INFO	MatrixCleaner::clean() 	6      0.0461438      0.00566863
2023-03-26 17:01:36	INFO	MatrixCleaner::clean() 	8      0.0452049      0.0074818
2023-03-26 17:01:36	INFO	MatrixCleaner::clean() 	10      0.0442852      0.00925808
2023-03-26 17:01:37	INFO	MatrixCleaner::clean() 	12      0.0433841      0.0109982
2023-03-26 17:01:37	INFO	MatrixCleaner::clean() 	14      0.042502      0.0127029
2023-03-26 17:01:37	INFO	MatrixCleaner::clean() 	16      0.0416388      0.0143731
2023-03-26 17:01:37	INFO	MatrixCleaner::clean() 	18      0.0407931      0.0160092
2023-03-26 17:01:37	INFO	MatrixCleaner::clean() 	20      0.0399646      0.0176122
2023-03-26 17:01:37	INFO	MatrixCleaner::clean() 	  0    0
2023-03-26 17:01:37	INFO	MatrixCleaner::clean() 	  1    0
2023-03-26 17:01:37	INFO	MatrixCleaner::clean() 	  2    0
2023-03-26 17:01:37	INFO	MatrixCleaner::clean() 	  3    0
2023-03-26 17:01:37	INFO	MatrixCleaner::clean() 	  4    0.0176122
2023-03-26 17:01:37	INFO	MatrixCleaner::clean() 	Failed to reach stopping threshold
2023-03-26 17:01:38	INFO	SDAlgorithmBase::deconvolve 	[/lustre/cv/users/jspeedie/data/images_lines/SO/v11_robust0.5/ABAur_SO.clean:C6] iters=40->60 [20], model=0.0468379->0.0644498, peakres=0.00985837->0.00909227, Reached cyclethreshold.
2023-03-26 17:01:38	INFO	SDAlgorithmBase::deconvolve 	[/lustre/cv/users/jspeedie/data/images_lines/SO/v11_robust0.5/ABAur_SO.clean:C7] iters=60->60 [0], model=0.0215663->0.0215663, peakres=0.00904148->0.00904148, Reached cyclethreshold.
2023-03-26 17:01:38	INFO	SDAlgorithmBase::deconvolve 	[/lustre/cv/users/jspeedie/data/images_lines/SO/v11_robust0.5/ABAur_SO.clean:C8] iters=60->60 [0], model=0.0191426->0.0191426, peakres=0.00916844->0.00916844, Reached cyclethreshold.
2023-03-26 17:01:38	INFO	SDAlgorithmBase::deconvolve 	[/lustre/cv/users/jspeedie/data/images_lines/SO/v11_robust0.5/ABAur_SO.clean:C9] iters=60->60 [0], model=0.0154558->0.0154558, peakres=0.00926929->0.00926929, Reached cyclethreshold.
2023-03-26 17:01:38	INFO	SDAlgorithmBase::deconvolve 	[/lustre/cv/users/jspeedie/data/images_lines/SO/v11_robust0.5/ABAur_SO.clean] Total model flux (over all planes) : 0.323574     Peak Residual (over all planes) : 0.00956264 in C5:P0
2023-03-26 17:01:38	INFO	SynthesisDeconvolver::setupDeconvolution 	Set Deconvolution Options for [/lustre/cv/users/jspeedie/data/images_lines/SO/v11_robust0.5/ABAur_SO.clean] : multiscale
2023-03-26 17:01:42	INFO	SynthesisDeconvolver::initMinorCycle 	 Absolute Peak residual within mask : 0.0105818, over full image : 0.0105818
2023-03-26 17:01:42	INFO	CubeMinorCycleAlgorithm::task 	Processing channels in range [20, 29]
2023-03-26 17:01:42	INFO	SDAlgorithmBase::deconvolve 	[/lustre/cv/users/jspeedie/data/images_lines/SO/v11_robust0.5/ABAur_SO.clean] Run multiscale minor-cycle on 10 chans | CycleThreshold=0.00929772, CycleNiter=20, Gain=0.02
2023-03-26 17:01:42	INFO	SDAlgorithmBase::deconvolve 	[/lustre/cv/users/jspeedie/data/images_lines/SO/v11_robust0.5/ABAur_SO.clean:C0] iters=0->0 [0], model=0->0, peakres=0.00895534->0.00895534, Reached cyclethreshold.
2023-03-26 17:01:42	INFO	SDAlgorithmBase::deconvolve 	[/lustre/cv/users/jspeedie/data/images_lines/SO/v11_robust0.5/ABAur_SO.clean:C1] iters=0->0 [0], model=0.0272258->0.0272258, peakres=0.00880984->0.00880984, Reached cyclethreshold.
2023-03-26 17:01:42	INFO	MatrixCleaner::validatePsf() 	Peak of PSF = 1 at [1024, 1024]
2023-03-26 17:01:43	INFO	MatrixCleaner::makePsfScales() 	Calculating convolutions for scale 0
2023-03-26 17:01:43	INFO	MatrixCleaner::makePsfScales() 	Calculating convolutions for scale 1
2023-03-26 17:01:44	INFO	MatrixCleaner::makePsfScales() 	Calculating convolutions for scale 2
2023-03-26 17:01:44	INFO	MatrixCleaner::makePsfScales() 	Calculating convolutions for scale 3
2023-03-26 17:01:44	INFO	MatrixCleaner::makePsfScales() 	Calculating convolutions for scale 4
2023-03-26 17:01:45	INFO	MatrixCleaner::makeScaleMasks() 	Calculating mask convolution for scale 0
2023-03-26 17:01:45	INFO	MatrixCleaner::makeScaleMasks() 	Calculating mask convolution for scale 1
2023-03-26 17:01:45	INFO	MatrixCleaner::makeScaleMasks() 	Calculating mask convolution for scale 2
2023-03-26 17:01:45	INFO	MatrixCleaner::makeScaleMasks() 	Calculating mask convolution for scale 3
2023-03-26 17:01:45	INFO	MatrixCleaner::makeScaleMasks() 	Calculating mask convolution for scale 4
2023-03-26 17:01:46	INFO	MatrixCleaner::clean() 	scale 1 = 1 pixels with bias = 1
2023-03-26 17:01:46	INFO	MatrixCleaner::clean() 	scale 2 = 5 pixels with bias = 1
2023-03-26 17:01:46	INFO	MatrixCleaner::clean() 	scale 3 = 15 pixels with bias = 1
2023-03-26 17:01:46	INFO	MatrixCleaner::clean() 	scale 4 = 30 pixels with bias = 1
2023-03-26 17:01:46	INFO	MatrixCleaner::clean() 	scale 5 = 50 pixels with bias = 1
2023-03-26 17:01:46	INFO	MatrixCleaner::clean() 	Cleaning using given mask
2023-03-26 17:01:46	INFO	MatrixCleaner::clean() 	Cleaning pixels with mask values above 0.9
2023-03-26 17:01:46	INFO	MatrixCleaner::clean() 	Starting iteration
2023-03-26 17:01:46	INFO	MatrixCleaner::clean() 	Initial maximum residual is 0.0156712 within the mask 
2023-03-26 17:01:46	INFO	MatrixCleaner::clean() 	iteration    MaximumResidual   CleanedFlux
2023-03-26 17:01:46	INFO	MatrixCleaner::clean() 	Diverging due to large scale?
2023-03-26 17:01:46	INFO	MatrixCleaner::clean() 	  0    0
2023-03-26 17:01:46	INFO	MatrixCleaner::clean() 	  1    0
2023-03-26 17:01:46	INFO	MatrixCleaner::clean() 	  2    0.000313423
2023-03-26 17:01:46	INFO	MatrixCleaner::clean() 	  3    0.000476282
2023-03-26 17:01:46	INFO	MatrixCleaner::clean() 	  4    0
2023-03-26 17:01:46	WARN	SDAlgorithmMSClean::takeOneStep (file src/code/synthesis/ImagerObjects/SDAlgorithmMSClean.cc, line 185)	MSClean minor cycle stopped at large scale negative or diverging
2023-03-26 17:01:46	INFO	SDAlgorithmBase::deconvolve 	[/lustre/cv/users/jspeedie/data/images_lines/SO/v11_robust0.5/ABAur_SO.clean:C2] iters=0->2 [2], model=0.0213341->0.0216474, peakres=0.00934159->0.00934087, Exited multiscale minor cycle without reaching any stopping criterion.
2023-03-26 17:01:46	INFO	MatrixCleaner::validatePsf() 	Peak of PSF = 1 at [1024, 1024]
2023-03-26 17:01:47	INFO	MatrixCleaner::makePsfScales() 	Calculating convolutions for scale 0
2023-03-26 17:01:47	INFO	MatrixCleaner::makePsfScales() 	Calculating convolutions for scale 1
2023-03-26 17:01:48	INFO	MatrixCleaner::makePsfScales() 	Calculating convolutions for scale 2
2023-03-26 17:01:48	INFO	MatrixCleaner::makePsfScales() 	Calculating convolutions for scale 3
2023-03-26 17:01:48	INFO	MatrixCleaner::makePsfScales() 	Calculating convolutions for scale 4
2023-03-26 17:01:48	INFO	MatrixCleaner::makeScaleMasks() 	Calculating mask convolution for scale 0
2023-03-26 17:01:48	INFO	MatrixCleaner::makeScaleMasks() 	Calculating mask convolution for scale 1
2023-03-26 17:01:49	INFO	MatrixCleaner::makeScaleMasks() 	Calculating mask convolution for scale 2
2023-03-26 17:01:49	INFO	MatrixCleaner::makeScaleMasks() 	Calculating mask convolution for scale 3
2023-03-26 17:01:49	INFO	MatrixCleaner::makeScaleMasks() 	Calculating mask convolution for scale 4
2023-03-26 17:01:50	INFO	MatrixCleaner::clean() 	scale 1 = 1 pixels with bias = 1
2023-03-26 17:01:50	INFO	MatrixCleaner::clean() 	scale 2 = 5 pixels with bias = 1
2023-03-26 17:01:50	INFO	MatrixCleaner::clean() 	scale 3 = 15 pixels with bias = 1
2023-03-26 17:01:50	INFO	MatrixCleaner::clean() 	scale 4 = 30 pixels with bias = 1
2023-03-26 17:01:50	INFO	MatrixCleaner::clean() 	scale 5 = 50 pixels with bias = 1
2023-03-26 17:01:50	INFO	MatrixCleaner::clean() 	Cleaning using given mask
2023-03-26 17:01:50	INFO	MatrixCleaner::clean() 	Cleaning pixels with mask values above 0.9
2023-03-26 17:01:50	INFO	MatrixCleaner::clean() 	Starting iteration
2023-03-26 17:01:50	INFO	MatrixCleaner::clean() 	Initial maximum residual is 0.0105818 within the mask 
2023-03-26 17:01:50	INFO	MatrixCleaner::clean() 	iteration    MaximumResidual   CleanedFlux
2023-03-26 17:01:50	INFO	MatrixCleaner::clean() 	Diverging due to large scale?
2023-03-26 17:01:50	INFO	MatrixCleaner::clean() 	  0    0.000211636
2023-03-26 17:01:50	INFO	MatrixCleaner::clean() 	  1    0
2023-03-26 17:01:50	INFO	MatrixCleaner::clean() 	  2    0
2023-03-26 17:01:50	INFO	MatrixCleaner::clean() 	  3    0
2023-03-26 17:01:50	INFO	MatrixCleaner::clean() 	  4    0.000784529
2023-03-26 17:01:50	WARN	SDAlgorithmMSClean::takeOneStep (file src/code/synthesis/ImagerObjects/SDAlgorithmMSClean.cc, line 185)	MSClean minor cycle stopped at large scale negative or diverging
2023-03-26 17:01:50	INFO	SDAlgorithmBase::deconvolve 	[/lustre/cv/users/jspeedie/data/images_lines/SO/v11_robust0.5/ABAur_SO.clean:C3] iters=2->4 [2], model=0.0123672->0.0125788, peakres=0.0105818->0.0103701, Exited multiscale minor cycle without reaching any stopping criterion.
2023-03-26 17:01:50	INFO	MatrixCleaner::validatePsf() 	Peak of PSF = 1 at [1024, 1024]
2023-03-26 17:01:50	INFO	MatrixCleaner::makePsfScales() 	Calculating convolutions for scale 0
2023-03-26 17:01:51	INFO	MatrixCleaner::makePsfScales() 	Calculating convolutions for scale 1
2023-03-26 17:01:51	INFO	MatrixCleaner::makePsfScales() 	Calculating convolutions for scale 2
2023-03-26 17:01:52	INFO	MatrixCleaner::makePsfScales() 	Calculating convolutions for scale 3
2023-03-26 17:01:52	INFO	MatrixCleaner::makePsfScales() 	Calculating convolutions for scale 4
2023-03-26 17:01:52	INFO	MatrixCleaner::makeScaleMasks() 	Calculating mask convolution for scale 0
2023-03-26 17:01:52	INFO	MatrixCleaner::makeScaleMasks() 	Calculating mask convolution for scale 1
2023-03-26 17:01:52	INFO	MatrixCleaner::makeScaleMasks() 	Calculating mask convolution for scale 2
2023-03-26 17:01:53	INFO	MatrixCleaner::makeScaleMasks() 	Calculating mask convolution for scale 3
2023-03-26 17:01:53	INFO	MatrixCleaner::makeScaleMasks() 	Calculating mask convolution for scale 4
2023-03-26 17:01:53	INFO	MatrixCleaner::clean() 	scale 1 = 1 pixels with bias = 1
2023-03-26 17:01:53	INFO	MatrixCleaner::clean() 	scale 2 = 5 pixels with bias = 1
2023-03-26 17:01:53	INFO	MatrixCleaner::clean() 	scale 3 = 15 pixels with bias = 1
2023-03-26 17:01:53	INFO	MatrixCleaner::clean() 	scale 4 = 30 pixels with bias = 1
2023-03-26 17:01:53	INFO	MatrixCleaner::clean() 	scale 5 = 50 pixels with bias = 1
2023-03-26 17:01:53	INFO	MatrixCleaner::clean() 	Cleaning using given mask
2023-03-26 17:01:53	INFO	MatrixCleaner::clean() 	Cleaning pixels with mask values above 0.9
2023-03-26 17:01:53	INFO	MatrixCleaner::clean() 	Starting iteration
2023-03-26 17:01:53	INFO	MatrixCleaner::clean() 	Initial maximum residual is 0.00938757 within the mask 
2023-03-26 17:01:53	INFO	MatrixCleaner::clean() 	iteration    MaximumResidual   CleanedFlux
2023-03-26 17:01:54	INFO	MatrixCleaner::clean() 	Diverging due to large scale?
2023-03-26 17:01:54	INFO	MatrixCleaner::clean() 	  0    0.000187751
2023-03-26 17:01:54	INFO	MatrixCleaner::clean() 	  1    0
2023-03-26 17:01:54	INFO	MatrixCleaner::clean() 	  2    0
2023-03-26 17:01:54	INFO	MatrixCleaner::clean() 	  3    0.000464661
2023-03-26 17:01:54	INFO	MatrixCleaner::clean() 	  4    0
2023-03-26 17:01:54	WARN	SDAlgorithmMSClean::takeOneStep (file src/code/synthesis/ImagerObjects/SDAlgorithmMSClean.cc, line 185)	MSClean minor cycle stopped at large scale negative or diverging
2023-03-26 17:01:54	INFO	SDAlgorithmBase::deconvolve 	[/lustre/cv/users/jspeedie/data/images_lines/SO/v11_robust0.5/ABAur_SO.clean:C4] iters=4->6 [2], model=0.0218767->0.0220644, peakres=0.00938757->0.00919982, Reached cyclethreshold.
2023-03-26 17:01:54	INFO	SDAlgorithmBase::deconvolve 	[/lustre/cv/users/jspeedie/data/images_lines/SO/v11_robust0.5/ABAur_SO.clean:C5] iters=6->6 [0], model=0.0298107->0.0298107, peakres=0.00875215->0.00875215, Reached cyclethreshold.
2023-03-26 17:01:54	INFO	MatrixCleaner::validatePsf() 	Peak of PSF = 1 at [1024, 1024]
2023-03-26 17:01:54	INFO	MatrixCleaner::makePsfScales() 	Calculating convolutions for scale 0
2023-03-26 17:01:55	INFO	MatrixCleaner::makePsfScales() 	Calculating convolutions for scale 1
2023-03-26 17:01:55	INFO	MatrixCleaner::makePsfScales() 	Calculating convolutions for scale 2
2023-03-26 17:01:56	INFO	MatrixCleaner::makePsfScales() 	Calculating convolutions for scale 3
2023-03-26 17:01:56	INFO	MatrixCleaner::makePsfScales() 	Calculating convolutions for scale 4
2023-03-26 17:01:56	INFO	MatrixCleaner::makeScaleMasks() 	Calculating mask convolution for scale 0
2023-03-26 17:01:56	INFO	MatrixCleaner::makeScaleMasks() 	Calculating mask convolution for scale 1
2023-03-26 17:01:56	INFO	MatrixCleaner::makeScaleMasks() 	Calculating mask convolution for scale 2
2023-03-26 17:01:56	INFO	MatrixCleaner::makeScaleMasks() 	Calculating mask convolution for scale 3
2023-03-26 17:01:57	INFO	MatrixCleaner::makeScaleMasks() 	Calculating mask convolution for scale 4
2023-03-26 17:01:57	INFO	MatrixCleaner::clean() 	scale 1 = 1 pixels with bias = 1
2023-03-26 17:01:57	INFO	MatrixCleaner::clean() 	scale 2 = 5 pixels with bias = 1
2023-03-26 17:01:57	INFO	MatrixCleaner::clean() 	scale 3 = 15 pixels with bias = 1
2023-03-26 17:01:57	INFO	MatrixCleaner::clean() 	scale 4 = 30 pixels with bias = 1
2023-03-26 17:01:57	INFO	MatrixCleaner::clean() 	scale 5 = 50 pixels with bias = 1
2023-03-26 17:01:57	INFO	MatrixCleaner::clean() 	Cleaning using given mask
2023-03-26 17:01:57	INFO	MatrixCleaner::clean() 	Cleaning pixels with mask values above 0.9
2023-03-26 17:01:57	INFO	MatrixCleaner::clean() 	Starting iteration
2023-03-26 17:01:57	INFO	MatrixCleaner::clean() 	Initial maximum residual is 0.00936192 within the mask 
2023-03-26 17:01:57	INFO	MatrixCleaner::clean() 	iteration    MaximumResidual   CleanedFlux
2023-03-26 17:01:58	INFO	MatrixCleaner::clean() 	2      -0.00930163      1.2058e-06
2023-03-26 17:01:58	INFO	MatrixCleaner::clean() 	Diverging due to large scale?
2023-03-26 17:01:58	INFO	MatrixCleaner::clean() 	  0    1.2058e-06
2023-03-26 17:01:58	INFO	MatrixCleaner::clean() 	  1    0
2023-03-26 17:01:58	INFO	MatrixCleaner::clean() 	  2    0.000304995
2023-03-26 17:01:58	INFO	MatrixCleaner::clean() 	  3    0
2023-03-26 17:01:58	INFO	MatrixCleaner::clean() 	  4    0
2023-03-26 17:01:58	WARN	SDAlgorithmMSClean::takeOneStep (file src/code/synthesis/ImagerObjects/SDAlgorithmMSClean.cc, line 185)	MSClean minor cycle stopped at large scale negative or diverging
2023-03-26 17:01:58	INFO	SDAlgorithmBase::deconvolve 	[/lustre/cv/users/jspeedie/data/images_lines/SO/v11_robust0.5/ABAur_SO.clean:C6] iters=6->9 [3], model=0.0228514->0.0228525, peakres=0.00936192->0.00917509, Reached cyclethreshold.
2023-03-26 17:01:58	INFO	SDAlgorithmBase::deconvolve 	[/lustre/cv/users/jspeedie/data/images_lines/SO/v11_robust0.5/ABAur_SO.clean:C7] iters=9->9 [0], model=0.011569->0.011569, peakres=0.0092284->0.0092284, Reached cyclethreshold.
2023-03-26 17:01:58	INFO	SDAlgorithmBase::deconvolve 	[/lustre/cv/users/jspeedie/data/images_lines/SO/v11_robust0.5/ABAur_SO.clean:C8] iters=9->9 [0], model=0->0, peakres=0.00904104->0.00904104, Reached cyclethreshold.
2023-03-26 17:01:58	INFO	SDAlgorithmBase::deconvolve 	[/lustre/cv/users/jspeedie/data/images_lines/SO/v11_robust0.5/ABAur_SO.clean:C9] iters=9->9 [0], model=0.0306512->0.0306512, peakres=0.00892009->0.00892009, Reached cyclethreshold.
2023-03-26 17:01:58	INFO	SDAlgorithmBase::deconvolve 	[/lustre/cv/users/jspeedie/data/images_lines/SO/v11_robust0.5/ABAur_SO.clean] Total model flux (over all planes) : 0.1784     Peak Residual (over all planes) : 0.0103701 in C3:P0
2023-03-26 17:01:58	INFO	SynthesisDeconvolver::setupDeconvolution 	Set Deconvolution Options for [/lustre/cv/users/jspeedie/data/images_lines/SO/v11_robust0.5/ABAur_SO.clean] : multiscale
2023-03-26 17:02:02	INFO	SynthesisDeconvolver::initMinorCycle 	 Absolute Peak residual within mask : 0.00957337, over full image : 0.00957337
2023-03-26 17:02:02	INFO	CubeMinorCycleAlgorithm::task 	Processing channels in range [30, 39]
2023-03-26 17:02:02	INFO	SDAlgorithmBase::deconvolve 	[/lustre/cv/users/jspeedie/data/images_lines/SO/v11_robust0.5/ABAur_SO.clean] Run multiscale minor-cycle on 10 chans | CycleThreshold=0.00929772, CycleNiter=20, Gain=0.02
2023-03-26 17:02:02	INFO	MatrixCleaner::validatePsf() 	Peak of PSF = 1 at [1024, 1024]
2023-03-26 17:02:03	INFO	MatrixCleaner::makePsfScales() 	Calculating convolutions for scale 0
2023-03-26 17:02:03	INFO	MatrixCleaner::makePsfScales() 	Calculating convolutions for scale 1
2023-03-26 17:02:03	INFO	MatrixCleaner::makePsfScales() 	Calculating convolutions for scale 2
2023-03-26 17:02:04	INFO	MatrixCleaner::makePsfScales() 	Calculating convolutions for scale 3
2023-03-26 17:02:04	INFO	MatrixCleaner::makePsfScales() 	Calculating convolutions for scale 4
2023-03-26 17:02:04	INFO	MatrixCleaner::makeScaleMasks() 	Calculating mask convolution for scale 0
2023-03-26 17:02:04	INFO	MatrixCleaner::makeScaleMasks() 	Calculating mask convolution for scale 1
2023-03-26 17:02:05	INFO	MatrixCleaner::makeScaleMasks() 	Calculating mask convolution for scale 2
2023-03-26 17:02:05	INFO	MatrixCleaner::makeScaleMasks() 	Calculating mask convolution for scale 3
2023-03-26 17:02:05	INFO	MatrixCleaner::makeScaleMasks() 	Calculating mask convolution for scale 4
2023-03-26 17:02:06	INFO	MatrixCleaner::clean() 	scale 1 = 1 pixels with bias = 1
2023-03-26 17:02:06	INFO	MatrixCleaner::clean() 	scale 2 = 5 pixels with bias = 1
2023-03-26 17:02:06	INFO	MatrixCleaner::clean() 	scale 3 = 15 pixels with bias = 1
2023-03-26 17:02:06	INFO	MatrixCleaner::clean() 	scale 4 = 30 pixels with bias = 1
2023-03-26 17:02:06	INFO	MatrixCleaner::clean() 	scale 5 = 50 pixels with bias = 1
2023-03-26 17:02:06	INFO	MatrixCleaner::clean() 	Cleaning using given mask
2023-03-26 17:02:06	INFO	MatrixCleaner::clean() 	Cleaning pixels with mask values above 0.9
2023-03-26 17:02:06	INFO	MatrixCleaner::clean() 	Starting iteration
2023-03-26 17:02:06	INFO	MatrixCleaner::clean() 	Initial maximum residual is 0.00954318 within the mask 
2023-03-26 17:02:06	INFO	MatrixCleaner::clean() 	iteration    MaximumResidual   CleanedFlux
2023-03-26 17:02:06	INFO	MatrixCleaner::clean() 	2      0.00945192      0.000379902
2023-03-26 17:02:06	INFO	MatrixCleaner::clean() 	Reached stopping threshold 0.00929772 at iteration 3
2023-03-26 17:02:06	INFO	MatrixCleaner::clean() 	Optimum flux is 0.00928963
2023-03-26 17:02:06	INFO	MatrixCleaner::clean() 	  0    0.00038115
2023-03-26 17:02:06	INFO	MatrixCleaner::clean() 	  1    0
2023-03-26 17:02:06	INFO	MatrixCleaner::clean() 	  2    0
2023-03-26 17:02:06	INFO	MatrixCleaner::clean() 	  3    0
2023-03-26 17:02:06	INFO	MatrixCleaner::clean() 	  4    0
2023-03-26 17:02:06	INFO	SDAlgorithmBase::deconvolve 	[/lustre/cv/users/jspeedie/data/images_lines/SO/v11_robust0.5/ABAur_SO.clean:C0] iters=0->4 [4], model=0.0262547->0.0268216, peakres=0.00954318->0.00928963, Reached cyclethreshold.
2023-03-26 17:02:06	INFO	MatrixCleaner::validatePsf() 	Peak of PSF = 1 at [1024, 1024]
2023-03-26 17:02:07	INFO	MatrixCleaner::makePsfScales() 	Calculating convolutions for scale 0
2023-03-26 17:02:07	INFO	MatrixCleaner::makePsfScales() 	Calculating convolutions for scale 1
2023-03-26 17:02:07	INFO	MatrixCleaner::makePsfScales() 	Calculating convolutions for scale 2
2023-03-26 17:02:08	INFO	MatrixCleaner::makePsfScales() 	Calculating convolutions for scale 3
2023-03-26 17:02:08	INFO	MatrixCleaner::makePsfScales() 	Calculating convolutions for scale 4
2023-03-26 17:02:08	INFO	MatrixCleaner::makeScaleMasks() 	Calculating mask convolution for scale 0
2023-03-26 17:02:08	INFO	MatrixCleaner::makeScaleMasks() 	Calculating mask convolution for scale 1
2023-03-26 17:02:08	INFO	MatrixCleaner::makeScaleMasks() 	Calculating mask convolution for scale 2
2023-03-26 17:02:09	INFO	MatrixCleaner::makeScaleMasks() 	Calculating mask convolution for scale 3
2023-03-26 17:02:09	INFO	MatrixCleaner::makeScaleMasks() 	Calculating mask convolution for scale 4
2023-03-26 17:02:09	INFO	MatrixCleaner::clean() 	scale 1 = 1 pixels with bias = 1
2023-03-26 17:02:09	INFO	MatrixCleaner::clean() 	scale 2 = 5 pixels with bias = 1
2023-03-26 17:02:09	INFO	MatrixCleaner::clean() 	scale 3 = 15 pixels with bias = 1
2023-03-26 17:02:09	INFO	MatrixCleaner::clean() 	scale 4 = 30 pixels with bias = 1
2023-03-26 17:02:09	INFO	MatrixCleaner::clean() 	scale 5 = 50 pixels with bias = 1
2023-03-26 17:02:09	INFO	MatrixCleaner::clean() 	Cleaning using given mask
2023-03-26 17:02:09	INFO	MatrixCleaner::clean() 	Cleaning pixels with mask values above 0.9
2023-03-26 17:02:10	INFO	MatrixCleaner::clean() 	Starting iteration
2023-03-26 17:02:10	INFO	MatrixCleaner::clean() 	Initial maximum residual is 0.0244099 within the mask 
2023-03-26 17:02:10	INFO	MatrixCleaner::clean() 	iteration    MaximumResidual   CleanedFlux
2023-03-26 17:02:10	INFO	MatrixCleaner::clean() 	2      0.00957472      0.000679692
2023-03-26 17:02:10	INFO	MatrixCleaner::clean() 	4      0.0237123      0.00163244
2023-03-26 17:02:10	INFO	MatrixCleaner::clean() 	6      -0.00932446      0.001915
2023-03-26 17:02:10	INFO	MatrixCleaner::clean() 	8      0.00930091      0.00191485
2023-03-26 17:02:10	INFO	MatrixCleaner::clean() 	10      0.034386      0.00306342
2023-03-26 17:02:11	INFO	MatrixCleaner::clean() 	Reached stopping threshold 0.00929772 at iteration 10
2023-03-26 17:02:11	INFO	MatrixCleaner::clean() 	Optimum flux is 0.00913825
2023-03-26 17:02:11	INFO	MatrixCleaner::clean() 	  0    -0.000177911
2023-03-26 17:02:11	INFO	MatrixCleaner::clean() 	  1    0
2023-03-26 17:02:11	INFO	MatrixCleaner::clean() 	  2    0
2023-03-26 17:02:11	INFO	MatrixCleaner::clean() 	  3    0.00237085
2023-03-26 17:02:11	INFO	MatrixCleaner::clean() 	  4    0.00068772
2023-03-26 17:02:11	INFO	SDAlgorithmBase::deconvolve 	[/lustre/cv/users/jspeedie/data/images_lines/SO/v11_robust0.5/ABAur_SO.clean:C1] iters=4->15 [11], model=0.0265889->0.0296523, peakres=0.00957337->0.00913849, Reached cyclethreshold.
2023-03-26 17:02:11	INFO	SDAlgorithmBase::deconvolve 	[/lustre/cv/users/jspeedie/data/images_lines/SO/v11_robust0.5/ABAur_SO.clean:C2] iters=15->15 [0], model=0.0237043->0.0237043, peakres=0.00929222->0.00929222, Reached cyclethreshold.
2023-03-26 17:02:11	INFO	SDAlgorithmBase::deconvolve 	[/lustre/cv/users/jspeedie/data/images_lines/SO/v11_robust0.5/ABAur_SO.clean:C3] iters=15->15 [0], model=0.0138468->0.0138468, peakres=0.00905306->0.00905306, Reached cyclethreshold.
2023-03-26 17:02:11	INFO	SDAlgorithmBase::deconvolve 	[/lustre/cv/users/jspeedie/data/images_lines/SO/v11_robust0.5/ABAur_SO.clean:C4] iters=15->15 [0], model=0.0174492->0.0174492, peakres=0.00905757->0.00905757, Reached cyclethreshold.
2023-03-26 17:02:11	INFO	SDAlgorithmBase::deconvolve 	[/lustre/cv/users/jspeedie/data/images_lines/SO/v11_robust0.5/ABAur_SO.clean:C5] iters=15->15 [0], model=0.0168063->0.0168063, peakres=0.00897207->0.00897207, Reached cyclethreshold.
2023-03-26 17:02:11	INFO	SDAlgorithmBase::deconvolve 	[/lustre/cv/users/jspeedie/data/images_lines/SO/v11_robust0.5/ABAur_SO.clean:C6] iters=15->15 [0], model=0.0294321->0.0294321, peakres=0.00928122->0.00928122, Reached cyclethreshold.
2023-03-26 17:02:11	INFO	SDAlgorithmBase::deconvolve 	[/lustre/cv/users/jspeedie/data/images_lines/SO/v11_robust0.5/ABAur_SO.clean:C7] iters=15->15 [0], model=0->0, peakres=0.00895067->0.00895067, Reached cyclethreshold.
2023-03-26 17:02:12	INFO	SDAlgorithmBase::deconvolve 	[/lustre/cv/users/jspeedie/data/images_lines/SO/v11_robust0.5/ABAur_SO.clean:C8] iters=15->15 [0], model=0.0295104->0.0295104, peakres=0.00917345->0.00917345, Reached cyclethreshold.
2023-03-26 17:02:12	INFO	SDAlgorithmBase::deconvolve 	[/lustre/cv/users/jspeedie/data/images_lines/SO/v11_robust0.5/ABAur_SO.clean:C9] iters=15->15 [0], model=0.0364221->0.0364221, peakres=0.00909507->0.00909507, Reached cyclethreshold.
2023-03-26 17:02:12	INFO	SDAlgorithmBase::deconvolve 	[/lustre/cv/users/jspeedie/data/images_lines/SO/v11_robust0.5/ABAur_SO.clean] Total model flux (over all planes) : 0.223645     Peak Residual (over all planes) : 0.00929222 in C2:P0
2023-03-26 17:02:12	INFO	SynthesisDeconvolver::setupDeconvolution 	Set Deconvolution Options for [/lustre/cv/users/jspeedie/data/images_lines/SO/v11_robust0.5/ABAur_SO.clean] : multiscale
2023-03-26 17:02:16	INFO	SynthesisDeconvolver::initMinorCycle 	 Absolute Peak residual within mask : 0.0092555, over full image : 0.0092555
2023-03-26 17:02:16	INFO	CubeMinorCycleAlgorithm::task 	Processing channels in range [40, 49]
2023-03-26 17:02:16	INFO	SDAlgorithmBase::deconvolve 	[/lustre/cv/users/jspeedie/data/images_lines/SO/v11_robust0.5/ABAur_SO.clean] Run multiscale minor-cycle on 10 chans | CycleThreshold=0.00929772, CycleNiter=20, Gain=0.02
2023-03-26 17:02:16	INFO	SDAlgorithmBase::deconvolve 	[/lustre/cv/users/jspeedie/data/images_lines/SO/v11_robust0.5/ABAur_SO.clean:C0] iters=0->0 [0], model=0.0418419->0.0418419, peakres=0.00859878->0.00859878, Reached cyclethreshold.
2023-03-26 17:02:16	INFO	SDAlgorithmBase::deconvolve 	[/lustre/cv/users/jspeedie/data/images_lines/SO/v11_robust0.5/ABAur_SO.clean:C1] iters=0->0 [0], model=0.0356111->0.0356111, peakres=0.00898708->0.00898708, Reached cyclethreshold.
2023-03-26 17:02:16	INFO	SDAlgorithmBase::deconvolve 	[/lustre/cv/users/jspeedie/data/images_lines/SO/v11_robust0.5/ABAur_SO.clean:C2] iters=0->0 [0], model=0->0, peakres=0.00924914->0.00924914, Reached cyclethreshold.
2023-03-26 17:02:16	INFO	SDAlgorithmBase::deconvolve 	[/lustre/cv/users/jspeedie/data/images_lines/SO/v11_robust0.5/ABAur_SO.clean:C3] iters=0->0 [0], model=0->0, peakres=0.00892426->0.00892426, Reached cyclethreshold.
2023-03-26 17:02:16	INFO	SDAlgorithmBase::deconvolve 	[/lustre/cv/users/jspeedie/data/images_lines/SO/v11_robust0.5/ABAur_SO.clean:C4] iters=0->0 [0], model=0->0, peakres=0.00855705->0.00855705, Reached cyclethreshold.
2023-03-26 17:02:16	INFO	SDAlgorithmBase::deconvolve 	[/lustre/cv/users/jspeedie/data/images_lines/SO/v11_robust0.5/ABAur_SO.clean:C5] iters=0->0 [0], model=-0.000761736->-0.000761736, peakres=0.0092555->0.0092555, Reached cyclethreshold.
2023-03-26 17:02:17	INFO	SDAlgorithmBase::deconvolve 	[/lustre/cv/users/jspeedie/data/images_lines/SO/v11_robust0.5/ABAur_SO.clean:C6] iters=0->0 [0], model=0->0, peakres=0.00901828->0.00901828, Reached cyclethreshold.
2023-03-26 17:02:17	INFO	SDAlgorithmBase::deconvolve 	[/lustre/cv/users/jspeedie/data/images_lines/SO/v11_robust0.5/ABAur_SO.clean:C7] iters=0->0 [0], model=0.00037576->0.00037576, peakres=0.00923862->0.00923862, Reached cyclethreshold.
2023-03-26 17:02:17	INFO	SDAlgorithmBase::deconvolve 	[/lustre/cv/users/jspeedie/data/images_lines/SO/v11_robust0.5/ABAur_SO.clean:C8] iters=0->0 [0], model=0->0, peakres=0.0084534->0.0084534, Reached cyclethreshold.
2023-03-26 17:02:17	INFO	SDAlgorithmBase::deconvolve 	[/lustre/cv/users/jspeedie/data/images_lines/SO/v11_robust0.5/ABAur_SO.clean:C9] iters=0->0 [0], model=0.000567166->0.000567166, peakres=0.00922344->0.00922344, Reached cyclethreshold.
2023-03-26 17:02:17	INFO	SDAlgorithmBase::deconvolve 	[/lustre/cv/users/jspeedie/data/images_lines/SO/v11_robust0.5/ABAur_SO.clean] Total model flux (over all planes) : 0.0776342     Peak Residual (over all planes) : 0.0092555 in C5:P0
2023-03-26 17:02:17	INFO	SynthesisDeconvolver::setupDeconvolution 	Set Deconvolution Options for [/lustre/cv/users/jspeedie/data/images_lines/SO/v11_robust0.5/ABAur_SO.clean] : multiscale
2023-03-26 17:02:21	INFO	SynthesisDeconvolver::initMinorCycle 	 Absolute Peak residual within mask : 0.00926255, over full image : 0.00926255
2023-03-26 17:02:21	INFO	CubeMinorCycleAlgorithm::task 	Processing channels in range [50, 59]
2023-03-26 17:02:21	INFO	SDAlgorithmBase::deconvolve 	[/lustre/cv/users/jspeedie/data/images_lines/SO/v11_robust0.5/ABAur_SO.clean] Run multiscale minor-cycle on 10 chans | CycleThreshold=0.00929772, CycleNiter=20, Gain=0.02
2023-03-26 17:02:21	INFO	SDAlgorithmBase::deconvolve 	[/lustre/cv/users/jspeedie/data/images_lines/SO/v11_robust0.5/ABAur_SO.clean:C0] iters=0->0 [0], model=-0.000376653->-0.000376653, peakres=0.00926082->0.00926082, Reached cyclethreshold.
2023-03-26 17:02:21	INFO	SDAlgorithmBase::deconvolve 	[/lustre/cv/users/jspeedie/data/images_lines/SO/v11_robust0.5/ABAur_SO.clean:C1] iters=0->0 [0], model=0->0, peakres=0.00838484->0.00838484, Reached cyclethreshold.
2023-03-26 17:02:21	INFO	SDAlgorithmBase::deconvolve 	[/lustre/cv/users/jspeedie/data/images_lines/SO/v11_robust0.5/ABAur_SO.clean:C2] iters=0->0 [0], model=0->0, peakres=0.00890639->0.00890639, Reached cyclethreshold.
2023-03-26 17:02:21	INFO	SDAlgorithmBase::deconvolve 	[/lustre/cv/users/jspeedie/data/images_lines/SO/v11_robust0.5/ABAur_SO.clean:C3] iters=0->0 [0], model=-0.000187754->-0.000187754, peakres=0.00926255->0.00926255, Reached cyclethreshold.
2023-03-26 17:02:22	INFO	SDAlgorithmBase::deconvolve 	[/lustre/cv/users/jspeedie/data/images_lines/SO/v11_robust0.5/ABAur_SO.clean:C4] iters=0->0 [0], model=0->0, peakres=0.00893779->0.00893779, Reached cyclethreshold.
2023-03-26 17:02:22	INFO	SDAlgorithmBase::deconvolve 	[/lustre/cv/users/jspeedie/data/images_lines/SO/v11_robust0.5/ABAur_SO.clean:C5] iters=0->0 [0], model=0->0, peakres=0.00860739->0.00860739, Reached cyclethreshold.
2023-03-26 17:02:22	INFO	SDAlgorithmBase::deconvolve 	[/lustre/cv/users/jspeedie/data/images_lines/SO/v11_robust0.5/ABAur_SO.clean:C6] iters=0->0 [0], model=0->0, peakres=0.0082751->0.0082751, Reached cyclethreshold.
2023-03-26 17:02:22	INFO	SDAlgorithmBase::deconvolve 	[/lustre/cv/users/jspeedie/data/images_lines/SO/v11_robust0.5/ABAur_SO.clean:C7] iters=0->0 [0], model=0->0, peakres=0.00916605->0.00916605, Reached cyclethreshold.
2023-03-26 17:02:22	INFO	SDAlgorithmBase::deconvolve 	[/lustre/cv/users/jspeedie/data/images_lines/SO/v11_robust0.5/ABAur_SO.clean:C8] iters=0->0 [0], model=0->0, peakres=0.00902029->0.00902029, Reached cyclethreshold.
2023-03-26 17:02:22	INFO	SDAlgorithmBase::deconvolve 	[/lustre/cv/users/jspeedie/data/images_lines/SO/v11_robust0.5/ABAur_SO.clean:C9] iters=0->0 [0], model=0->0, peakres=0.00862931->0.00862931, Reached cyclethreshold.
2023-03-26 17:02:22	INFO	SDAlgorithmBase::deconvolve 	[/lustre/cv/users/jspeedie/data/images_lines/SO/v11_robust0.5/ABAur_SO.clean] Total model flux (over all planes) : -0.000564407     Peak Residual (over all planes) : 0.00926255 in C3:P0
2023-03-26 17:02:23	INFO	grpcInteractiveCleanManager::mergeCycleExecutionRecord 	Completed 982 iterations.
2023-03-26 17:02:23	INFO	task_tclean::SynthesisImager::executeMajorCycle 	----------------------------------------------------------- Run Major Cycle 4 -------------------------------------
2023-03-26 17:02:23	INFO	task_tclean::SynthesisImagerVi2::nSubCubeFitInMemory	Required memory: 12.57 GB. Available mem.: 98.08 GB (rc, mem. fraction: 80%, memory: -) => Subcubes: 1. Processes on node: 1.
2023-03-26 17:02:23	INFO	task_tclean::SynthesisImagerVi2::selectData 	MS : /lustre/cv/users/jspeedie/data/ABAur_SO.bin30s.ms.contsub | [Opened in readonly mode]
2023-03-26 17:02:23	INFO	task_tclean::SynthesisImagerVi2::selectData 	  NRows selected : 509173
2023-03-26 17:02:25	INFO	task_tclean::SynthesisImagerVi2::weight() 	Set imaging weights : Briggs weighting: sidelobes will be suppressed over full image
2023-03-26 17:02:25	INFO	task_tclean::SynthesisImagerVi2::weight() 	Doing spectral cube Briggs weighting formula --  bwtaper
2023-03-26 17:02:25	INFO	task_tclean::SynthesisImager::tuneSelectData 	Tuning frequency data selection to match image spectral coordinates
2023-03-26 17:02:25	INFO	task_tclean::SynthesisImagerVi2::selectData 	MS : /lustre/cv/users/jspeedie/data/ABAur_SO.bin30s.ms.contsub | [Opened in readonly mode]
2023-03-26 17:02:25	INFO	task_tclean::SynthesisImagerVi2::selectData 	  NRows selected : 509173
2023-03-26 17:02:26	INFO	task_tclean::SynthesisImager::executeMajorCycle 	----------------------------------------------------------- Run Major Cycle 4 -------------------------------------
2023-03-26 17:04:13	INFO	task_tclean::SynthesisDeconvolver::initMinorCycle 	 Absolute Peak residual within mask : 0.010437, over full image : 0.010437
2023-03-26 17:04:13	INFO	SynthesisDeconvolver::executeCubeMinorCycle 	---------------------------------------------------- Run Minor Cycle Iterations  ---------------------------------------------
2023-03-26 17:04:13	INFO	SynthesisDeconvolver::setupDeconvolution 	Set Deconvolution Options for [/lustre/cv/users/jspeedie/data/images_lines/SO/v11_robust0.5/ABAur_SO.clean] : multiscale
2023-03-26 17:04:17	INFO	SynthesisDeconvolver::initMinorCycle 	 Absolute Peak residual within mask : 0.00928788, over full image : 0.00928788
2023-03-26 17:04:17	INFO	CubeMinorCycleAlgorithm::task 	Processing channels in range [0, 9]
2023-03-26 17:04:17	INFO	SDAlgorithmBase::deconvolve 	[/lustre/cv/users/jspeedie/data/images_lines/SO/v11_robust0.5/ABAur_SO.clean] Run multiscale minor-cycle on 10 chans | CycleThreshold=0.00929772, CycleNiter=20, Gain=0.02
2023-03-26 17:04:17	INFO	SDAlgorithmBase::deconvolve 	[/lustre/cv/users/jspeedie/data/images_lines/SO/v11_robust0.5/ABAur_SO.clean:C0] iters=0->0 [0], model=-0.000378985->-0.000378985, peakres=0.00919134->0.00919134, Reached cyclethreshold.
2023-03-26 17:04:17	INFO	SDAlgorithmBase::deconvolve 	[/lustre/cv/users/jspeedie/data/images_lines/SO/v11_robust0.5/ABAur_SO.clean:C1] iters=0->0 [0], model=0->0, peakres=0.00918409->0.00918409, Reached cyclethreshold.
2023-03-26 17:04:17	INFO	SDAlgorithmBase::deconvolve 	[/lustre/cv/users/jspeedie/data/images_lines/SO/v11_robust0.5/ABAur_SO.clean:C2] iters=0->0 [0], model=0->0, peakres=0.00898485->0.00898485, Reached cyclethreshold.
2023-03-26 17:04:17	INFO	SDAlgorithmBase::deconvolve 	[/lustre/cv/users/jspeedie/data/images_lines/SO/v11_robust0.5/ABAur_SO.clean:C3] iters=0->0 [0], model=0.000955094->0.000955094, peakres=0.00924252->0.00924252, Reached cyclethreshold.
2023-03-26 17:04:18	INFO	SDAlgorithmBase::deconvolve 	[/lustre/cv/users/jspeedie/data/images_lines/SO/v11_robust0.5/ABAur_SO.clean:C4] iters=0->0 [0], model=0->0, peakres=0.00928788->0.00928788, Reached cyclethreshold.
2023-03-26 17:04:18	INFO	SDAlgorithmBase::deconvolve 	[/lustre/cv/users/jspeedie/data/images_lines/SO/v11_robust0.5/ABAur_SO.clean:C5] iters=0->0 [0], model=0->0, peakres=0.00884667->0.00884667, Reached cyclethreshold.
2023-03-26 17:04:18	INFO	SDAlgorithmBase::deconvolve 	[/lustre/cv/users/jspeedie/data/images_lines/SO/v11_robust0.5/ABAur_SO.clean:C6] iters=0->0 [0], model=0->0, peakres=0.00863803->0.00863803, Reached cyclethreshold.
2023-03-26 17:04:18	INFO	SDAlgorithmBase::deconvolve 	[/lustre/cv/users/jspeedie/data/images_lines/SO/v11_robust0.5/ABAur_SO.clean:C7] iters=0->0 [0], model=0.000186798->0.000186798, peakres=0.00921343->0.00921343, Reached cyclethreshold.
2023-03-26 17:04:18	INFO	SDAlgorithmBase::deconvolve 	[/lustre/cv/users/jspeedie/data/images_lines/SO/v11_robust0.5/ABAur_SO.clean:C8] iters=0->0 [0], model=0->0, peakres=0.00927289->0.00927289, Reached cyclethreshold.
2023-03-26 17:04:18	INFO	SDAlgorithmBase::deconvolve 	[/lustre/cv/users/jspeedie/data/images_lines/SO/v11_robust0.5/ABAur_SO.clean:C9] iters=0->0 [0], model=0->0, peakres=0.00902453->0.00902453, Reached cyclethreshold.
2023-03-26 17:04:18	INFO	SDAlgorithmBase::deconvolve 	[/lustre/cv/users/jspeedie/data/images_lines/SO/v11_robust0.5/ABAur_SO.clean] Total model flux (over all planes) : 0.000762908     Peak Residual (over all planes) : 0.00928788 in C4:P0
2023-03-26 17:04:19	INFO	SynthesisDeconvolver::setupDeconvolution 	Set Deconvolution Options for [/lustre/cv/users/jspeedie/data/images_lines/SO/v11_robust0.5/ABAur_SO.clean] : multiscale
2023-03-26 17:04:22	INFO	SynthesisDeconvolver::initMinorCycle 	 Absolute Peak residual within mask : 0.00956159, over full image : 0.00956159
2023-03-26 17:04:22	INFO	CubeMinorCycleAlgorithm::task 	Processing channels in range [10, 19]
2023-03-26 17:04:22	INFO	SDAlgorithmBase::deconvolve 	[/lustre/cv/users/jspeedie/data/images_lines/SO/v11_robust0.5/ABAur_SO.clean] Run multiscale minor-cycle on 10 chans | CycleThreshold=0.00929772, CycleNiter=20, Gain=0.02
2023-03-26 17:04:22	INFO	SDAlgorithmBase::deconvolve 	[/lustre/cv/users/jspeedie/data/images_lines/SO/v11_robust0.5/ABAur_SO.clean:C0] iters=0->0 [0], model=0->0, peakres=0.00916743->0.00916743, Reached cyclethreshold.
2023-03-26 17:04:22	INFO	SDAlgorithmBase::deconvolve 	[/lustre/cv/users/jspeedie/data/images_lines/SO/v11_robust0.5/ABAur_SO.clean:C1] iters=0->0 [0], model=0->0, peakres=0.00927772->0.00927772, Reached cyclethreshold.
2023-03-26 17:04:23	INFO	SDAlgorithmBase::deconvolve 	[/lustre/cv/users/jspeedie/data/images_lines/SO/v11_robust0.5/ABAur_SO.clean:C2] iters=0->0 [0], model=0->0, peakres=0.00917445->0.00917445, Reached cyclethreshold.
2023-03-26 17:04:23	INFO	SDAlgorithmBase::deconvolve 	[/lustre/cv/users/jspeedie/data/images_lines/SO/v11_robust0.5/ABAur_SO.clean:C3] iters=0->0 [0], model=0.0442371->0.0442371, peakres=0.00882615->0.00882615, Reached cyclethreshold.
2023-03-26 17:04:23	INFO	MatrixCleaner::validatePsf() 	Peak of PSF = 1 at [1024, 1024]
2023-03-26 17:04:23	INFO	MatrixCleaner::makePsfScales() 	Calculating convolutions for scale 0
2023-03-26 17:04:24	INFO	MatrixCleaner::makePsfScales() 	Calculating convolutions for scale 1
2023-03-26 17:04:24	INFO	MatrixCleaner::makePsfScales() 	Calculating convolutions for scale 2
2023-03-26 17:04:24	INFO	MatrixCleaner::makePsfScales() 	Calculating convolutions for scale 3
2023-03-26 17:04:25	INFO	MatrixCleaner::makePsfScales() 	Calculating convolutions for scale 4
2023-03-26 17:04:25	INFO	MatrixCleaner::makeScaleMasks() 	Calculating mask convolution for scale 0
2023-03-26 17:04:25	INFO	MatrixCleaner::makeScaleMasks() 	Calculating mask convolution for scale 1
2023-03-26 17:04:25	INFO	MatrixCleaner::makeScaleMasks() 	Calculating mask convolution for scale 2
2023-03-26 17:04:25	INFO	MatrixCleaner::makeScaleMasks() 	Calculating mask convolution for scale 3
2023-03-26 17:04:26	INFO	MatrixCleaner::makeScaleMasks() 	Calculating mask convolution for scale 4
2023-03-26 17:04:26	INFO	MatrixCleaner::clean() 	scale 1 = 1 pixels with bias = 1
2023-03-26 17:04:26	INFO	MatrixCleaner::clean() 	scale 2 = 5 pixels with bias = 1
2023-03-26 17:04:26	INFO	MatrixCleaner::clean() 	scale 3 = 15 pixels with bias = 1
2023-03-26 17:04:26	INFO	MatrixCleaner::clean() 	scale 4 = 30 pixels with bias = 1
2023-03-26 17:04:26	INFO	MatrixCleaner::clean() 	scale 5 = 50 pixels with bias = 1
2023-03-26 17:04:26	INFO	MatrixCleaner::clean() 	Cleaning using given mask
2023-03-26 17:04:26	INFO	MatrixCleaner::clean() 	Cleaning pixels with mask values above 0.9
2023-03-26 17:04:26	INFO	MatrixCleaner::clean() 	Starting iteration
2023-03-26 17:04:26	INFO	MatrixCleaner::clean() 	Initial maximum residual is 0.0403425 within the mask 
2023-03-26 17:04:26	INFO	MatrixCleaner::clean() 	iteration    MaximumResidual   CleanedFlux
2023-03-26 17:04:26	INFO	MatrixCleaner::clean() 	2      0.0399295      0.00160544
2023-03-26 17:04:27	INFO	MatrixCleaner::clean() 	4      0.0389079      0.00316975
2023-03-26 17:04:27	INFO	MatrixCleaner::clean() 	6      0.0379266      0.00469448
2023-03-26 17:04:27	INFO	MatrixCleaner::clean() 	8      0.0369987      0.00618175
2023-03-26 17:04:27	INFO	MatrixCleaner::clean() 	10      0.0360934      0.00763261
2023-03-26 17:04:28	INFO	MatrixCleaner::clean() 	12      0.00949518      0.00853384
2023-03-26 17:04:28	INFO	MatrixCleaner::clean() 	14      0.00930438      0.00942427
2023-03-26 17:04:28	INFO	MatrixCleaner::clean() 	Reached stopping threshold 0.00929772 at iteration 15
2023-03-26 17:04:28	INFO	MatrixCleaner::clean() 	Optimum flux is 0.00922249
2023-03-26 17:04:28	INFO	MatrixCleaner::clean() 	  0    0.000560441
2023-03-26 17:04:28	INFO	MatrixCleaner::clean() 	  1    0
2023-03-26 17:04:28	INFO	MatrixCleaner::clean() 	  2    0
2023-03-26 17:04:28	INFO	MatrixCleaner::clean() 	  3    0
2023-03-26 17:04:28	INFO	MatrixCleaner::clean() 	  4    0.00974242
2023-03-26 17:04:28	INFO	SDAlgorithmBase::deconvolve 	[/lustre/cv/users/jspeedie/data/images_lines/SO/v11_robust0.5/ABAur_SO.clean:C4] iters=0->16 [16], model=0.0772101->0.0873282, peakres=0.00950213->0.00922082, Reached cyclethreshold.
2023-03-26 17:04:28	INFO	MatrixCleaner::validatePsf() 	Peak of PSF = 1 at [1024, 1024]
2023-03-26 17:04:29	INFO	MatrixCleaner::makePsfScales() 	Calculating convolutions for scale 0
2023-03-26 17:04:29	INFO	MatrixCleaner::makePsfScales() 	Calculating convolutions for scale 1
2023-03-26 17:04:29	INFO	MatrixCleaner::makePsfScales() 	Calculating convolutions for scale 2
2023-03-26 17:04:30	INFO	MatrixCleaner::makePsfScales() 	Calculating convolutions for scale 3
2023-03-26 17:04:30	INFO	MatrixCleaner::makePsfScales() 	Calculating convolutions for scale 4
2023-03-26 17:04:30	INFO	MatrixCleaner::makeScaleMasks() 	Calculating mask convolution for scale 0
2023-03-26 17:04:30	INFO	MatrixCleaner::makeScaleMasks() 	Calculating mask convolution for scale 1
2023-03-26 17:04:30	INFO	MatrixCleaner::makeScaleMasks() 	Calculating mask convolution for scale 2
2023-03-26 17:04:31	INFO	MatrixCleaner::makeScaleMasks() 	Calculating mask convolution for scale 3
2023-03-26 17:04:31	INFO	MatrixCleaner::makeScaleMasks() 	Calculating mask convolution for scale 4
2023-03-26 17:04:31	INFO	MatrixCleaner::clean() 	scale 1 = 1 pixels with bias = 1
2023-03-26 17:04:31	INFO	MatrixCleaner::clean() 	scale 2 = 5 pixels with bias = 1
2023-03-26 17:04:31	INFO	MatrixCleaner::clean() 	scale 3 = 15 pixels with bias = 1
2023-03-26 17:04:31	INFO	MatrixCleaner::clean() 	scale 4 = 30 pixels with bias = 1
2023-03-26 17:04:31	INFO	MatrixCleaner::clean() 	scale 5 = 50 pixels with bias = 1
2023-03-26 17:04:31	INFO	MatrixCleaner::clean() 	Cleaning using given mask
2023-03-26 17:04:31	INFO	MatrixCleaner::clean() 	Cleaning pixels with mask values above 0.9
2023-03-26 17:04:32	INFO	MatrixCleaner::clean() 	Starting iteration
2023-03-26 17:04:32	INFO	MatrixCleaner::clean() 	Initial maximum residual is 0.0470963 within the mask 
2023-03-26 17:04:32	INFO	MatrixCleaner::clean() 	iteration    MaximumResidual   CleanedFlux
2023-03-26 17:04:32	INFO	MatrixCleaner::clean() 	2      0.0468895      0.00187972
2023-03-26 17:04:32	INFO	MatrixCleaner::clean() 	4      0.0458575      0.00371803
2023-03-26 17:04:32	INFO	MatrixCleaner::clean() 	6      0.0448482      0.00551587
2023-03-26 17:04:32	INFO	MatrixCleaner::clean() 	8      0.0438612      0.00727411
2023-03-26 17:04:33	INFO	MatrixCleaner::clean() 	10      0.0428997      0.00899371
2023-03-26 17:04:33	INFO	MatrixCleaner::clean() 	12      0.0419618      0.0106757
2023-03-26 17:04:33	INFO	MatrixCleaner::clean() 	14      0.0410445      0.0123209
2023-03-26 17:04:33	INFO	MatrixCleaner::clean() 	16      0.0401471      0.0139301
2023-03-26 17:04:33	INFO	MatrixCleaner::clean() 	18      0.0392827      0.0155044
2023-03-26 17:04:34	INFO	MatrixCleaner::clean() 	20      0.0384383      0.0170449
2023-03-26 17:04:34	INFO	MatrixCleaner::clean() 	  0    0
2023-03-26 17:04:34	INFO	MatrixCleaner::clean() 	  1    0
2023-03-26 17:04:34	INFO	MatrixCleaner::clean() 	  2    0
2023-03-26 17:04:34	INFO	MatrixCleaner::clean() 	  3    0
2023-03-26 17:04:34	INFO	MatrixCleaner::clean() 	  4    0.0170449
2023-03-26 17:04:34	INFO	MatrixCleaner::clean() 	Failed to reach stopping threshold
2023-03-26 17:04:34	INFO	SDAlgorithmBase::deconvolve 	[/lustre/cv/users/jspeedie/data/images_lines/SO/v11_robust0.5/ABAur_SO.clean:C5] iters=16->36 [20], model=0.0815129->0.0985572, peakres=0.00956159->0.00957531, Reached cycleniter.
2023-03-26 17:04:34	INFO	SDAlgorithmBase::deconvolve 	[/lustre/cv/users/jspeedie/data/images_lines/SO/v11_robust0.5/ABAur_SO.clean:C6] iters=36->36 [0], model=0.0644501->0.0644501, peakres=0.00911103->0.00911103, Reached cyclethreshold.
2023-03-26 17:04:34	INFO	SDAlgorithmBase::deconvolve 	[/lustre/cv/users/jspeedie/data/images_lines/SO/v11_robust0.5/ABAur_SO.clean:C7] iters=36->36 [0], model=0.0215663->0.0215663, peakres=0.00894617->0.00894617, Reached cyclethreshold.
2023-03-26 17:04:34	INFO	SDAlgorithmBase::deconvolve 	[/lustre/cv/users/jspeedie/data/images_lines/SO/v11_robust0.5/ABAur_SO.clean:C8] iters=36->36 [0], model=0.0191426->0.0191426, peakres=0.00916844->0.00916844, Reached cyclethreshold.
2023-03-26 17:04:34	INFO	SDAlgorithmBase::deconvolve 	[/lustre/cv/users/jspeedie/data/images_lines/SO/v11_robust0.5/ABAur_SO.clean:C9] iters=36->36 [0], model=0.0154558->0.0154558, peakres=0.00926929->0.00926929, Reached cyclethreshold.
2023-03-26 17:04:34	INFO	SDAlgorithmBase::deconvolve 	[/lustre/cv/users/jspeedie/data/images_lines/SO/v11_robust0.5/ABAur_SO.clean] Total model flux (over all planes) : 0.350737     Peak Residual (over all planes) : 0.00957531 in C5:P0
2023-03-26 17:04:35	INFO	SynthesisDeconvolver::setupDeconvolution 	Set Deconvolution Options for [/lustre/cv/users/jspeedie/data/images_lines/SO/v11_robust0.5/ABAur_SO.clean] : multiscale
2023-03-26 17:04:38	INFO	SynthesisDeconvolver::initMinorCycle 	 Absolute Peak residual within mask : 0.010437, over full image : 0.010437
2023-03-26 17:04:38	INFO	CubeMinorCycleAlgorithm::task 	Processing channels in range [20, 29]
2023-03-26 17:04:38	INFO	SDAlgorithmBase::deconvolve 	[/lustre/cv/users/jspeedie/data/images_lines/SO/v11_robust0.5/ABAur_SO.clean] Run multiscale minor-cycle on 10 chans | CycleThreshold=0.00929772, CycleNiter=20, Gain=0.02
2023-03-26 17:04:38	INFO	SDAlgorithmBase::deconvolve 	[/lustre/cv/users/jspeedie/data/images_lines/SO/v11_robust0.5/ABAur_SO.clean:C0] iters=0->0 [0], model=0->0, peakres=0.00895534->0.00895534, Reached cyclethreshold.
2023-03-26 17:04:38	INFO	SDAlgorithmBase::deconvolve 	[/lustre/cv/users/jspeedie/data/images_lines/SO/v11_robust0.5/ABAur_SO.clean:C1] iters=0->0 [0], model=0.0272258->0.0272258, peakres=0.00880042->0.00880042, Reached cyclethreshold.
2023-03-26 17:04:39	INFO	MatrixCleaner::validatePsf() 	Peak of PSF = 1 at [1024, 1024]
2023-03-26 17:04:39	INFO	MatrixCleaner::makePsfScales() 	Calculating convolutions for scale 0
2023-03-26 17:04:39	INFO	MatrixCleaner::makePsfScales() 	Calculating convolutions for scale 1
2023-03-26 17:04:40	INFO	MatrixCleaner::makePsfScales() 	Calculating convolutions for scale 2
2023-03-26 17:04:40	INFO	MatrixCleaner::makePsfScales() 	Calculating convolutions for scale 3
2023-03-26 17:04:40	INFO	MatrixCleaner::makePsfScales() 	Calculating convolutions for scale 4
2023-03-26 17:04:41	INFO	MatrixCleaner::makeScaleMasks() 	Calculating mask convolution for scale 0
2023-03-26 17:04:41	INFO	MatrixCleaner::makeScaleMasks() 	Calculating mask convolution for scale 1
2023-03-26 17:04:41	INFO	MatrixCleaner::makeScaleMasks() 	Calculating mask convolution for scale 2
2023-03-26 17:04:41	INFO	MatrixCleaner::makeScaleMasks() 	Calculating mask convolution for scale 3
2023-03-26 17:04:41	INFO	MatrixCleaner::makeScaleMasks() 	Calculating mask convolution for scale 4
2023-03-26 17:04:42	INFO	MatrixCleaner::clean() 	scale 1 = 1 pixels with bias = 1
2023-03-26 17:04:42	INFO	MatrixCleaner::clean() 	scale 2 = 5 pixels with bias = 1
2023-03-26 17:04:42	INFO	MatrixCleaner::clean() 	scale 3 = 15 pixels with bias = 1
2023-03-26 17:04:42	INFO	MatrixCleaner::clean() 	scale 4 = 30 pixels with bias = 1
2023-03-26 17:04:42	INFO	MatrixCleaner::clean() 	scale 5 = 50 pixels with bias = 1
2023-03-26 17:04:42	INFO	MatrixCleaner::clean() 	Cleaning using given mask
2023-03-26 17:04:42	INFO	MatrixCleaner::clean() 	Cleaning pixels with mask values above 0.9
2023-03-26 17:04:42	INFO	MatrixCleaner::clean() 	Starting iteration
2023-03-26 17:04:42	INFO	MatrixCleaner::clean() 	Initial maximum residual is 0.0238147 within the mask 
2023-03-26 17:04:42	INFO	MatrixCleaner::clean() 	iteration    MaximumResidual   CleanedFlux
2023-03-26 17:04:42	INFO	MatrixCleaner::clean() 	2      0.0154544      0.000785383
2023-03-26 17:04:42	INFO	MatrixCleaner::clean() 	4      0.0151443      0.00139536
2023-03-26 17:04:43	INFO	MatrixCleaner::clean() 	6      0.0100748      0.00205587
2023-03-26 17:04:43	INFO	MatrixCleaner::clean() 	8      0.0334178      0.00302104
2023-03-26 17:04:43	INFO	MatrixCleaner::clean() 	10      0.0144254      0.00375451
2023-03-26 17:04:43	INFO	MatrixCleaner::clean() 	12      0.0324997      0.00459977
2023-03-26 17:04:43	INFO	MatrixCleaner::clean() 	Reached stopping threshold 0.00929772 at iteration 13
2023-03-26 17:04:43	INFO	MatrixCleaner::clean() 	Optimum flux is 0.00858932
2023-03-26 17:04:43	INFO	MatrixCleaner::clean() 	  0    -0.000171786
2023-03-26 17:04:43	INFO	MatrixCleaner::clean() 	  1    0.000396767
2023-03-26 17:04:43	INFO	MatrixCleaner::clean() 	  2    0.00150439
2023-03-26 17:04:43	INFO	MatrixCleaner::clean() 	  3    0.00181162
2023-03-26 17:04:43	INFO	MatrixCleaner::clean() 	  4    0.00131835
2023-03-26 17:04:44	INFO	SDAlgorithmBase::deconvolve 	[/lustre/cv/users/jspeedie/data/images_lines/SO/v11_robust0.5/ABAur_SO.clean:C2] iters=0->14 [14], model=0.0216475->0.0266785, peakres=0.0093411->0.00858932, Reached cyclethreshold.
2023-03-26 17:04:44	INFO	MatrixCleaner::validatePsf() 	Peak of PSF = 1 at [1024, 1024]
2023-03-26 17:04:44	INFO	MatrixCleaner::makePsfScales() 	Calculating convolutions for scale 0
2023-03-26 17:04:45	INFO	MatrixCleaner::makePsfScales() 	Calculating convolutions for scale 1
2023-03-26 17:04:45	INFO	MatrixCleaner::makePsfScales() 	Calculating convolutions for scale 2
2023-03-26 17:04:45	INFO	MatrixCleaner::makePsfScales() 	Calculating convolutions for scale 3
2023-03-26 17:04:46	INFO	MatrixCleaner::makePsfScales() 	Calculating convolutions for scale 4
2023-03-26 17:04:46	INFO	MatrixCleaner::makeScaleMasks() 	Calculating mask convolution for scale 0
2023-03-26 17:04:46	INFO	MatrixCleaner::makeScaleMasks() 	Calculating mask convolution for scale 1
2023-03-26 17:04:46	INFO	MatrixCleaner::makeScaleMasks() 	Calculating mask convolution for scale 2
2023-03-26 17:04:46	INFO	MatrixCleaner::makeScaleMasks() 	Calculating mask convolution for scale 3
2023-03-26 17:04:46	INFO	MatrixCleaner::makeScaleMasks() 	Calculating mask convolution for scale 4
2023-03-26 17:04:47	INFO	MatrixCleaner::clean() 	scale 1 = 1 pixels with bias = 1
2023-03-26 17:04:47	INFO	MatrixCleaner::clean() 	scale 2 = 5 pixels with bias = 1
2023-03-26 17:04:47	INFO	MatrixCleaner::clean() 	scale 3 = 15 pixels with bias = 1
2023-03-26 17:04:47	INFO	MatrixCleaner::clean() 	scale 4 = 30 pixels with bias = 1
2023-03-26 17:04:47	INFO	MatrixCleaner::clean() 	scale 5 = 50 pixels with bias = 1
2023-03-26 17:04:47	INFO	MatrixCleaner::clean() 	Cleaning using given mask
2023-03-26 17:04:47	INFO	MatrixCleaner::clean() 	Cleaning pixels with mask values above 0.9
2023-03-26 17:04:47	INFO	MatrixCleaner::clean() 	Starting iteration
2023-03-26 17:04:47	INFO	MatrixCleaner::clean() 	Initial maximum residual is 0.0391858 within the mask 
2023-03-26 17:04:47	INFO	MatrixCleaner::clean() 	iteration    MaximumResidual   CleanedFlux
2023-03-26 17:04:47	INFO	MatrixCleaner::clean() 	2      0.0104386      0.000992487
2023-03-26 17:04:47	INFO	MatrixCleaner::clean() 	4      0.016814      0.00209692
2023-03-26 17:04:48	INFO	MatrixCleaner::clean() 	6      0.0376533      0.00305398
2023-03-26 17:04:48	INFO	MatrixCleaner::clean() 	8      0.00996626      0.0035819
2023-03-26 17:04:48	INFO	MatrixCleaner::clean() 	10      0.0160539      0.00464125
2023-03-26 17:04:48	INFO	MatrixCleaner::clean() 	12      0.0361884      0.00555978
2023-03-26 17:04:49	INFO	MatrixCleaner::clean() 	14      0.00951533      0.00606382
2023-03-26 17:04:49	INFO	MatrixCleaner::clean() 	16      0.0153282      0.00707994
2023-03-26 17:04:49	INFO	MatrixCleaner::clean() 	18      0.00929894      0.00796142
2023-03-26 17:04:49	INFO	MatrixCleaner::clean() 	20      0.034092      0.00894295
2023-03-26 17:04:49	INFO	MatrixCleaner::clean() 	  0    0.00118314
2023-03-26 17:04:49	INFO	MatrixCleaner::clean() 	  1    0
2023-03-26 17:04:49	INFO	MatrixCleaner::clean() 	  2    0.00190594
2023-03-26 17:04:49	INFO	MatrixCleaner::clean() 	  3    0
2023-03-26 17:04:49	INFO	MatrixCleaner::clean() 	  4    0.00585387
2023-03-26 17:04:49	INFO	MatrixCleaner::clean() 	Failed to reach stopping threshold
2023-03-26 17:04:49	INFO	SDAlgorithmBase::deconvolve 	[/lustre/cv/users/jspeedie/data/images_lines/SO/v11_robust0.5/ABAur_SO.clean:C3] iters=14->34 [20], model=0.0125788->0.0215217, peakres=0.010437->0.00908926, Reached cyclethreshold.
2023-03-26 17:04:50	INFO	SDAlgorithmBase::deconvolve 	[/lustre/cv/users/jspeedie/data/images_lines/SO/v11_robust0.5/ABAur_SO.clean:C4] iters=34->34 [0], model=0.0220644->0.0220644, peakres=0.00926136->0.00926136, Reached cyclethreshold.
2023-03-26 17:04:50	INFO	SDAlgorithmBase::deconvolve 	[/lustre/cv/users/jspeedie/data/images_lines/SO/v11_robust0.5/ABAur_SO.clean:C5] iters=34->34 [0], model=0.0298107->0.0298107, peakres=0.00875211->0.00875211, Reached cyclethreshold.
2023-03-26 17:04:50	INFO	SDAlgorithmBase::deconvolve 	[/lustre/cv/users/jspeedie/data/images_lines/SO/v11_robust0.5/ABAur_SO.clean:C6] iters=34->34 [0], model=0.0228526->0.0228526, peakres=0.0092361->0.0092361, Reached cyclethreshold.
2023-03-26 17:04:50	INFO	SDAlgorithmBase::deconvolve 	[/lustre/cv/users/jspeedie/data/images_lines/SO/v11_robust0.5/ABAur_SO.clean:C7] iters=34->34 [0], model=0.011569->0.011569, peakres=0.00922848->0.00922848, Reached cyclethreshold.
2023-03-26 17:04:50	INFO	SDAlgorithmBase::deconvolve 	[/lustre/cv/users/jspeedie/data/images_lines/SO/v11_robust0.5/ABAur_SO.clean:C8] iters=34->34 [0], model=0->0, peakres=0.00904104->0.00904104, Reached cyclethreshold.
2023-03-26 17:04:50	INFO	SDAlgorithmBase::deconvolve 	[/lustre/cv/users/jspeedie/data/images_lines/SO/v11_robust0.5/ABAur_SO.clean:C9] iters=34->34 [0], model=0.0306512->0.0306512, peakres=0.00891273->0.00891273, Reached cyclethreshold.
2023-03-26 17:04:50	INFO	SDAlgorithmBase::deconvolve 	[/lustre/cv/users/jspeedie/data/images_lines/SO/v11_robust0.5/ABAur_SO.clean] Total model flux (over all planes) : 0.192374     Peak Residual (over all planes) : 0.00926136 in C4:P0
2023-03-26 17:04:50	INFO	SynthesisDeconvolver::setupDeconvolution 	Set Deconvolution Options for [/lustre/cv/users/jspeedie/data/images_lines/SO/v11_robust0.5/ABAur_SO.clean] : multiscale
2023-03-26 17:04:54	INFO	SynthesisDeconvolver::initMinorCycle 	 Absolute Peak residual within mask : 0.00930597, over full image : 0.00930597
2023-03-26 17:04:54	INFO	CubeMinorCycleAlgorithm::task 	Processing channels in range [30, 39]
2023-03-26 17:04:54	INFO	SDAlgorithmBase::deconvolve 	[/lustre/cv/users/jspeedie/data/images_lines/SO/v11_robust0.5/ABAur_SO.clean] Run multiscale minor-cycle on 10 chans | CycleThreshold=0.00929772, CycleNiter=20, Gain=0.02
2023-03-26 17:04:54	INFO	MatrixCleaner::validatePsf() 	Peak of PSF = 1 at [1024, 1024]
2023-03-26 17:04:55	INFO	MatrixCleaner::makePsfScales() 	Calculating convolutions for scale 0
2023-03-26 17:04:55	INFO	MatrixCleaner::makePsfScales() 	Calculating convolutions for scale 1
2023-03-26 17:04:55	INFO	MatrixCleaner::makePsfScales() 	Calculating convolutions for scale 2
2023-03-26 17:04:56	INFO	MatrixCleaner::makePsfScales() 	Calculating convolutions for scale 3
2023-03-26 17:04:56	INFO	MatrixCleaner::makePsfScales() 	Calculating convolutions for scale 4
2023-03-26 17:04:56	INFO	MatrixCleaner::makeScaleMasks() 	Calculating mask convolution for scale 0
2023-03-26 17:04:56	INFO	MatrixCleaner::makeScaleMasks() 	Calculating mask convolution for scale 1
2023-03-26 17:04:57	INFO	MatrixCleaner::makeScaleMasks() 	Calculating mask convolution for scale 2
2023-03-26 17:04:57	INFO	MatrixCleaner::makeScaleMasks() 	Calculating mask convolution for scale 3
2023-03-26 17:04:57	INFO	MatrixCleaner::makeScaleMasks() 	Calculating mask convolution for scale 4
2023-03-26 17:04:58	INFO	MatrixCleaner::clean() 	scale 1 = 1 pixels with bias = 1
2023-03-26 17:04:58	INFO	MatrixCleaner::clean() 	scale 2 = 5 pixels with bias = 1
2023-03-26 17:04:58	INFO	MatrixCleaner::clean() 	scale 3 = 15 pixels with bias = 1
2023-03-26 17:04:58	INFO	MatrixCleaner::clean() 	scale 4 = 30 pixels with bias = 1
2023-03-26 17:04:58	INFO	MatrixCleaner::clean() 	scale 5 = 50 pixels with bias = 1
2023-03-26 17:04:58	INFO	MatrixCleaner::clean() 	Cleaning using given mask
2023-03-26 17:04:58	INFO	MatrixCleaner::clean() 	Cleaning pixels with mask values above 0.9
2023-03-26 17:04:58	INFO	MatrixCleaner::clean() 	Starting iteration
2023-03-26 17:04:58	INFO	MatrixCleaner::clean() 	Initial maximum residual is 0.00930597 within the mask 
2023-03-26 17:04:58	INFO	MatrixCleaner::clean() 	iteration    MaximumResidual   CleanedFlux
2023-03-26 17:04:58	INFO	MatrixCleaner::clean() 	Reached stopping threshold 0.00929772 at iteration 1
2023-03-26 17:04:58	INFO	MatrixCleaner::clean() 	Optimum flux is 0.00928993
2023-03-26 17:04:58	INFO	MatrixCleaner::clean() 	  0    3.20826e-07
2023-03-26 17:04:58	INFO	MatrixCleaner::clean() 	  1    0
2023-03-26 17:04:58	INFO	MatrixCleaner::clean() 	  2    0
2023-03-26 17:04:58	INFO	MatrixCleaner::clean() 	  3    0
2023-03-26 17:04:58	INFO	MatrixCleaner::clean() 	  4    0
2023-03-26 17:04:58	INFO	SDAlgorithmBase::deconvolve 	[/lustre/cv/users/jspeedie/data/images_lines/SO/v11_robust0.5/ABAur_SO.clean:C0] iters=0->2 [2], model=0.0268216->0.0270077, peakres=0.00930597->0.00928993, Reached cyclethreshold.
2023-03-26 17:04:58	INFO	SDAlgorithmBase::deconvolve 	[/lustre/cv/users/jspeedie/data/images_lines/SO/v11_robust0.5/ABAur_SO.clean:C1] iters=2->2 [0], model=0.0296523->0.0296523, peakres=0.00921261->0.00921261, Reached cyclethreshold.
2023-03-26 17:04:58	INFO	SDAlgorithmBase::deconvolve 	[/lustre/cv/users/jspeedie/data/images_lines/SO/v11_robust0.5/ABAur_SO.clean:C2] iters=2->2 [0], model=0.0237043->0.0237043, peakres=0.00929161->0.00929161, Reached cyclethreshold.
2023-03-26 17:04:58	INFO	SDAlgorithmBase::deconvolve 	[/lustre/cv/users/jspeedie/data/images_lines/SO/v11_robust0.5/ABAur_SO.clean:C3] iters=2->2 [0], model=0.0138468->0.0138468, peakres=0.00905306->0.00905306, Reached cyclethreshold.
2023-03-26 17:04:58	INFO	SDAlgorithmBase::deconvolve 	[/lustre/cv/users/jspeedie/data/images_lines/SO/v11_robust0.5/ABAur_SO.clean:C4] iters=2->2 [0], model=0.0174492->0.0174492, peakres=0.00905757->0.00905757, Reached cyclethreshold.
2023-03-26 17:04:59	INFO	SDAlgorithmBase::deconvolve 	[/lustre/cv/users/jspeedie/data/images_lines/SO/v11_robust0.5/ABAur_SO.clean:C5] iters=2->2 [0], model=0.0168063->0.0168063, peakres=0.00897207->0.00897207, Reached cyclethreshold.
2023-03-26 17:04:59	INFO	SDAlgorithmBase::deconvolve 	[/lustre/cv/users/jspeedie/data/images_lines/SO/v11_robust0.5/ABAur_SO.clean:C6] iters=2->2 [0], model=0.0294321->0.0294321, peakres=0.00928122->0.00928122, Reached cyclethreshold.
2023-03-26 17:04:59	INFO	SDAlgorithmBase::deconvolve 	[/lustre/cv/users/jspeedie/data/images_lines/SO/v11_robust0.5/ABAur_SO.clean:C7] iters=2->2 [0], model=0->0, peakres=0.00895067->0.00895067, Reached cyclethreshold.
2023-03-26 17:04:59	INFO	SDAlgorithmBase::deconvolve 	[/lustre/cv/users/jspeedie/data/images_lines/SO/v11_robust0.5/ABAur_SO.clean:C8] iters=2->2 [0], model=0.0295104->0.0295104, peakres=0.00917345->0.00917345, Reached cyclethreshold.
2023-03-26 17:04:59	INFO	SDAlgorithmBase::deconvolve 	[/lustre/cv/users/jspeedie/data/images_lines/SO/v11_robust0.5/ABAur_SO.clean:C9] iters=2->2 [0], model=0.0364221->0.0364221, peakres=0.00909507->0.00909507, Reached cyclethreshold.
2023-03-26 17:04:59	INFO	SDAlgorithmBase::deconvolve 	[/lustre/cv/users/jspeedie/data/images_lines/SO/v11_robust0.5/ABAur_SO.clean] Total model flux (over all planes) : 0.223831     Peak Residual (over all planes) : 0.00929161 in C2:P0
2023-03-26 17:04:59	INFO	SynthesisDeconvolver::setupDeconvolution 	Set Deconvolution Options for [/lustre/cv/users/jspeedie/data/images_lines/SO/v11_robust0.5/ABAur_SO.clean] : multiscale
2023-03-26 17:05:03	INFO	SynthesisDeconvolver::initMinorCycle 	 Absolute Peak residual within mask : 0.0092555, over full image : 0.0092555
2023-03-26 17:05:03	INFO	CubeMinorCycleAlgorithm::task 	Processing channels in range [40, 49]
2023-03-26 17:05:03	INFO	SDAlgorithmBase::deconvolve 	[/lustre/cv/users/jspeedie/data/images_lines/SO/v11_robust0.5/ABAur_SO.clean] Run multiscale minor-cycle on 10 chans | CycleThreshold=0.00929772, CycleNiter=20, Gain=0.02
2023-03-26 17:05:03	INFO	SDAlgorithmBase::deconvolve 	[/lustre/cv/users/jspeedie/data/images_lines/SO/v11_robust0.5/ABAur_SO.clean:C0] iters=0->0 [0], model=0.0418419->0.0418419, peakres=0.00859878->0.00859878, Reached cyclethreshold.
2023-03-26 17:05:03	INFO	SDAlgorithmBase::deconvolve 	[/lustre/cv/users/jspeedie/data/images_lines/SO/v11_robust0.5/ABAur_SO.clean:C1] iters=0->0 [0], model=0.0356111->0.0356111, peakres=0.00898708->0.00898708, Reached cyclethreshold.
2023-03-26 17:05:03	INFO	SDAlgorithmBase::deconvolve 	[/lustre/cv/users/jspeedie/data/images_lines/SO/v11_robust0.5/ABAur_SO.clean:C2] iters=0->0 [0], model=0->0, peakres=0.00924914->0.00924914, Reached cyclethreshold.
2023-03-26 17:05:03	INFO	SDAlgorithmBase::deconvolve 	[/lustre/cv/users/jspeedie/data/images_lines/SO/v11_robust0.5/ABAur_SO.clean:C3] iters=0->0 [0], model=0->0, peakres=0.00892426->0.00892426, Reached cyclethreshold.
2023-03-26 17:05:04	INFO	SDAlgorithmBase::deconvolve 	[/lustre/cv/users/jspeedie/data/images_lines/SO/v11_robust0.5/ABAur_SO.clean:C4] iters=0->0 [0], model=0->0, peakres=0.00855705->0.00855705, Reached cyclethreshold.
2023-03-26 17:05:04	INFO	SDAlgorithmBase::deconvolve 	[/lustre/cv/users/jspeedie/data/images_lines/SO/v11_robust0.5/ABAur_SO.clean:C5] iters=0->0 [0], model=-0.000761736->-0.000761736, peakres=0.0092555->0.0092555, Reached cyclethreshold.
2023-03-26 17:05:04	INFO	SDAlgorithmBase::deconvolve 	[/lustre/cv/users/jspeedie/data/images_lines/SO/v11_robust0.5/ABAur_SO.clean:C6] iters=0->0 [0], model=0->0, peakres=0.00901828->0.00901828, Reached cyclethreshold.
2023-03-26 17:05:04	INFO	SDAlgorithmBase::deconvolve 	[/lustre/cv/users/jspeedie/data/images_lines/SO/v11_robust0.5/ABAur_SO.clean:C7] iters=0->0 [0], model=0.00037576->0.00037576, peakres=0.00923862->0.00923862, Reached cyclethreshold.
2023-03-26 17:05:04	INFO	SDAlgorithmBase::deconvolve 	[/lustre/cv/users/jspeedie/data/images_lines/SO/v11_robust0.5/ABAur_SO.clean:C8] iters=0->0 [0], model=0->0, peakres=0.0084534->0.0084534, Reached cyclethreshold.
2023-03-26 17:05:04	INFO	SDAlgorithmBase::deconvolve 	[/lustre/cv/users/jspeedie/data/images_lines/SO/v11_robust0.5/ABAur_SO.clean:C9] iters=0->0 [0], model=0.000567166->0.000567166, peakres=0.00922344->0.00922344, Reached cyclethreshold.
2023-03-26 17:05:04	INFO	SDAlgorithmBase::deconvolve 	[/lustre/cv/users/jspeedie/data/images_lines/SO/v11_robust0.5/ABAur_SO.clean] Total model flux (over all planes) : 0.0776342     Peak Residual (over all planes) : 0.0092555 in C5:P0
2023-03-26 17:05:05	INFO	SynthesisDeconvolver::setupDeconvolution 	Set Deconvolution Options for [/lustre/cv/users/jspeedie/data/images_lines/SO/v11_robust0.5/ABAur_SO.clean] : multiscale
2023-03-26 17:05:08	INFO	SynthesisDeconvolver::initMinorCycle 	 Absolute Peak residual within mask : 0.00926255, over full image : 0.00926255
2023-03-26 17:05:08	INFO	CubeMinorCycleAlgorithm::task 	Processing channels in range [50, 59]
2023-03-26 17:05:08	INFO	SDAlgorithmBase::deconvolve 	[/lustre/cv/users/jspeedie/data/images_lines/SO/v11_robust0.5/ABAur_SO.clean] Run multiscale minor-cycle on 10 chans | CycleThreshold=0.00929772, CycleNiter=20, Gain=0.02
2023-03-26 17:05:08	INFO	SDAlgorithmBase::deconvolve 	[/lustre/cv/users/jspeedie/data/images_lines/SO/v11_robust0.5/ABAur_SO.clean:C0] iters=0->0 [0], model=-0.000376653->-0.000376653, peakres=0.00926082->0.00926082, Reached cyclethreshold.
2023-03-26 17:05:08	INFO	SDAlgorithmBase::deconvolve 	[/lustre/cv/users/jspeedie/data/images_lines/SO/v11_robust0.5/ABAur_SO.clean:C1] iters=0->0 [0], model=0->0, peakres=0.00838484->0.00838484, Reached cyclethreshold.
2023-03-26 17:05:09	INFO	SDAlgorithmBase::deconvolve 	[/lustre/cv/users/jspeedie/data/images_lines/SO/v11_robust0.5/ABAur_SO.clean:C2] iters=0->0 [0], model=0->0, peakres=0.00890639->0.00890639, Reached cyclethreshold.
2023-03-26 17:05:09	INFO	SDAlgorithmBase::deconvolve 	[/lustre/cv/users/jspeedie/data/images_lines/SO/v11_robust0.5/ABAur_SO.clean:C3] iters=0->0 [0], model=-0.000187754->-0.000187754, peakres=0.00926255->0.00926255, Reached cyclethreshold.
2023-03-26 17:05:09	INFO	SDAlgorithmBase::deconvolve 	[/lustre/cv/users/jspeedie/data/images_lines/SO/v11_robust0.5/ABAur_SO.clean:C4] iters=0->0 [0], model=0->0, peakres=0.00893779->0.00893779, Reached cyclethreshold.
2023-03-26 17:05:09	INFO	SDAlgorithmBase::deconvolve 	[/lustre/cv/users/jspeedie/data/images_lines/SO/v11_robust0.5/ABAur_SO.clean:C5] iters=0->0 [0], model=0->0, peakres=0.00860739->0.00860739, Reached cyclethreshold.
2023-03-26 17:05:09	INFO	SDAlgorithmBase::deconvolve 	[/lustre/cv/users/jspeedie/data/images_lines/SO/v11_robust0.5/ABAur_SO.clean:C6] iters=0->0 [0], model=0->0, peakres=0.0082751->0.0082751, Reached cyclethreshold.
2023-03-26 17:05:09	INFO	SDAlgorithmBase::deconvolve 	[/lustre/cv/users/jspeedie/data/images_lines/SO/v11_robust0.5/ABAur_SO.clean:C7] iters=0->0 [0], model=0->0, peakres=0.00916605->0.00916605, Reached cyclethreshold.
2023-03-26 17:05:09	INFO	SDAlgorithmBase::deconvolve 	[/lustre/cv/users/jspeedie/data/images_lines/SO/v11_robust0.5/ABAur_SO.clean:C8] iters=0->0 [0], model=0->0, peakres=0.00902029->0.00902029, Reached cyclethreshold.
2023-03-26 17:05:10	INFO	SDAlgorithmBase::deconvolve 	[/lustre/cv/users/jspeedie/data/images_lines/SO/v11_robust0.5/ABAur_SO.clean:C9] iters=0->0 [0], model=0->0, peakres=0.00862931->0.00862931, Reached cyclethreshold.
2023-03-26 17:05:10	INFO	SDAlgorithmBase::deconvolve 	[/lustre/cv/users/jspeedie/data/images_lines/SO/v11_robust0.5/ABAur_SO.clean] Total model flux (over all planes) : -0.000564407     Peak Residual (over all planes) : 0.00926255 in C3:P0
2023-03-26 17:05:10	INFO	grpcInteractiveCleanManager::mergeCycleExecutionRecord 	Completed 1054 iterations.
2023-03-26 17:05:10	INFO	task_tclean::SynthesisImager::executeMajorCycle 	----------------------------------------------------------- Run Major Cycle 5 -------------------------------------
2023-03-26 17:05:10	INFO	task_tclean::SynthesisImagerVi2::nSubCubeFitInMemory	Required memory: 12.57 GB. Available mem.: 98.05 GB (rc, mem. fraction: 80%, memory: -) => Subcubes: 1. Processes on node: 1.
2023-03-26 17:05:10	INFO	task_tclean::SynthesisImagerVi2::selectData 	MS : /lustre/cv/users/jspeedie/data/ABAur_SO.bin30s.ms.contsub | [Opened in readonly mode]
2023-03-26 17:05:10	INFO	task_tclean::SynthesisImagerVi2::selectData 	  NRows selected : 509173
2023-03-26 17:05:13	INFO	task_tclean::SynthesisImagerVi2::weight() 	Set imaging weights : Briggs weighting: sidelobes will be suppressed over full image
2023-03-26 17:05:13	INFO	task_tclean::SynthesisImagerVi2::weight() 	Doing spectral cube Briggs weighting formula --  bwtaper
2023-03-26 17:05:13	INFO	task_tclean::SynthesisImager::tuneSelectData 	Tuning frequency data selection to match image spectral coordinates
2023-03-26 17:05:13	INFO	task_tclean::SynthesisImagerVi2::selectData 	MS : /lustre/cv/users/jspeedie/data/ABAur_SO.bin30s.ms.contsub | [Opened in readonly mode]
2023-03-26 17:05:13	INFO	task_tclean::SynthesisImagerVi2::selectData 	  NRows selected : 509173
2023-03-26 17:05:13	INFO	task_tclean::SynthesisImager::executeMajorCycle 	----------------------------------------------------------- Run Major Cycle 5 -------------------------------------
2023-03-26 17:07:01	INFO	task_tclean::SynthesisDeconvolver::initMinorCycle 	 Absolute Peak residual within mask : 0.00957273, over full image : 0.00957273
2023-03-26 17:07:01	INFO	SynthesisDeconvolver::executeCubeMinorCycle 	---------------------------------------------------- Run Minor Cycle Iterations  ---------------------------------------------
2023-03-26 17:07:01	INFO	SynthesisDeconvolver::setupDeconvolution 	Set Deconvolution Options for [/lustre/cv/users/jspeedie/data/images_lines/SO/v11_robust0.5/ABAur_SO.clean] : multiscale
2023-03-26 17:07:04	INFO	SynthesisDeconvolver::initMinorCycle 	 Absolute Peak residual within mask : 0.00928788, over full image : 0.00928788
2023-03-26 17:07:04	INFO	CubeMinorCycleAlgorithm::task 	Processing channels in range [0, 9]
2023-03-26 17:07:04	INFO	SDAlgorithmBase::deconvolve 	[/lustre/cv/users/jspeedie/data/images_lines/SO/v11_robust0.5/ABAur_SO.clean] Run multiscale minor-cycle on 10 chans | CycleThreshold=0.00929772, CycleNiter=20, Gain=0.02
2023-03-26 17:07:05	INFO	SDAlgorithmBase::deconvolve 	[/lustre/cv/users/jspeedie/data/images_lines/SO/v11_robust0.5/ABAur_SO.clean:C0] iters=0->0 [0], model=-0.000378985->-0.000378985, peakres=0.00919134->0.00919134, Reached cyclethreshold.
2023-03-26 17:07:05	INFO	SDAlgorithmBase::deconvolve 	[/lustre/cv/users/jspeedie/data/images_lines/SO/v11_robust0.5/ABAur_SO.clean:C1] iters=0->0 [0], model=0->0, peakres=0.00918409->0.00918409, Reached cyclethreshold.
2023-03-26 17:07:05	INFO	SDAlgorithmBase::deconvolve 	[/lustre/cv/users/jspeedie/data/images_lines/SO/v11_robust0.5/ABAur_SO.clean:C2] iters=0->0 [0], model=0->0, peakres=0.00898485->0.00898485, Reached cyclethreshold.
2023-03-26 17:07:05	INFO	SDAlgorithmBase::deconvolve 	[/lustre/cv/users/jspeedie/data/images_lines/SO/v11_robust0.5/ABAur_SO.clean:C3] iters=0->0 [0], model=0.000955094->0.000955094, peakres=0.00924252->0.00924252, Reached cyclethreshold.
2023-03-26 17:07:05	INFO	SDAlgorithmBase::deconvolve 	[/lustre/cv/users/jspeedie/data/images_lines/SO/v11_robust0.5/ABAur_SO.clean:C4] iters=0->0 [0], model=0->0, peakres=0.00928788->0.00928788, Reached cyclethreshold.
2023-03-26 17:07:05	INFO	SDAlgorithmBase::deconvolve 	[/lustre/cv/users/jspeedie/data/images_lines/SO/v11_robust0.5/ABAur_SO.clean:C5] iters=0->0 [0], model=0->0, peakres=0.00884667->0.00884667, Reached cyclethreshold.
2023-03-26 17:07:05	INFO	SDAlgorithmBase::deconvolve 	[/lustre/cv/users/jspeedie/data/images_lines/SO/v11_robust0.5/ABAur_SO.clean:C6] iters=0->0 [0], model=0->0, peakres=0.00863803->0.00863803, Reached cyclethreshold.
2023-03-26 17:07:06	INFO	SDAlgorithmBase::deconvolve 	[/lustre/cv/users/jspeedie/data/images_lines/SO/v11_robust0.5/ABAur_SO.clean:C7] iters=0->0 [0], model=0.000186798->0.000186798, peakres=0.00921343->0.00921343, Reached cyclethreshold.
2023-03-26 17:07:06	INFO	SDAlgorithmBase::deconvolve 	[/lustre/cv/users/jspeedie/data/images_lines/SO/v11_robust0.5/ABAur_SO.clean:C8] iters=0->0 [0], model=0->0, peakres=0.00927289->0.00927289, Reached cyclethreshold.
2023-03-26 17:07:06	INFO	SDAlgorithmBase::deconvolve 	[/lustre/cv/users/jspeedie/data/images_lines/SO/v11_robust0.5/ABAur_SO.clean:C9] iters=0->0 [0], model=0->0, peakres=0.00902453->0.00902453, Reached cyclethreshold.
2023-03-26 17:07:06	INFO	SDAlgorithmBase::deconvolve 	[/lustre/cv/users/jspeedie/data/images_lines/SO/v11_robust0.5/ABAur_SO.clean] Total model flux (over all planes) : 0.000762908     Peak Residual (over all planes) : 0.00928788 in C4:P0
2023-03-26 17:07:06	INFO	SynthesisDeconvolver::setupDeconvolution 	Set Deconvolution Options for [/lustre/cv/users/jspeedie/data/images_lines/SO/v11_robust0.5/ABAur_SO.clean] : multiscale
2023-03-26 17:07:10	INFO	SynthesisDeconvolver::initMinorCycle 	 Absolute Peak residual within mask : 0.00957273, over full image : 0.00957273
2023-03-26 17:07:10	INFO	CubeMinorCycleAlgorithm::task 	Processing channels in range [10, 19]
2023-03-26 17:07:10	INFO	SDAlgorithmBase::deconvolve 	[/lustre/cv/users/jspeedie/data/images_lines/SO/v11_robust0.5/ABAur_SO.clean] Run multiscale minor-cycle on 10 chans | CycleThreshold=0.00929772, CycleNiter=20, Gain=0.02
2023-03-26 17:07:10	INFO	SDAlgorithmBase::deconvolve 	[/lustre/cv/users/jspeedie/data/images_lines/SO/v11_robust0.5/ABAur_SO.clean:C0] iters=0->0 [0], model=0->0, peakres=0.00916743->0.00916743, Reached cyclethreshold.
2023-03-26 17:07:10	INFO	SDAlgorithmBase::deconvolve 	[/lustre/cv/users/jspeedie/data/images_lines/SO/v11_robust0.5/ABAur_SO.clean:C1] iters=0->0 [0], model=0->0, peakres=0.00927772->0.00927772, Reached cyclethreshold.
2023-03-26 17:07:10	INFO	SDAlgorithmBase::deconvolve 	[/lustre/cv/users/jspeedie/data/images_lines/SO/v11_robust0.5/ABAur_SO.clean:C2] iters=0->0 [0], model=0->0, peakres=0.00917445->0.00917445, Reached cyclethreshold.
2023-03-26 17:07:10	INFO	SDAlgorithmBase::deconvolve 	[/lustre/cv/users/jspeedie/data/images_lines/SO/v11_robust0.5/ABAur_SO.clean:C3] iters=0->0 [0], model=0.0442371->0.0442371, peakres=0.0088271->0.0088271, Reached cyclethreshold.
2023-03-26 17:07:10	INFO	SDAlgorithmBase::deconvolve 	[/lustre/cv/users/jspeedie/data/images_lines/SO/v11_robust0.5/ABAur_SO.clean:C4] iters=0->0 [0], model=0.0873285->0.0873285, peakres=0.00923986->0.00923986, Reached cyclethreshold.
2023-03-26 17:07:11	INFO	MatrixCleaner::validatePsf() 	Peak of PSF = 1 at [1024, 1024]
2023-03-26 17:07:11	INFO	MatrixCleaner::makePsfScales() 	Calculating convolutions for scale 0
2023-03-26 17:07:11	INFO	MatrixCleaner::makePsfScales() 	Calculating convolutions for scale 1
2023-03-26 17:07:12	INFO	MatrixCleaner::makePsfScales() 	Calculating convolutions for scale 2
2023-03-26 17:07:12	INFO	MatrixCleaner::makePsfScales() 	Calculating convolutions for scale 3
2023-03-26 17:07:13	INFO	MatrixCleaner::makePsfScales() 	Calculating convolutions for scale 4
2023-03-26 17:07:13	INFO	MatrixCleaner::makeScaleMasks() 	Calculating mask convolution for scale 0
2023-03-26 17:07:13	INFO	MatrixCleaner::makeScaleMasks() 	Calculating mask convolution for scale 1
2023-03-26 17:07:13	INFO	MatrixCleaner::makeScaleMasks() 	Calculating mask convolution for scale 2
2023-03-26 17:07:13	INFO	MatrixCleaner::makeScaleMasks() 	Calculating mask convolution for scale 3
2023-03-26 17:07:13	INFO	MatrixCleaner::makeScaleMasks() 	Calculating mask convolution for scale 4
2023-03-26 17:07:14	INFO	MatrixCleaner::clean() 	scale 1 = 1 pixels with bias = 1
2023-03-26 17:07:14	INFO	MatrixCleaner::clean() 	scale 2 = 5 pixels with bias = 1
2023-03-26 17:07:14	INFO	MatrixCleaner::clean() 	scale 3 = 15 pixels with bias = 1
2023-03-26 17:07:14	INFO	MatrixCleaner::clean() 	scale 4 = 30 pixels with bias = 1
2023-03-26 17:07:14	INFO	MatrixCleaner::clean() 	scale 5 = 50 pixels with bias = 1
2023-03-26 17:07:14	INFO	MatrixCleaner::clean() 	Cleaning using given mask
2023-03-26 17:07:14	INFO	MatrixCleaner::clean() 	Cleaning pixels with mask values above 0.9
2023-03-26 17:07:14	INFO	MatrixCleaner::clean() 	Starting iteration
2023-03-26 17:07:14	INFO	MatrixCleaner::clean() 	Initial maximum residual is 0.0398391 within the mask 
2023-03-26 17:07:14	INFO	MatrixCleaner::clean() 	iteration    MaximumResidual   CleanedFlux
2023-03-26 17:07:14	INFO	MatrixCleaner::clean() 	2      0.0394887      0.00158656
2023-03-26 17:07:14	INFO	MatrixCleaner::clean() 	4      0.0386396      0.00313899
2023-03-26 17:07:15	INFO	MatrixCleaner::clean() 	6      0.0378087      0.00465804
2023-03-26 17:07:15	INFO	MatrixCleaner::clean() 	8      0.0369958      0.00614442
2023-03-26 17:07:15	INFO	MatrixCleaner::clean() 	10      0.0362003      0.00759884
2023-03-26 17:07:15	INFO	MatrixCleaner::clean() 	12      0.0357375      0.0080985
2023-03-26 17:07:15	INFO	MatrixCleaner::clean() 	14      -0.0105407      0.00859625
2023-03-26 17:07:16	INFO	MatrixCleaner::clean() 	16      -0.0103306      0.00908915
2023-03-26 17:07:16	INFO	MatrixCleaner::clean() 	18      0.0342296      0.0104672
2023-03-26 17:07:16	INFO	MatrixCleaner::clean() 	Reached stopping threshold 0.00929772 at iteration 18
2023-03-26 17:07:16	INFO	MatrixCleaner::clean() 	Optimum flux is 0.00914168
2023-03-26 17:07:16	INFO	MatrixCleaner::clean() 	  0    -0.000182834
2023-03-26 17:07:16	INFO	MatrixCleaner::clean() 	  1    -0.000632517
2023-03-26 17:07:16	INFO	MatrixCleaner::clean() 	  2    0
2023-03-26 17:07:16	INFO	MatrixCleaner::clean() 	  3    0
2023-03-26 17:07:16	INFO	MatrixCleaner::clean() 	  4    0.0110997
2023-03-26 17:07:16	INFO	SDAlgorithmBase::deconvolve 	[/lustre/cv/users/jspeedie/data/images_lines/SO/v11_robust0.5/ABAur_SO.clean:C5] iters=0->19 [19], model=0.0985578->0.109025, peakres=0.00957273->0.00914168, Reached cyclethreshold.
2023-03-26 17:07:16	INFO	SDAlgorithmBase::deconvolve 	[/lustre/cv/users/jspeedie/data/images_lines/SO/v11_robust0.5/ABAur_SO.clean:C6] iters=19->19 [0], model=0.0644501->0.0644501, peakres=0.00909583->0.00909583, Reached cyclethreshold.
2023-03-26 17:07:16	INFO	SDAlgorithmBase::deconvolve 	[/lustre/cv/users/jspeedie/data/images_lines/SO/v11_robust0.5/ABAur_SO.clean:C7] iters=19->19 [0], model=0.0215663->0.0215663, peakres=0.00894617->0.00894617, Reached cyclethreshold.
2023-03-26 17:07:16	INFO	SDAlgorithmBase::deconvolve 	[/lustre/cv/users/jspeedie/data/images_lines/SO/v11_robust0.5/ABAur_SO.clean:C8] iters=19->19 [0], model=0.0191426->0.0191426, peakres=0.00916844->0.00916844, Reached cyclethreshold.
2023-03-26 17:07:17	INFO	SDAlgorithmBase::deconvolve 	[/lustre/cv/users/jspeedie/data/images_lines/SO/v11_robust0.5/ABAur_SO.clean:C9] iters=19->19 [0], model=0.0154558->0.0154558, peakres=0.00926929->0.00926929, Reached cyclethreshold.
2023-03-26 17:07:17	INFO	SDAlgorithmBase::deconvolve 	[/lustre/cv/users/jspeedie/data/images_lines/SO/v11_robust0.5/ABAur_SO.clean] Total model flux (over all planes) : 0.361205     Peak Residual (over all planes) : 0.00927772 in C1:P0
2023-03-26 17:07:17	INFO	SynthesisDeconvolver::setupDeconvolution 	Set Deconvolution Options for [/lustre/cv/users/jspeedie/data/images_lines/SO/v11_robust0.5/ABAur_SO.clean] : multiscale
2023-03-26 17:07:20	INFO	SynthesisDeconvolver::initMinorCycle 	 Absolute Peak residual within mask : 0.00949356, over full image : 0.00949356
2023-03-26 17:07:20	INFO	CubeMinorCycleAlgorithm::task 	Processing channels in range [20, 29]
2023-03-26 17:07:20	INFO	SDAlgorithmBase::deconvolve 	[/lustre/cv/users/jspeedie/data/images_lines/SO/v11_robust0.5/ABAur_SO.clean] Run multiscale minor-cycle on 10 chans | CycleThreshold=0.00929772, CycleNiter=20, Gain=0.02
2023-03-26 17:07:21	INFO	SDAlgorithmBase::deconvolve 	[/lustre/cv/users/jspeedie/data/images_lines/SO/v11_robust0.5/ABAur_SO.clean:C0] iters=0->0 [0], model=0->0, peakres=0.00895534->0.00895534, Reached cyclethreshold.
2023-03-26 17:07:21	INFO	SDAlgorithmBase::deconvolve 	[/lustre/cv/users/jspeedie/data/images_lines/SO/v11_robust0.5/ABAur_SO.clean:C1] iters=0->0 [0], model=0.0272258->0.0272258, peakres=0.00874832->0.00874832, Reached cyclethreshold.
2023-03-26 17:07:21	INFO	SDAlgorithmBase::deconvolve 	[/lustre/cv/users/jspeedie/data/images_lines/SO/v11_robust0.5/ABAur_SO.clean:C2] iters=0->0 [0], model=0.0266786->0.0266786, peakres=0.00868033->0.00868033, Reached cyclethreshold.
2023-03-26 17:07:21	INFO	MatrixCleaner::validatePsf() 	Peak of PSF = 1 at [1024, 1024]
2023-03-26 17:07:21	INFO	MatrixCleaner::makePsfScales() 	Calculating convolutions for scale 0
2023-03-26 17:07:22	INFO	MatrixCleaner::makePsfScales() 	Calculating convolutions for scale 1
2023-03-26 17:07:22	INFO	MatrixCleaner::makePsfScales() 	Calculating convolutions for scale 2
2023-03-26 17:07:23	INFO	MatrixCleaner::makePsfScales() 	Calculating convolutions for scale 3
2023-03-26 17:07:23	INFO	MatrixCleaner::makePsfScales() 	Calculating convolutions for scale 4
2023-03-26 17:07:23	INFO	MatrixCleaner::makeScaleMasks() 	Calculating mask convolution for scale 0
2023-03-26 17:07:23	INFO	MatrixCleaner::makeScaleMasks() 	Calculating mask convolution for scale 1
2023-03-26 17:07:23	INFO	MatrixCleaner::makeScaleMasks() 	Calculating mask convolution for scale 2
2023-03-26 17:07:24	INFO	MatrixCleaner::makeScaleMasks() 	Calculating mask convolution for scale 3
2023-03-26 17:07:24	INFO	MatrixCleaner::makeScaleMasks() 	Calculating mask convolution for scale 4
2023-03-26 17:07:24	INFO	MatrixCleaner::clean() 	scale 1 = 1 pixels with bias = 1
2023-03-26 17:07:24	INFO	MatrixCleaner::clean() 	scale 2 = 5 pixels with bias = 1
2023-03-26 17:07:24	INFO	MatrixCleaner::clean() 	scale 3 = 15 pixels with bias = 1
2023-03-26 17:07:24	INFO	MatrixCleaner::clean() 	scale 4 = 30 pixels with bias = 1
2023-03-26 17:07:24	INFO	MatrixCleaner::clean() 	scale 5 = 50 pixels with bias = 1
2023-03-26 17:07:24	INFO	MatrixCleaner::clean() 	Cleaning using given mask
2023-03-26 17:07:24	INFO	MatrixCleaner::clean() 	Cleaning pixels with mask values above 0.9
2023-03-26 17:07:25	INFO	MatrixCleaner::clean() 	Starting iteration
2023-03-26 17:07:25	INFO	MatrixCleaner::clean() 	Initial maximum residual is 0.00949356 within the mask 
2023-03-26 17:07:25	INFO	MatrixCleaner::clean() 	iteration    MaximumResidual   CleanedFlux
2023-03-26 17:07:25	INFO	MatrixCleaner::clean() 	2      0.00930368      0.000375945
2023-03-26 17:07:25	INFO	MatrixCleaner::clean() 	Diverging due to large scale?
2023-03-26 17:07:25	INFO	MatrixCleaner::clean() 	  0    0.000375945
2023-03-26 17:07:25	INFO	MatrixCleaner::clean() 	  1    0
2023-03-26 17:07:25	INFO	MatrixCleaner::clean() 	  2    0
2023-03-26 17:07:25	INFO	MatrixCleaner::clean() 	  3    0
2023-03-26 17:07:25	INFO	MatrixCleaner::clean() 	  4    0.000694036
2023-03-26 17:07:25	WARN	SDAlgorithmMSClean::takeOneStep (file src/code/synthesis/ImagerObjects/SDAlgorithmMSClean.cc, line 185)	MSClean minor cycle stopped at large scale negative or diverging
2023-03-26 17:07:25	INFO	SDAlgorithmBase::deconvolve 	[/lustre/cv/users/jspeedie/data/images_lines/SO/v11_robust0.5/ABAur_SO.clean:C3] iters=0->3 [3], model=0.0215218->0.0218976, peakres=0.00949356->0.00911761, Reached cyclethreshold.
2023-03-26 17:07:25	INFO	SDAlgorithmBase::deconvolve 	[/lustre/cv/users/jspeedie/data/images_lines/SO/v11_robust0.5/ABAur_SO.clean:C4] iters=3->3 [0], model=0.0220644->0.0220644, peakres=0.00917306->0.00917306, Reached cyclethreshold.
2023-03-26 17:07:25	INFO	SDAlgorithmBase::deconvolve 	[/lustre/cv/users/jspeedie/data/images_lines/SO/v11_robust0.5/ABAur_SO.clean:C5] iters=3->3 [0], model=0.0298107->0.0298107, peakres=0.00875211->0.00875211, Reached cyclethreshold.
2023-03-26 17:07:25	INFO	SDAlgorithmBase::deconvolve 	[/lustre/cv/users/jspeedie/data/images_lines/SO/v11_robust0.5/ABAur_SO.clean:C6] iters=3->3 [0], model=0.0228526->0.0228526, peakres=0.0092361->0.0092361, Reached cyclethreshold.
2023-03-26 17:07:25	INFO	SDAlgorithmBase::deconvolve 	[/lustre/cv/users/jspeedie/data/images_lines/SO/v11_robust0.5/ABAur_SO.clean:C7] iters=3->3 [0], model=0.011569->0.011569, peakres=0.00922848->0.00922848, Reached cyclethreshold.
2023-03-26 17:07:26	INFO	SDAlgorithmBase::deconvolve 	[/lustre/cv/users/jspeedie/data/images_lines/SO/v11_robust0.5/ABAur_SO.clean:C8] iters=3->3 [0], model=0->0, peakres=0.00904104->0.00904104, Reached cyclethreshold.
2023-03-26 17:07:26	INFO	SDAlgorithmBase::deconvolve 	[/lustre/cv/users/jspeedie/data/images_lines/SO/v11_robust0.5/ABAur_SO.clean:C9] iters=3->3 [0], model=0.0306512->0.0306512, peakres=0.00890557->0.00890557, Reached cyclethreshold.
2023-03-26 17:07:26	INFO	SDAlgorithmBase::deconvolve 	[/lustre/cv/users/jspeedie/data/images_lines/SO/v11_robust0.5/ABAur_SO.clean] Total model flux (over all planes) : 0.19275     Peak Residual (over all planes) : 0.0092361 in C6:P0
2023-03-26 17:07:26	INFO	SynthesisDeconvolver::setupDeconvolution 	Set Deconvolution Options for [/lustre/cv/users/jspeedie/data/images_lines/SO/v11_robust0.5/ABAur_SO.clean] : multiscale
2023-03-26 17:07:30	INFO	SynthesisDeconvolver::initMinorCycle 	 Absolute Peak residual within mask : 0.00929161, over full image : 0.00929161
2023-03-26 17:07:30	INFO	CubeMinorCycleAlgorithm::task 	Processing channels in range [30, 39]
2023-03-26 17:07:30	INFO	SDAlgorithmBase::deconvolve 	[/lustre/cv/users/jspeedie/data/images_lines/SO/v11_robust0.5/ABAur_SO.clean] Run multiscale minor-cycle on 10 chans | CycleThreshold=0.00929772, CycleNiter=20, Gain=0.02
2023-03-26 17:07:30	INFO	SDAlgorithmBase::deconvolve 	[/lustre/cv/users/jspeedie/data/images_lines/SO/v11_robust0.5/ABAur_SO.clean:C0] iters=0->0 [0], model=0.0270078->0.0270078, peakres=0.00929009->0.00929009, Reached cyclethreshold.
2023-03-26 17:07:30	INFO	SDAlgorithmBase::deconvolve 	[/lustre/cv/users/jspeedie/data/images_lines/SO/v11_robust0.5/ABAur_SO.clean:C1] iters=0->0 [0], model=0.0296523->0.0296523, peakres=0.00921278->0.00921278, Reached cyclethreshold.
2023-03-26 17:07:30	INFO	SDAlgorithmBase::deconvolve 	[/lustre/cv/users/jspeedie/data/images_lines/SO/v11_robust0.5/ABAur_SO.clean:C2] iters=0->0 [0], model=0.0237043->0.0237043, peakres=0.00929161->0.00929161, Reached cyclethreshold.
2023-03-26 17:07:30	INFO	SDAlgorithmBase::deconvolve 	[/lustre/cv/users/jspeedie/data/images_lines/SO/v11_robust0.5/ABAur_SO.clean:C3] iters=0->0 [0], model=0.0138468->0.0138468, peakres=0.00905306->0.00905306, Reached cyclethreshold.
2023-03-26 17:07:30	INFO	SDAlgorithmBase::deconvolve 	[/lustre/cv/users/jspeedie/data/images_lines/SO/v11_robust0.5/ABAur_SO.clean:C4] iters=0->0 [0], model=0.0174492->0.0174492, peakres=0.00905757->0.00905757, Reached cyclethreshold.
2023-03-26 17:07:30	INFO	SDAlgorithmBase::deconvolve 	[/lustre/cv/users/jspeedie/data/images_lines/SO/v11_robust0.5/ABAur_SO.clean:C5] iters=0->0 [0], model=0.0168063->0.0168063, peakres=0.00897207->0.00897207, Reached cyclethreshold.
2023-03-26 17:07:31	INFO	SDAlgorithmBase::deconvolve 	[/lustre/cv/users/jspeedie/data/images_lines/SO/v11_robust0.5/ABAur_SO.clean:C6] iters=0->0 [0], model=0.0294321->0.0294321, peakres=0.00928122->0.00928122, Reached cyclethreshold.
2023-03-26 17:07:31	INFO	SDAlgorithmBase::deconvolve 	[/lustre/cv/users/jspeedie/data/images_lines/SO/v11_robust0.5/ABAur_SO.clean:C7] iters=0->0 [0], model=0->0, peakres=0.00895067->0.00895067, Reached cyclethreshold.
2023-03-26 17:07:31	INFO	SDAlgorithmBase::deconvolve 	[/lustre/cv/users/jspeedie/data/images_lines/SO/v11_robust0.5/ABAur_SO.clean:C8] iters=0->0 [0], model=0.0295104->0.0295104, peakres=0.00917345->0.00917345, Reached cyclethreshold.
2023-03-26 17:07:31	INFO	SDAlgorithmBase::deconvolve 	[/lustre/cv/users/jspeedie/data/images_lines/SO/v11_robust0.5/ABAur_SO.clean:C9] iters=0->0 [0], model=0.0364221->0.0364221, peakres=0.00909507->0.00909507, Reached cyclethreshold.
2023-03-26 17:07:31	INFO	SDAlgorithmBase::deconvolve 	[/lustre/cv/users/jspeedie/data/images_lines/SO/v11_robust0.5/ABAur_SO.clean] Total model flux (over all planes) : 0.223831     Peak Residual (over all planes) : 0.00929161 in C2:P0
2023-03-26 17:07:31	INFO	SynthesisDeconvolver::setupDeconvolution 	Set Deconvolution Options for [/lustre/cv/users/jspeedie/data/images_lines/SO/v11_robust0.5/ABAur_SO.clean] : multiscale
2023-03-26 17:07:35	INFO	SynthesisDeconvolver::initMinorCycle 	 Absolute Peak residual within mask : 0.0092555, over full image : 0.0092555
2023-03-26 17:07:35	INFO	CubeMinorCycleAlgorithm::task 	Processing channels in range [40, 49]
2023-03-26 17:07:35	INFO	SDAlgorithmBase::deconvolve 	[/lustre/cv/users/jspeedie/data/images_lines/SO/v11_robust0.5/ABAur_SO.clean] Run multiscale minor-cycle on 10 chans | CycleThreshold=0.00929772, CycleNiter=20, Gain=0.02
2023-03-26 17:07:35	INFO	SDAlgorithmBase::deconvolve 	[/lustre/cv/users/jspeedie/data/images_lines/SO/v11_robust0.5/ABAur_SO.clean:C0] iters=0->0 [0], model=0.0418419->0.0418419, peakres=0.00859878->0.00859878, Reached cyclethreshold.
2023-03-26 17:07:35	INFO	SDAlgorithmBase::deconvolve 	[/lustre/cv/users/jspeedie/data/images_lines/SO/v11_robust0.5/ABAur_SO.clean:C1] iters=0->0 [0], model=0.0356111->0.0356111, peakres=0.00898708->0.00898708, Reached cyclethreshold.
2023-03-26 17:07:35	INFO	SDAlgorithmBase::deconvolve 	[/lustre/cv/users/jspeedie/data/images_lines/SO/v11_robust0.5/ABAur_SO.clean:C2] iters=0->0 [0], model=0->0, peakres=0.00924914->0.00924914, Reached cyclethreshold.
2023-03-26 17:07:36	INFO	SDAlgorithmBase::deconvolve 	[/lustre/cv/users/jspeedie/data/images_lines/SO/v11_robust0.5/ABAur_SO.clean:C3] iters=0->0 [0], model=0->0, peakres=0.00892426->0.00892426, Reached cyclethreshold.
2023-03-26 17:07:36	INFO	SDAlgorithmBase::deconvolve 	[/lustre/cv/users/jspeedie/data/images_lines/SO/v11_robust0.5/ABAur_SO.clean:C4] iters=0->0 [0], model=0->0, peakres=0.00855705->0.00855705, Reached cyclethreshold.
2023-03-26 17:07:36	INFO	SDAlgorithmBase::deconvolve 	[/lustre/cv/users/jspeedie/data/images_lines/SO/v11_robust0.5/ABAur_SO.clean:C5] iters=0->0 [0], model=-0.000761736->-0.000761736, peakres=0.0092555->0.0092555, Reached cyclethreshold.
2023-03-26 17:07:36	INFO	SDAlgorithmBase::deconvolve 	[/lustre/cv/users/jspeedie/data/images_lines/SO/v11_robust0.5/ABAur_SO.clean:C6] iters=0->0 [0], model=0->0, peakres=0.00901828->0.00901828, Reached cyclethreshold.
2023-03-26 17:07:36	INFO	SDAlgorithmBase::deconvolve 	[/lustre/cv/users/jspeedie/data/images_lines/SO/v11_robust0.5/ABAur_SO.clean:C7] iters=0->0 [0], model=0.00037576->0.00037576, peakres=0.00923862->0.00923862, Reached cyclethreshold.
2023-03-26 17:07:36	INFO	SDAlgorithmBase::deconvolve 	[/lustre/cv/users/jspeedie/data/images_lines/SO/v11_robust0.5/ABAur_SO.clean:C8] iters=0->0 [0], model=0->0, peakres=0.0084534->0.0084534, Reached cyclethreshold.
2023-03-26 17:07:36	INFO	SDAlgorithmBase::deconvolve 	[/lustre/cv/users/jspeedie/data/images_lines/SO/v11_robust0.5/ABAur_SO.clean:C9] iters=0->0 [0], model=0.000567166->0.000567166, peakres=0.00922344->0.00922344, Reached cyclethreshold.
2023-03-26 17:07:36	INFO	SDAlgorithmBase::deconvolve 	[/lustre/cv/users/jspeedie/data/images_lines/SO/v11_robust0.5/ABAur_SO.clean] Total model flux (over all planes) : 0.0776342     Peak Residual (over all planes) : 0.0092555 in C5:P0
2023-03-26 17:07:37	INFO	SynthesisDeconvolver::setupDeconvolution 	Set Deconvolution Options for [/lustre/cv/users/jspeedie/data/images_lines/SO/v11_robust0.5/ABAur_SO.clean] : multiscale
2023-03-26 17:07:40	INFO	SynthesisDeconvolver::initMinorCycle 	 Absolute Peak residual within mask : 0.00926255, over full image : 0.00926255
2023-03-26 17:07:40	INFO	CubeMinorCycleAlgorithm::task 	Processing channels in range [50, 59]
2023-03-26 17:07:40	INFO	SDAlgorithmBase::deconvolve 	[/lustre/cv/users/jspeedie/data/images_lines/SO/v11_robust0.5/ABAur_SO.clean] Run multiscale minor-cycle on 10 chans | CycleThreshold=0.00929772, CycleNiter=20, Gain=0.02
2023-03-26 17:07:40	INFO	SDAlgorithmBase::deconvolve 	[/lustre/cv/users/jspeedie/data/images_lines/SO/v11_robust0.5/ABAur_SO.clean:C0] iters=0->0 [0], model=-0.000376653->-0.000376653, peakres=0.00926082->0.00926082, Reached cyclethreshold.
2023-03-26 17:07:41	INFO	SDAlgorithmBase::deconvolve 	[/lustre/cv/users/jspeedie/data/images_lines/SO/v11_robust0.5/ABAur_SO.clean:C1] iters=0->0 [0], model=0->0, peakres=0.00838484->0.00838484, Reached cyclethreshold.
2023-03-26 17:07:41	INFO	SDAlgorithmBase::deconvolve 	[/lustre/cv/users/jspeedie/data/images_lines/SO/v11_robust0.5/ABAur_SO.clean:C2] iters=0->0 [0], model=0->0, peakres=0.00890639->0.00890639, Reached cyclethreshold.
2023-03-26 17:07:41	INFO	SDAlgorithmBase::deconvolve 	[/lustre/cv/users/jspeedie/data/images_lines/SO/v11_robust0.5/ABAur_SO.clean:C3] iters=0->0 [0], model=-0.000187754->-0.000187754, peakres=0.00926255->0.00926255, Reached cyclethreshold.
2023-03-26 17:07:41	INFO	SDAlgorithmBase::deconvolve 	[/lustre/cv/users/jspeedie/data/images_lines/SO/v11_robust0.5/ABAur_SO.clean:C4] iters=0->0 [0], model=0->0, peakres=0.00893779->0.00893779, Reached cyclethreshold.
2023-03-26 17:07:41	INFO	SDAlgorithmBase::deconvolve 	[/lustre/cv/users/jspeedie/data/images_lines/SO/v11_robust0.5/ABAur_SO.clean:C5] iters=0->0 [0], model=0->0, peakres=0.00860739->0.00860739, Reached cyclethreshold.
2023-03-26 17:07:41	INFO	SDAlgorithmBase::deconvolve 	[/lustre/cv/users/jspeedie/data/images_lines/SO/v11_robust0.5/ABAur_SO.clean:C6] iters=0->0 [0], model=0->0, peakres=0.0082751->0.0082751, Reached cyclethreshold.
2023-03-26 17:07:41	INFO	SDAlgorithmBase::deconvolve 	[/lustre/cv/users/jspeedie/data/images_lines/SO/v11_robust0.5/ABAur_SO.clean:C7] iters=0->0 [0], model=0->0, peakres=0.00916605->0.00916605, Reached cyclethreshold.
2023-03-26 17:07:42	INFO	SDAlgorithmBase::deconvolve 	[/lustre/cv/users/jspeedie/data/images_lines/SO/v11_robust0.5/ABAur_SO.clean:C8] iters=0->0 [0], model=0->0, peakres=0.00902029->0.00902029, Reached cyclethreshold.
2023-03-26 17:07:42	INFO	SDAlgorithmBase::deconvolve 	[/lustre/cv/users/jspeedie/data/images_lines/SO/v11_robust0.5/ABAur_SO.clean:C9] iters=0->0 [0], model=0->0, peakres=0.00862931->0.00862931, Reached cyclethreshold.
2023-03-26 17:07:42	INFO	SDAlgorithmBase::deconvolve 	[/lustre/cv/users/jspeedie/data/images_lines/SO/v11_robust0.5/ABAur_SO.clean] Total model flux (over all planes) : -0.000564407     Peak Residual (over all planes) : 0.00926255 in C3:P0
2023-03-26 17:07:42	INFO	grpcInteractiveCleanManager::mergeCycleExecutionRecord 	Completed 1076 iterations.
2023-03-26 17:07:42	INFO	task_tclean::SynthesisImager::executeMajorCycle 	----------------------------------------------------------- Run (Last) Major Cycle 6 -------------------------------------
2023-03-26 17:07:42	INFO	task_tclean::SynthesisImagerVi2::nSubCubeFitInMemory	Required memory: 12.57 GB. Available mem.: 98.09 GB (rc, mem. fraction: 80%, memory: -) => Subcubes: 1. Processes on node: 1.
2023-03-26 17:07:42	INFO	task_tclean::SynthesisImagerVi2::selectData 	MS : /lustre/cv/users/jspeedie/data/ABAur_SO.bin30s.ms.contsub | [Opened in readonly mode]
2023-03-26 17:07:42	INFO	task_tclean::SynthesisImagerVi2::selectData 	  NRows selected : 509173
2023-03-26 17:07:45	INFO	task_tclean::SynthesisImagerVi2::weight() 	Set imaging weights : Briggs weighting: sidelobes will be suppressed over full image
2023-03-26 17:07:45	INFO	task_tclean::SynthesisImagerVi2::weight() 	Doing spectral cube Briggs weighting formula --  bwtaper
2023-03-26 17:07:45	INFO	task_tclean::SynthesisImager::tuneSelectData 	Tuning frequency data selection to match image spectral coordinates
2023-03-26 17:07:45	INFO	task_tclean::SynthesisImagerVi2::selectData 	MS : /lustre/cv/users/jspeedie/data/ABAur_SO.bin30s.ms.contsub | [Opened in readonly mode]
2023-03-26 17:07:45	INFO	task_tclean::SynthesisImagerVi2::selectData 	  NRows selected : 509173
2023-03-26 17:07:45	INFO	task_tclean::SynthesisImager::executeMajorCycle 	----------------------------------------------------------- Run (Last) Major Cycle 6 -------------------------------------
2023-03-26 17:09:30	INFO	task_tclean::SynthesisDeconvolver::initMinorCycle 	 Absolute Peak residual within mask : 0.00929161, over full image : 0.00929161
2023-03-26 17:09:30	INFO	tclean::::casa	Reached global stopping criterion : threshold
2023-03-26 17:09:30	INFO	SDAlgorithmBase::restore 	[/lustre/cv/users/jspeedie/data/images_lines/SO/v11_robust0.5/ABAur_SO.clean] : Restoring model image.
2023-03-26 17:09:30	INFO	SIImageStore::restore 	Getting common beam
2023-03-26 17:09:30	INFO	SIImageStore::restore 	Common Beam : 0.237064 arcsec, 0.178955 arcsec, -2.67292 deg
2023-03-26 17:10:18	INFO	tclean::::casa	Searching for images with prefix '/lustre/cv/users/jspeedie/data/images_lines/SO/v11_robust0.5/ABAur_SO.clean'... Found these, writing history into them: ['/lustre/cv/users/jspeedie/data/images_lines/SO/v11_robust0.5/ABAur_SO.clean.residual', '/lustre/cv/users/jspeedie/data/images_lines/SO/v11_robust0.5/ABAur_SO.clean.pb', '/lustre/cv/users/jspeedie/data/images_lines/SO/v11_robust0.5/ABAur_SO.clean.sumwt', '/lustre/cv/users/jspeedie/data/images_lines/SO/v11_robust0.5/ABAur_SO.clean.mask', '/lustre/cv/users/jspeedie/data/images_lines/SO/v11_robust0.5/ABAur_SO.clean.model', '/lustre/cv/users/jspeedie/data/images_lines/SO/v11_robust0.5/ABAur_SO.clean.image', '/lustre/cv/users/jspeedie/data/images_lines/SO/v11_robust0.5/ABAur_SO.clean.psf']
2023-03-26 17:10:19	INFO	tclean::::casa	Task tclean complete. Start time: 2023-03-26 12:48:04.402099 End time: 2023-03-26 13:10:19.191068
2023-03-26 17:10:19	INFO	tclean::::casa	##### End Task: tclean               #####
2023-03-26 17:10:19	INFO	tclean::::casa	##########################################
2023-03-26 17:10:19	INFO	exportfits::::casa	##########################################
2023-03-26 17:10:19	INFO	exportfits::::casa	##### Begin Task: exportfits         #####
2023-03-26 17:10:19	INFO	exportfits::::casa	exportfits( imagename='/lustre/cv/users/jspeedie/data/images_lines/SO/v11_robust0.5/ABAur_SO.clean.residual', fitsimage='/lustre/cv/users/jspeedie/data/images_lines/SO/v11_robust0.5/ABAur_SO.clean.residual.fits', velocity=False, optical=False, bitpix=-32, minpix=0, maxpix=-1, overwrite=True, dropstokes=True, stokeslast=True, history=True, dropdeg=False )
2023-03-26 17:10:19	INFO	exportfits::ImageFactory::toFITS	Applying mask of name 'mask0'
2023-03-26 17:10:19	INFO	exportfits::ImageRegion::fromRecord	Selected bounding box : 
2023-03-26 17:10:19	INFO	exportfits::ImageRegion::fromRecord+	    [0, 0, 0, 0] to [2047, 2047, 0, 59]  (04:55:47.440, +30.32.43.253, I, 2.1994681e+11Hz to 04:55:44.271, +30.33.24.193, I, 2.1994318e+11Hz)
2023-03-26 17:10:25	INFO	exportfits::::casa	Task exportfits complete. Start time: 2023-03-26 13:10:19.222526 End time: 2023-03-26 13:10:24.770145
2023-03-26 17:10:25	INFO	exportfits::::casa	##### End Task: exportfits           #####
2023-03-26 17:10:25	INFO	exportfits::::casa	##########################################
2023-03-26 17:10:25	INFO	exportfits::::casa	##########################################
2023-03-26 17:10:25	INFO	exportfits::::casa	##### Begin Task: exportfits         #####
2023-03-26 17:10:25	INFO	exportfits::::casa	exportfits( imagename='/lustre/cv/users/jspeedie/data/images_lines/SO/v11_robust0.5/ABAur_SO.clean.psf', fitsimage='/lustre/cv/users/jspeedie/data/images_lines/SO/v11_robust0.5/ABAur_SO.clean.psf.fits', velocity=False, optical=False, bitpix=-32, minpix=0, maxpix=-1, overwrite=True, dropstokes=True, stokeslast=True, history=True, dropdeg=False )
2023-03-26 17:10:25	INFO	exportfits::ImageRegion::fromRecord	Selected bounding box : 
2023-03-26 17:10:25	INFO	exportfits::ImageRegion::fromRecord+	    [0, 0, 0, 0] to [2047, 2047, 0, 59]  (04:55:47.440, +30.32.43.253, I, 2.1994681e+11Hz to 04:55:44.271, +30.33.24.193, I, 2.1994318e+11Hz)
2023-03-26 17:10:28	INFO	exportfits::::casa	Task exportfits complete. Start time: 2023-03-26 13:10:24.773408 End time: 2023-03-26 13:10:28.342036
2023-03-26 17:10:28	INFO	exportfits::::casa	##### End Task: exportfits           #####
2023-03-26 17:10:28	INFO	exportfits::::casa	##########################################
2023-03-26 17:10:28	INFO	exportfits::::casa	##########################################
2023-03-26 17:10:28	INFO	exportfits::::casa	##### Begin Task: exportfits         #####
2023-03-26 17:10:28	INFO	exportfits::::casa	exportfits( imagename='/lustre/cv/users/jspeedie/data/images_lines/SO/v11_robust0.5/ABAur_SO.clean.model', fitsimage='/lustre/cv/users/jspeedie/data/images_lines/SO/v11_robust0.5/ABAur_SO.clean.model.fits', velocity=False, optical=False, bitpix=-32, minpix=0, maxpix=-1, overwrite=True, dropstokes=True, stokeslast=True, history=True, dropdeg=False )
2023-03-26 17:10:28	INFO	exportfits::ImageRegion::fromRecord	Selected bounding box : 
2023-03-26 17:10:28	INFO	exportfits::ImageRegion::fromRecord+	    [0, 0, 0, 0] to [2047, 2047, 0, 59]  (04:55:47.440, +30.32.43.253, I, 2.1994681e+11Hz to 04:55:44.271, +30.33.24.193, I, 2.1994318e+11Hz)
2023-03-26 17:10:28	INFO	exportfits::ImageFitsConverter::ImageHeaderToFITS 	Truncating miscinfo field useweightimage to useweigh
2023-03-26 17:10:32	INFO	exportfits::::casa	Task exportfits complete. Start time: 2023-03-26 13:10:28.345511 End time: 2023-03-26 13:10:31.928537
2023-03-26 17:10:32	INFO	exportfits::::casa	##### End Task: exportfits           #####
2023-03-26 17:10:32	INFO	exportfits::::casa	##########################################
2023-03-26 17:10:37	INFO	imsmooth::::casa	##########################################
2023-03-26 17:10:37	INFO	imsmooth::::casa	##### Begin Task: imsmooth           #####
2023-03-26 17:10:37	INFO	imsmooth::::casa	imsmooth( imagename='/lustre/cv/users/jspeedie/data/images_lines/SO/v11_robust0.5/ABAur_SO.clean.model', kernel='gauss', major='0.23680968582630157arcsec', minor='0.17877505719661713arcsec', pa='-2.6728515625deg', targetres=True, kimage='', scale=-1.0, region='', box='', chans='', stokes='', mask='', outfile='/lustre/cv/users/jspeedie/data/images_lines/SO/v11_robust0.5/ABAur_SO.clean_convolved_model_temp.image', stretch=False, overwrite=False, beam='' )
2023-03-26 17:10:37	INFO	imsmooth::CasacRegionManager::fromBCS	No directional region specified. Using full positional plane.
2023-03-26 17:10:37	INFO	imsmooth::CasacRegionManager::fromBCS	Using all spectral channels.
2023-03-26 17:10:37	INFO	imsmooth::CasacRegionManager::fromBCS	Using polarizations ALL
2023-03-26 17:10:38	INFO	imsmooth::Image2DConvolver<T>::_doSingleBeam	Convolving image that has a beam of major: 0 arcsec, minor: 0 arcsec, pa: 0 deg with a Gaussian of major: 0.23681 arcsec, minor: 0.178775 arcsec, pa: -2.67285 deg to reach a target resolution of major: 0.23681 arcsec, minor: 0.178775 arcsec, pa: -2.67285 deg
2023-03-26 17:10:38	INFO	imsmooth::Image2DConvolver::_dealWithRestoringBeam	You are convolving the sky
2023-03-26 17:10:38	INFO	imsmooth::Image2DConvolver::_dealWithRestoringBeam	Scaling pixel values by 1
2023-03-26 17:11:12	INFO	imsmooth::Image2DConvolver::_dealWithRestoringBeam	Original /lustre/cv/users/jspeedie/data/images_lines/SO/v11_robust0.5/ABAur_SO.clean.model has no beam
2023-03-26 17:11:12	INFO	imsmooth::Image2DConvolver::_dealWithRestoringBeam	Output /lustre/cv/users/jspeedie/data/images_lines/SO/v11_robust0.5/ABAur_SO.clean_convolved_model_temp.image resolution major: 0.23681 arcsec, minor: 0.178775 arcsec, pa: -2.67285 deg
2023-03-26 17:11:12	INFO	imsmooth::SubImageFactory::createImage	Creating image '/lustre/cv/users/jspeedie/data/images_lines/SO/v11_robust0.5/ABAur_SO.clean_convolved_model_temp.image' of shape [2048, 2048, 1, 60]
2023-03-26 17:11:14	INFO	imsmooth::::casa	Task imsmooth complete. Start time: 2023-03-26 13:10:36.556138 End time: 2023-03-26 13:11:13.953589
2023-03-26 17:11:14	INFO	imsmooth::::casa	##### End Task: imsmooth             #####
2023-03-26 17:11:14	INFO	imsmooth::::casa	##########################################
2023-03-26 17:11:14	INFO	immath::::casa	##########################################
2023-03-26 17:11:14	INFO	immath::::casa	##### Begin Task: immath             #####
2023-03-26 17:11:14	INFO	immath::::casa	immath( imagename=['/lustre/cv/users/jspeedie/data/images_lines/SO/v11_robust0.5/ABAur_SO.clean_convolved_model_temp.image', '/lustre/cv/users/jspeedie/data/images_lines/SO/v11_robust0.5/ABAur_SO.clean.residual'], mode='evalexpr', outfile='/lustre/cv/users/jspeedie/data/images_lines/SO/v11_robust0.5/ABAur_SO.clean.JvMcorr.image', expr='IM0 + 0.510719118212351*IM1', varnames='', sigma='0.0mJy/beam', polithresh='', mask='', region='', box='', chans='', stokes='', stretch=False, imagemd='/lustre/cv/users/jspeedie/data/images_lines/SO/v11_robust0.5/ABAur_SO.clean_convolved_model_temp.image', prec='float' )
2023-03-26 17:11:14	WARN	ImageExprCalculator::compute	image units are not the same: 'Jy/beam' vs ''. Proceed with caution. Output image metadata will be copied from image /lustre/cv/users/jspeedie/data/images_lines/SO/v11_robust0.5/ABAur_SO.clean_convolved_model_temp.image
2023-03-26 17:11:14	INFO	ImageExprCalculator::_imagecalc	Creating image `/lustre/cv/users/jspeedie/data/images_lines/SO/v11_robust0.5/ABAur_SO.clean.JvMcorr.image' of shape [2048, 2048, 1, 60]
2023-03-26 17:11:15	INFO	ImageMaskAttacher::makeMask	Created mask `mask0'
2023-03-26 17:11:23	INFO	immath::::casa	Task immath complete. Start time: 2023-03-26 13:11:13.959415 End time: 2023-03-26 13:11:23.149661
2023-03-26 17:11:23	INFO	immath::::casa	##### End Task: immath               #####
2023-03-26 17:11:23	INFO	immath::::casa	##########################################
2023-03-26 17:11:23	INFO	exportfits::::casa	##########################################
2023-03-26 17:11:23	INFO	exportfits::::casa	##### Begin Task: exportfits         #####
2023-03-26 17:11:23	INFO	exportfits::::casa	exportfits( imagename='/lustre/cv/users/jspeedie/data/images_lines/SO/v11_robust0.5/ABAur_SO.clean_convolved_model_temp.image', fitsimage='/lustre/cv/users/jspeedie/data/images_lines/SO/v11_robust0.5/ABAur_SO.clean_convolved_model_temp.image.fits', velocity=False, optical=False, bitpix=-32, minpix=0, maxpix=-1, overwrite=True, dropstokes=True, stokeslast=True, history=True, dropdeg=False )
2023-03-26 17:11:23	INFO	exportfits::ImageRegion::fromRecord	Selected bounding box : 
2023-03-26 17:11:23	INFO	exportfits::ImageRegion::fromRecord+	    [0, 0, 0, 0] to [2047, 2047, 0, 59]  (04:55:47.440, +30.32.43.253, I, 2.1994681e+11Hz to 04:55:44.271, +30.33.24.193, I, 2.1994318e+11Hz)
2023-03-26 17:11:23	INFO	exportfits::ImageFitsConverter::ImageHeaderToFITS 	Truncating miscinfo field useweightimage to useweigh
2023-03-26 17:11:27	INFO	exportfits::::casa	Task exportfits complete. Start time: 2023-03-26 13:11:23.156196 End time: 2023-03-26 13:11:26.727069
2023-03-26 17:11:27	INFO	exportfits::::casa	##### End Task: exportfits           #####
2023-03-26 17:11:27	INFO	exportfits::::casa	##########################################
2023-03-26 17:11:27	INFO	imsmooth::::casa	##########################################
2023-03-26 17:11:27	INFO	imsmooth::::casa	##### Begin Task: imsmooth           #####
2023-03-26 17:11:27	INFO	imsmooth::::casa	imsmooth( imagename='/lustre/cv/users/jspeedie/data/images_lines/SO/v11_robust0.5/ABAur_SO.clean.model', kernel='gauss', major='0.3313663498690569arcsec', minor='0.2501588477860111arcsec', pa='-2.6728515625deg', targetres=True, kimage='', scale=-1.0, region='', box='', chans='', stokes='', mask='', outfile='/lustre/cv/users/jspeedie/data/images_lines/SO/v11_robust0.5/ABAur_SO.clean_convolved_model_temp.image', stretch=False, overwrite=False, beam='' )
2023-03-26 17:11:27	INFO	imsmooth::CasacRegionManager::fromBCS	No directional region specified. Using full positional plane.
2023-03-26 17:11:27	INFO	imsmooth::CasacRegionManager::fromBCS	Using all spectral channels.
2023-03-26 17:11:27	INFO	imsmooth::CasacRegionManager::fromBCS	Using polarizations ALL
2023-03-26 17:11:29	INFO	imsmooth::Image2DConvolver<T>::_doSingleBeam	Convolving image that has a beam of major: 0 arcsec, minor: 0 arcsec, pa: 0 deg with a Gaussian of major: 0.331366 arcsec, minor: 0.250159 arcsec, pa: -2.67285 deg to reach a target resolution of major: 0.331366 arcsec, minor: 0.250159 arcsec, pa: -2.67285 deg
2023-03-26 17:11:29	INFO	imsmooth::Image2DConvolver::_dealWithRestoringBeam	You are convolving the sky
2023-03-26 17:11:29	INFO	imsmooth::Image2DConvolver::_dealWithRestoringBeam	Scaling pixel values by 1
2023-03-26 17:12:04	INFO	imsmooth::Image2DConvolver::_dealWithRestoringBeam	Original /lustre/cv/users/jspeedie/data/images_lines/SO/v11_robust0.5/ABAur_SO.clean.model has no beam
2023-03-26 17:12:04	INFO	imsmooth::Image2DConvolver::_dealWithRestoringBeam	Output /lustre/cv/users/jspeedie/data/images_lines/SO/v11_robust0.5/ABAur_SO.clean_convolved_model_temp.image resolution major: 0.331366 arcsec, minor: 0.250159 arcsec, pa: -2.67285 deg
2023-03-26 17:12:04	INFO	imsmooth::SubImageFactory::createImage	Creating image '/lustre/cv/users/jspeedie/data/images_lines/SO/v11_robust0.5/ABAur_SO.clean_convolved_model_temp.image' of shape [2048, 2048, 1, 60]
2023-03-26 17:12:06	INFO	imsmooth::::casa	Task imsmooth complete. Start time: 2023-03-26 13:11:26.943076 End time: 2023-03-26 13:12:06.457292
2023-03-26 17:12:06	INFO	imsmooth::::casa	##### End Task: imsmooth             #####
2023-03-26 17:12:06	INFO	imsmooth::::casa	##########################################
2023-03-26 17:12:06	INFO	immath::::casa	##########################################
2023-03-26 17:12:06	INFO	immath::::casa	##### Begin Task: immath             #####
2023-03-26 17:12:06	INFO	immath::::casa	immath( imagename=['/lustre/cv/users/jspeedie/data/images_lines/SO/v11_robust0.5/ABAur_SO.clean_convolved_model_temp.image', '/lustre/cv/users/jspeedie/data/images_lines/SO/v11_robust0.5/ABAur_SO.clean.residual'], mode='evalexpr', outfile='/lustre/cv/users/jspeedie/data/images_lines/SO/v11_robust0.5/ABAur_SO.clean.JvMcorr_lowres.image', expr='IM0 + IM1', varnames='', sigma='0.0mJy/beam', polithresh='', mask='', region='', box='', chans='', stokes='', stretch=False, imagemd='/lustre/cv/users/jspeedie/data/images_lines/SO/v11_robust0.5/ABAur_SO.clean_convolved_model_temp.image', prec='float' )
2023-03-26 17:12:07	WARN	ImageExprCalculator::compute	image units are not the same: 'Jy/beam' vs ''. Proceed with caution. Output image metadata will be copied from image /lustre/cv/users/jspeedie/data/images_lines/SO/v11_robust0.5/ABAur_SO.clean_convolved_model_temp.image
2023-03-26 17:12:07	INFO	ImageExprCalculator::_imagecalc	Creating image `/lustre/cv/users/jspeedie/data/images_lines/SO/v11_robust0.5/ABAur_SO.clean.JvMcorr_lowres.image' of shape [2048, 2048, 1, 60]
2023-03-26 17:12:07	INFO	ImageMaskAttacher::makeMask	Created mask `mask0'
2023-03-26 17:12:12	INFO	immath::::casa	Task immath complete. Start time: 2023-03-26 13:12:06.463504 End time: 2023-03-26 13:12:12.499197
2023-03-26 17:12:12	INFO	immath::::casa	##### End Task: immath               #####
2023-03-26 17:12:12	INFO	immath::::casa	##########################################
2023-03-26 17:12:13	INFO	impbcor::::casa	##########################################
2023-03-26 17:12:13	INFO	impbcor::::casa	##### Begin Task: impbcor            #####
2023-03-26 17:12:13	INFO	impbcor::::casa	impbcor( imagename='/lustre/cv/users/jspeedie/data/images_lines/SO/v11_robust0.5/ABAur_SO.clean.image', pbimage='/lustre/cv/users/jspeedie/data/images_lines/SO/v11_robust0.5/ABAur_SO.clean.pb', outfile='/lustre/cv/users/jspeedie/data/images_lines/SO/v11_robust0.5/ABAur_SO.clean.image.pbcor', overwrite=True, box='', region='', chans='', stokes='', mask='', mode='divide', cutoff=-1.0, stretch=False )
2023-03-26 17:12:13	INFO	impbcor::CasacRegionManager::fromBCS	No directional region specified. Using full positional plane.
2023-03-26 17:12:13	INFO	impbcor::CasacRegionManager::fromBCS	Using all spectral channels.
2023-03-26 17:12:13	INFO	impbcor::CasacRegionManager::fromBCS	Using polarizations ALL
2023-03-26 17:12:13	INFO	impbcor::ImageRegion::fromRecord	Selected bounding box : 
2023-03-26 17:12:13	INFO	impbcor::ImageRegion::fromRecord+	    [0, 0, 0, 0] to [2047, 2047, 0, 59]  (04:55:47.440, +30.32.43.253, I, 2.1994681e+11Hz to 04:55:44.271, +30.33.24.193, I, 2.1994318e+11Hz)
2023-03-26 17:12:13	INFO	impbcor::ImageRegion::fromRecord	Selected bounding box : 
2023-03-26 17:12:13	INFO	impbcor::ImageRegion::fromRecord+	    [0, 0, 0, 0] to [2047, 2047, 0, 59]  (04:55:47.440, +30.32.43.253, I, 2.1994681e+11Hz to 04:55:44.271, +30.33.24.193, I, 2.1994318e+11Hz)
2023-03-26 17:12:13	INFO	impbcor::SubImageFactory::createImage	Creating image '/lustre/cv/users/jspeedie/data/images_lines/SO/v11_robust0.5/ABAur_SO.clean.image.pbcor' of shape [2048, 2048, 1, 60]
2023-03-26 17:12:13	INFO	impbcor::ImageMaskAttacher::makeMask	Created mask `mask0'
2023-03-26 17:12:19	INFO	impbcor::::casa	Task impbcor complete. Start time: 2023-03-26 13:12:12.790892 End time: 2023-03-26 13:12:19.039303
2023-03-26 17:12:19	INFO	impbcor::::casa	##### End Task: impbcor              #####
2023-03-26 17:12:19	INFO	impbcor::::casa	##########################################
2023-03-26 17:12:19	INFO	impbcor::::casa	##########################################
2023-03-26 17:12:19	INFO	impbcor::::casa	##### Begin Task: impbcor            #####
2023-03-26 17:12:19	INFO	impbcor::::casa	impbcor( imagename='/lustre/cv/users/jspeedie/data/images_lines/SO/v11_robust0.5/ABAur_SO.clean.JvMcorr.image', pbimage='/lustre/cv/users/jspeedie/data/images_lines/SO/v11_robust0.5/ABAur_SO.clean.pb', outfile='/lustre/cv/users/jspeedie/data/images_lines/SO/v11_robust0.5/ABAur_SO.clean.JvMcorr.image.pbcor', overwrite=True, box='', region='', chans='', stokes='', mask='', mode='divide', cutoff=-1.0, stretch=False )
2023-03-26 17:12:19	INFO	impbcor::CasacRegionManager::fromBCS	No directional region specified. Using full positional plane.
2023-03-26 17:12:19	INFO	impbcor::CasacRegionManager::fromBCS	Using all spectral channels.
2023-03-26 17:12:19	INFO	impbcor::CasacRegionManager::fromBCS	Using polarizations ALL
2023-03-26 17:12:19	INFO	impbcor::ImageRegion::fromRecord	Selected bounding box : 
2023-03-26 17:12:19	INFO	impbcor::ImageRegion::fromRecord+	    [0, 0, 0, 0] to [2047, 2047, 0, 59]  (04:55:47.440, +30.32.43.253, I, 2.1994681e+11Hz to 04:55:44.271, +30.33.24.193, I, 2.1994318e+11Hz)
2023-03-26 17:12:19	INFO	impbcor::ImageRegion::fromRecord	Selected bounding box : 
2023-03-26 17:12:19	INFO	impbcor::ImageRegion::fromRecord+	    [0, 0, 0, 0] to [2047, 2047, 0, 59]  (04:55:47.440, +30.32.43.253, I, 2.1994681e+11Hz to 04:55:44.271, +30.33.24.193, I, 2.1994318e+11Hz)
2023-03-26 17:12:19	INFO	impbcor::SubImageFactory::createImage	Creating image '/lustre/cv/users/jspeedie/data/images_lines/SO/v11_robust0.5/ABAur_SO.clean.JvMcorr.image.pbcor' of shape [2048, 2048, 1, 60]
2023-03-26 17:12:19	INFO	impbcor::ImageMaskAttacher::makeMask	Created mask `mask0'
2023-03-26 17:12:26	INFO	impbcor::::casa	Task impbcor complete. Start time: 2023-03-26 13:12:19.044680 End time: 2023-03-26 13:12:25.759675
2023-03-26 17:12:26	INFO	impbcor::::casa	##### End Task: impbcor              #####
2023-03-26 17:12:26	INFO	impbcor::::casa	##########################################
2023-03-26 17:12:26	INFO	impbcor::::casa	##########################################
2023-03-26 17:12:26	INFO	impbcor::::casa	##### Begin Task: impbcor            #####
2023-03-26 17:12:26	INFO	impbcor::::casa	impbcor( imagename='/lustre/cv/users/jspeedie/data/images_lines/SO/v11_robust0.5/ABAur_SO.clean.JvMcorr_lowres.image', pbimage='/lustre/cv/users/jspeedie/data/images_lines/SO/v11_robust0.5/ABAur_SO.clean.pb', outfile='/lustre/cv/users/jspeedie/data/images_lines/SO/v11_robust0.5/ABAur_SO.clean.JvMcorr_lowres.image.pbcor', overwrite=True, box='', region='', chans='', stokes='', mask='', mode='divide', cutoff=-1.0, stretch=False )
2023-03-26 17:12:26	INFO	impbcor::CasacRegionManager::fromBCS	No directional region specified. Using full positional plane.
2023-03-26 17:12:26	INFO	impbcor::CasacRegionManager::fromBCS	Using all spectral channels.
2023-03-26 17:12:26	INFO	impbcor::CasacRegionManager::fromBCS	Using polarizations ALL
2023-03-26 17:12:26	INFO	impbcor::ImageRegion::fromRecord	Selected bounding box : 
2023-03-26 17:12:26	INFO	impbcor::ImageRegion::fromRecord+	    [0, 0, 0, 0] to [2047, 2047, 0, 59]  (04:55:47.440, +30.32.43.253, I, 2.1994681e+11Hz to 04:55:44.271, +30.33.24.193, I, 2.1994318e+11Hz)
2023-03-26 17:12:26	INFO	impbcor::ImageRegion::fromRecord	Selected bounding box : 
2023-03-26 17:12:26	INFO	impbcor::ImageRegion::fromRecord+	    [0, 0, 0, 0] to [2047, 2047, 0, 59]  (04:55:47.440, +30.32.43.253, I, 2.1994681e+11Hz to 04:55:44.271, +30.33.24.193, I, 2.1994318e+11Hz)
2023-03-26 17:12:27	INFO	impbcor::SubImageFactory::createImage	Creating image '/lustre/cv/users/jspeedie/data/images_lines/SO/v11_robust0.5/ABAur_SO.clean.JvMcorr_lowres.image.pbcor' of shape [2048, 2048, 1, 60]
2023-03-26 17:12:27	INFO	impbcor::ImageMaskAttacher::makeMask	Created mask `mask0'
2023-03-26 17:12:35	INFO	impbcor::::casa	Task impbcor complete. Start time: 2023-03-26 13:12:25.766250 End time: 2023-03-26 13:12:34.805121
2023-03-26 17:12:35	INFO	impbcor::::casa	##### End Task: impbcor              #####
2023-03-26 17:12:35	INFO	impbcor::::casa	##########################################
2023-03-26 17:12:35	INFO	exportfits::::casa	##########################################
2023-03-26 17:12:35	INFO	exportfits::::casa	##### Begin Task: exportfits         #####
2023-03-26 17:12:35	INFO	exportfits::::casa	exportfits( imagename='/lustre/cv/users/jspeedie/data/images_lines/SO/v11_robust0.5/ABAur_SO.clean.image', fitsimage='/lustre/cv/users/jspeedie/data/images_lines/SO/v11_robust0.5/ABAur_SO.clean.image.fits', velocity=False, optical=False, bitpix=-32, minpix=0, maxpix=-1, overwrite=True, dropstokes=True, stokeslast=True, history=True, dropdeg=False )
2023-03-26 17:12:35	INFO	exportfits::ImageFactory::toFITS	Applying mask of name 'mask0'
2023-03-26 17:12:35	INFO	exportfits::ImageRegion::fromRecord	Selected bounding box : 
2023-03-26 17:12:35	INFO	exportfits::ImageRegion::fromRecord+	    [0, 0, 0, 0] to [2047, 2047, 0, 59]  (04:55:47.440, +30.32.43.253, I, 2.1994681e+11Hz to 04:55:44.271, +30.33.24.193, I, 2.1994318e+11Hz)
2023-03-26 17:12:35	INFO	exportfits::ImageFitsConverter::ImageHeaderToFITS 	Truncating miscinfo field useweightimage to useweigh
2023-03-26 17:12:40	INFO	exportfits::::casa	Task exportfits complete. Start time: 2023-03-26 13:12:34.811486 End time: 2023-03-26 13:12:40.282827
2023-03-26 17:12:40	INFO	exportfits::::casa	##### End Task: exportfits           #####
2023-03-26 17:12:40	INFO	exportfits::::casa	##########################################
2023-03-26 17:12:40	INFO	exportfits::::casa	##########################################
2023-03-26 17:12:40	INFO	exportfits::::casa	##### Begin Task: exportfits         #####
2023-03-26 17:12:40	INFO	exportfits::::casa	exportfits( imagename='/lustre/cv/users/jspeedie/data/images_lines/SO/v11_robust0.5/ABAur_SO.clean.JvMcorr.image', fitsimage='/lustre/cv/users/jspeedie/data/images_lines/SO/v11_robust0.5/ABAur_SO.clean.JvMcorr.image.fits', velocity=False, optical=False, bitpix=-32, minpix=0, maxpix=-1, overwrite=True, dropstokes=True, stokeslast=True, history=True, dropdeg=False )
2023-03-26 17:12:40	INFO	exportfits::ImageFactory::toFITS	Applying mask of name 'mask0'
2023-03-26 17:12:40	INFO	exportfits::ImageRegion::fromRecord	Selected bounding box : 
2023-03-26 17:12:40	INFO	exportfits::ImageRegion::fromRecord+	    [0, 0, 0, 0] to [2047, 2047, 0, 59]  (04:55:47.440, +30.32.43.253, I, 2.1994681e+11Hz to 04:55:44.271, +30.33.24.193, I, 2.1994318e+11Hz)
2023-03-26 17:12:40	INFO	exportfits::ImageFitsConverter::ImageHeaderToFITS 	Truncating miscinfo field useweightimage to useweigh
2023-03-26 17:12:46	INFO	exportfits::::casa	Task exportfits complete. Start time: 2023-03-26 13:12:40.285367 End time: 2023-03-26 13:12:45.808088
2023-03-26 17:12:46	INFO	exportfits::::casa	##### End Task: exportfits           #####
2023-03-26 17:12:46	INFO	exportfits::::casa	##########################################
2023-03-26 17:12:46	INFO	exportfits::::casa	##########################################
2023-03-26 17:12:46	INFO	exportfits::::casa	##### Begin Task: exportfits         #####
2023-03-26 17:12:46	INFO	exportfits::::casa	exportfits( imagename='/lustre/cv/users/jspeedie/data/images_lines/SO/v11_robust0.5/ABAur_SO.clean.JvMcorr_lowres.image', fitsimage='/lustre/cv/users/jspeedie/data/images_lines/SO/v11_robust0.5/ABAur_SO.clean.JvMcorr_lowres.image.fits', velocity=False, optical=False, bitpix=-32, minpix=0, maxpix=-1, overwrite=True, dropstokes=True, stokeslast=True, history=True, dropdeg=False )
2023-03-26 17:12:46	INFO	exportfits::ImageFactory::toFITS	Applying mask of name 'mask0'
2023-03-26 17:12:46	INFO	exportfits::ImageRegion::fromRecord	Selected bounding box : 
2023-03-26 17:12:46	INFO	exportfits::ImageRegion::fromRecord+	    [0, 0, 0, 0] to [2047, 2047, 0, 59]  (04:55:47.440, +30.32.43.253, I, 2.1994681e+11Hz to 04:55:44.271, +30.33.24.193, I, 2.1994318e+11Hz)
2023-03-26 17:12:46	INFO	exportfits::ImageFitsConverter::ImageHeaderToFITS 	Truncating miscinfo field useweightimage to useweigh
2023-03-26 17:12:51	INFO	exportfits::::casa	Task exportfits complete. Start time: 2023-03-26 13:12:45.810612 End time: 2023-03-26 13:12:51.145341
2023-03-26 17:12:51	INFO	exportfits::::casa	##### End Task: exportfits           #####
2023-03-26 17:12:51	INFO	exportfits::::casa	##########################################
2023-03-26 17:12:51	INFO	exportfits::::casa	##########################################
2023-03-26 17:12:51	INFO	exportfits::::casa	##### Begin Task: exportfits         #####
2023-03-26 17:12:51	INFO	exportfits::::casa	exportfits( imagename='/lustre/cv/users/jspeedie/data/images_lines/SO/v11_robust0.5/ABAur_SO.clean.image.pbcor', fitsimage='/lustre/cv/users/jspeedie/data/images_lines/SO/v11_robust0.5/ABAur_SO.clean.image.pbcor.fits', velocity=False, optical=False, bitpix=-32, minpix=0, maxpix=-1, overwrite=True, dropstokes=True, stokeslast=True, history=True, dropdeg=False )
2023-03-26 17:12:51	INFO	exportfits::ImageFactory::toFITS	Applying mask of name 'mask0'
2023-03-26 17:12:51	INFO	exportfits::ImageRegion::fromRecord	Selected bounding box : 
2023-03-26 17:12:51	INFO	exportfits::ImageRegion::fromRecord+	    [0, 0, 0, 0] to [2047, 2047, 0, 59]  (04:55:47.440, +30.32.43.253, I, 2.1994681e+11Hz to 04:55:44.271, +30.33.24.193, I, 2.1994318e+11Hz)
2023-03-26 17:12:51	INFO	exportfits::ImageFitsConverter::ImageHeaderToFITS 	Truncating miscinfo field useweightimage to useweigh
2023-03-26 17:12:57	INFO	exportfits::::casa	Task exportfits complete. Start time: 2023-03-26 13:12:51.148143 End time: 2023-03-26 13:12:56.670968
2023-03-26 17:12:57	INFO	exportfits::::casa	##### End Task: exportfits           #####
2023-03-26 17:12:57	INFO	exportfits::::casa	##########################################
2023-03-26 17:12:57	INFO	exportfits::::casa	##########################################
2023-03-26 17:12:57	INFO	exportfits::::casa	##### Begin Task: exportfits         #####
2023-03-26 17:12:57	INFO	exportfits::::casa	exportfits( imagename='/lustre/cv/users/jspeedie/data/images_lines/SO/v11_robust0.5/ABAur_SO.clean.JvMcorr.image.pbcor', fitsimage='/lustre/cv/users/jspeedie/data/images_lines/SO/v11_robust0.5/ABAur_SO.clean.JvMcorr.image.pbcor.fits', velocity=False, optical=False, bitpix=-32, minpix=0, maxpix=-1, overwrite=True, dropstokes=True, stokeslast=True, history=True, dropdeg=False )
2023-03-26 17:12:57	INFO	exportfits::ImageFactory::toFITS	Applying mask of name 'mask0'
2023-03-26 17:12:57	INFO	exportfits::ImageRegion::fromRecord	Selected bounding box : 
2023-03-26 17:12:57	INFO	exportfits::ImageRegion::fromRecord+	    [0, 0, 0, 0] to [2047, 2047, 0, 59]  (04:55:47.440, +30.32.43.253, I, 2.1994681e+11Hz to 04:55:44.271, +30.33.24.193, I, 2.1994318e+11Hz)
2023-03-26 17:12:57	INFO	exportfits::ImageFitsConverter::ImageHeaderToFITS 	Truncating miscinfo field useweightimage to useweigh
2023-03-26 17:13:02	INFO	exportfits::::casa	Task exportfits complete. Start time: 2023-03-26 13:12:56.673769 End time: 2023-03-26 13:13:02.137795
2023-03-26 17:13:02	INFO	exportfits::::casa	##### End Task: exportfits           #####
2023-03-26 17:13:02	INFO	exportfits::::casa	##########################################
2023-03-26 17:13:02	INFO	exportfits::::casa	##########################################
2023-03-26 17:13:02	INFO	exportfits::::casa	##### Begin Task: exportfits         #####
2023-03-26 17:13:02	INFO	exportfits::::casa	exportfits( imagename='/lustre/cv/users/jspeedie/data/images_lines/SO/v11_robust0.5/ABAur_SO.clean.JvMcorr_lowres.image.pbcor', fitsimage='/lustre/cv/users/jspeedie/data/images_lines/SO/v11_robust0.5/ABAur_SO.clean.JvMcorr_lowres.image.pbcor.fits', velocity=False, optical=False, bitpix=-32, minpix=0, maxpix=-1, overwrite=True, dropstokes=True, stokeslast=True, history=True, dropdeg=False )
2023-03-26 17:13:02	INFO	exportfits::ImageFactory::toFITS	Applying mask of name 'mask0'
2023-03-26 17:13:02	INFO	exportfits::ImageRegion::fromRecord	Selected bounding box : 
2023-03-26 17:13:02	INFO	exportfits::ImageRegion::fromRecord+	    [0, 0, 0, 0] to [2047, 2047, 0, 59]  (04:55:47.440, +30.32.43.253, I, 2.1994681e+11Hz to 04:55:44.271, +30.33.24.193, I, 2.1994318e+11Hz)
2023-03-26 17:13:02	INFO	exportfits::ImageFitsConverter::ImageHeaderToFITS 	Truncating miscinfo field useweightimage to useweigh
2023-03-26 17:13:08	INFO	exportfits::::casa	Task exportfits complete. Start time: 2023-03-26 13:13:02.141331 End time: 2023-03-26 13:13:07.611362
2023-03-26 17:13:08	INFO	exportfits::::casa	##### End Task: exportfits           #####
2023-03-26 17:13:08	INFO	exportfits::::casa	##########################################