2023-04-12 17:25:41	INFO	::casa	
2023-04-12 17:25:42	INFO	::casa	CASA Version MODULAR 6.4.3.27
2023-04-12 17:25:42	INFO	::casa	Can't import casatelemetry module.
2023-04-12 18:17:58	INFO	tclean::::casa	##########################################
2023-04-12 18:17:58	INFO	tclean::::casa	##### Begin Task: tclean             #####
2023-04-12 18:17:58	INFO	tclean::::casa	tclean( vis='workflow/step3/ABAur_continuum.ms', selectdata=True, field='', spw='', timerange='', uvrange='', antenna='', scan='', observation='', intent='', datacolumn='corrected', imagename='/lustre/cv/users/jspeedie/data/images_continuum/robust1.0/ABAur_continuum.dirty', imsize=[2048], cell=['0.02arcsec'], phasecenter='', stokes='I', projection='SIN', startmodel='', specmode='mfs', reffreq='', nchan=-1, start='', width='', outframe='LSRK', veltype='radio', restfreq=[], interpolation='linear', perchanweightdensity=True, gridder='standard', facets=1, psfphasecenter='', wprojplanes=1, vptable='', mosweight=True, aterm=True, psterm=False, wbawp=True, conjbeams=False, cfcache='', usepointing=False, computepastep=360.0, rotatepastep=360.0, pointingoffsetsigdev=[], pblimit=0.2, normtype='flatnoise', deconvolver='hogbom', scales=[], nterms=1, smallscalebias=0.6, restoration=True, restoringbeam=[], pbcor=False, outlierfile='', weighting='briggs', robust=1.0, noise='1.0Jy', npixels=0, uvtaper=[], niter=0, gain=0.1, threshold=0.0, nsigma=0.0, cycleniter=300, cyclefactor=1.0, minpsffraction=0.05, maxpsffraction=0.8, interactive=False, usemask='user', mask='circle[[04h55m45.8549s, +30.33.03.733], 3.0arcsec]', pbmask=0.0, sidelobethreshold=3.0, noisethreshold=5.0, lownoisethreshold=1.5, negativethreshold=0.0, smoothfactor=1.0, minbeamfrac=0.3, cutthreshold=0.01, growiterations=75, dogrowprune=True, minpercentchange=-1.0, verbose=False, fastnoise=True, restart=True, savemodel='none', calcres=True, calcpsf=True, psfcutoff=0.35, parallel=False )
2023-04-12 18:17:58	INFO	tclean::::casa	Verifying Input Parameters
2023-04-12 18:17:58	INFO	tclean::::casa	Making directory : /lustre/cv/users/jspeedie/data/images_continuum/robust1.0/
2023-04-12 18:17:58	INFO	SynthesisImagerVi2::selectData 	MS : workflow/step3/ABAur_continuum.ms | [Opened in readonly mode]
2023-04-12 18:18:04	INFO	SynthesisImagerVi2::selectData 	  NRows selected : 13623405
2023-04-12 18:18:27	INFO	SynthesisImagerVi2::defineImage 	Define image coordinates for [/lustre/cv/users/jspeedie/data/images_continuum/robust1.0/ABAur_continuum.dirty] : 
2023-04-12 18:18:31	INFO	SynthesisImagerVi2::defineImage 	Impars : start 
2023-04-12 18:18:31	INFO	SynthesisImagerVi2::defineImage 	Shape : [2048, 2048, 1, 1]Spectral : [2.26769e+11] at [0] with increment [1.44749e+10]
2023-04-12 18:18:31	INFO	SynthesisImagerVi2::defineImage 	Set Gridding options for [/lustre/cv/users/jspeedie/data/images_continuum/robust1.0/ABAur_continuum.dirty] with ftmachine : gridft
2023-04-12 18:18:31	INFO	SynthesisImagerVi2::nSubCubeFitInMemory	Required memory: 0.2095 GB. Available mem.: 198.5 GB (rc, mem. fraction: 80%, memory: -) => Subcubes: 1. Processes on node: 1.
2023-04-12 18:18:31	INFO	SynthesisImagerVi2::weight() 	Set imaging weights : Briggs weighting: sidelobes will be suppressed over full image
2023-04-12 18:19:11	INFO	VisSetUtil::VisImagingWeight() 	Normal robustness, robust = 1
2023-04-12 18:19:11	INFO	task_tclean::SynthesisDeconvolver::setupDeconvolution 	Set Deconvolution Options for [/lustre/cv/users/jspeedie/data/images_continuum/robust1.0/ABAur_continuum.dirty] : hogbom
2023-04-12 18:19:11	INFO	SynthesisImager::makePSF 	----------------------------------------------------------- Make PSF ---------------------------------------------
2023-04-12 18:22:34	INFO	SIImageStore::calcSensitivity 	[/lustre/cv/users/jspeedie/data/images_continuum/robust1.0/ABAur_continuum.dirty] Theoretical sensitivity (Jy/bm):2.58709e-06 
2023-04-12 18:22:34	INFO	SIImageStore::getPSFGaussian 	Time to fit Gaussian to PSF 0.06
2023-04-12 18:22:34	INFO	SIImageStore::printBeamSet 	Beam : 0.374658 arcsec, 0.259248 arcsec, -7.94507 deg
2023-04-12 18:22:34	INFO	task_tclean::SynthesisImagerVi2::makePrimaryBeam 	vi2 : Evaluating Primary Beam model onto image grid(s)
2023-04-12 18:22:45	INFO	task_tclean::SynthesisImager::executeMajorCycle 	----------------------------------------------------------- Run (Last) Major Cycle 1 -------------------------------------
2023-04-12 18:28:55	INFO	task_tclean::SDAlgorithmBase::restore 	[/lustre/cv/users/jspeedie/data/images_continuum/robust1.0/ABAur_continuum.dirty] : Restoring model image.
2023-04-12 18:28:55	WARN	task_tclean::SIImageStore::restore (file src/code/synthesis/ImagerObjects/SIImageStore.cc, line 2246)	Restoring with an empty model image. Only residuals will be processed to form the output restored image.
2023-04-12 18:28:56	INFO	task_tclean::SIImageStore::restore 	Beam for chan : 0 : 0.374658 arcsec, 0.259248 arcsec, -7.94507 deg
2023-04-12 18:28:57	INFO	tclean::::casa	Searching for images with prefix '/lustre/cv/users/jspeedie/data/images_continuum/robust1.0/ABAur_continuum.dirty'... Found these, writing history into them: ['/lustre/cv/users/jspeedie/data/images_continuum/robust1.0/ABAur_continuum.dirty.model', '/lustre/cv/users/jspeedie/data/images_continuum/robust1.0/ABAur_continuum.dirty.psf', '/lustre/cv/users/jspeedie/data/images_continuum/robust1.0/ABAur_continuum.dirty.residual', '/lustre/cv/users/jspeedie/data/images_continuum/robust1.0/ABAur_continuum.dirty.sumwt', '/lustre/cv/users/jspeedie/data/images_continuum/robust1.0/ABAur_continuum.dirty.pb', '/lustre/cv/users/jspeedie/data/images_continuum/robust1.0/ABAur_continuum.dirty.image']
2023-04-12 18:28:59	INFO	tclean::::casa	Task tclean complete. Start time: 2023-04-12 18:17:57.531644 End time: 2023-04-12 18:28:58.507443
2023-04-12 18:28:59	INFO	tclean::::casa	##### End Task: tclean               #####
2023-04-12 18:28:59	INFO	tclean::::casa	##########################################
2023-04-12 18:28:59	INFO	exportfits::::casa	##########################################
2023-04-12 18:28:59	INFO	exportfits::::casa	##### Begin Task: exportfits         #####
2023-04-12 18:28:59	INFO	exportfits::::casa	exportfits( imagename='/lustre/cv/users/jspeedie/data/images_continuum/robust1.0/ABAur_continuum.dirty.image', fitsimage='/lustre/cv/users/jspeedie/data/images_continuum/robust1.0/ABAur_continuum.dirty.image.fits', velocity=False, optical=False, bitpix=-32, minpix=0, maxpix=-1, overwrite=True, dropstokes=True, stokeslast=True, history=True, dropdeg=False )
2023-04-12 18:28:59	INFO	exportfits::ImageFactory::toFITS	Applying mask of name 'mask0'
2023-04-12 18:28:59	INFO	exportfits::ImageRegion::fromRecord	Selected bounding box : 
2023-04-12 18:28:59	INFO	exportfits::ImageRegion::fromRecord+	    [0, 0, 0, 0] to [2047, 2047, 0, 0]  (04:55:47.440, +30.32.43.253, I, 2.26769e+11Hz to 04:55:44.271, +30.33.24.193, I, 2.26769e+11Hz)
2023-04-12 18:28:59	INFO	exportfits::ImageFitsConverter::ImageHeaderToFITS 	Truncating miscinfo field useweightimage to useweigh
2023-04-12 18:28:59	INFO	exportfits::::casa	Task exportfits complete. Start time: 2023-04-12 18:28:58.510415 End time: 2023-04-12 18:28:58.601588
2023-04-12 18:28:59	INFO	exportfits::::casa	##### End Task: exportfits           #####
2023-04-12 18:28:59	INFO	exportfits::::casa	##########################################
2023-04-12 18:28:59	INFO	exportfits::::casa	##########################################
2023-04-12 18:28:59	INFO	exportfits::::casa	##### Begin Task: exportfits         #####
2023-04-12 18:28:59	INFO	exportfits::::casa	exportfits( imagename='/lustre/cv/users/jspeedie/data/images_continuum/robust1.0/ABAur_continuum.dirty.psf', fitsimage='/lustre/cv/users/jspeedie/data/images_continuum/robust1.0/ABAur_continuum.dirty.psf.fits', velocity=False, optical=False, bitpix=-32, minpix=0, maxpix=-1, overwrite=True, dropstokes=True, stokeslast=True, history=True, dropdeg=False )
2023-04-12 18:28:59	INFO	exportfits::ImageRegion::fromRecord	Selected bounding box : 
2023-04-12 18:28:59	INFO	exportfits::ImageRegion::fromRecord+	    [0, 0, 0, 0] to [2047, 2047, 0, 0]  (04:55:47.440, +30.32.43.253, I, 2.26769e+11Hz to 04:55:44.271, +30.33.24.193, I, 2.26769e+11Hz)
2023-04-12 18:28:59	INFO	exportfits::::casa	Task exportfits complete. Start time: 2023-04-12 18:28:58.603605 End time: 2023-04-12 18:28:58.701012
2023-04-12 18:28:59	INFO	exportfits::::casa	##### End Task: exportfits           #####
2023-04-12 18:28:59	INFO	exportfits::::casa	##########################################
2023-04-12 18:28:59	INFO	imstat::::casa	##########################################
2023-04-12 18:28:59	INFO	imstat::::casa	##### Begin Task: imstat             #####
2023-04-12 18:28:59	INFO	imstat::::casa	imstat( imagename='/lustre/cv/users/jspeedie/data/images_continuum/robust1.0/ABAur_continuum.dirty.image', axes=[], region="annulus[[04h55m45.8549s, +30.33.03.733],['6.00arcsec', '10.0arcsec']]", box='', chans='', stokes='', listit=True, verbose=True, mask='', stretch=False, logfile='', append=True, algorithm='classic', fence=-1.0, center='mean', lside=True, zscore=-1.0, maxiter=-1, clmethod='auto', niter=3 )
2023-04-12 18:28:59	INFO	imstat::AsciiRegionFileParser::_parse	Combined 1 image regions (which excludes any annotation regions)
2023-04-12 18:28:59	INFO	imstat::AsciiRegionFileParser::_parse	The specified region will select all pixels that are included in the region. Full pixels will be included even when they are only partially covered by the region(s).
2023-04-12 18:28:59	INFO	imstat::CasacRegionManager::fromBCS	Region read from text string annulus[[04h55m45.8549s, +30.33.03.733],['6.00arcsec', '10.0arcsec']]
2023-04-12 18:28:59	INFO	imstat::image::statistics 	Determining stats for image ABAur_continuum.dirty.image
2023-04-12 18:28:59	INFO	imstat::ImageRegion::fromRecord	Selected bounding box : 
2023-04-12 18:28:59	INFO	imstat::ImageRegion::fromRecord+	    [524, 524, 0, 0] to [1524, 1524, 0, 0]  (04:55:46.629, +30.32.53.733, I, 2.26769e+11Hz to 04:55:45.081, +30.33.13.733, I, 2.26769e+11Hz)
2023-04-12 18:28:59	INFO	imstat::ImageStatsCalculator::_logStartup	Statistics calculated using Classic algorithm
2023-04-12 18:28:59	INFO	imstat::ImageStatsCalculator::_logStartup	Regions --- 
2023-04-12 18:28:59	INFO	imstat::ImageStatsCalculator::_logStartup	         -- bottom-left corner (pixel) [blc]:  [524, 524, 0, 0]
2023-04-12 18:28:59	INFO	imstat::ImageStatsCalculator::_logStartup	         -- top-right corner (pixel) [trc]:    [1524, 1524, 0, 0]
2023-04-12 18:28:59	INFO	imstat::ImageStatsCalculator::_logStartup	         -- bottom-left corner (world) [blcf]: 04:55:46.629, +30.32.53.733, I, 2.26769e+11Hz
2023-04-12 18:28:59	INFO	imstat::ImageStatsCalculator::_logStartup	         -- top-right corner (world) [trcf]:   04:55:45.081, +30.33.13.733, I, 2.26769e+11Hz
2023-04-12 18:28:59	INFO	imstat::::	Values --- 
2023-04-12 18:28:59	INFO	imstat::::	         -- flux density [flux]:                    -0.159098 Jy
2023-04-12 18:28:59	INFO	imstat::::	         -- number of points [npts]:                502718
2023-04-12 18:28:59	INFO	imstat::::	         -- maximum value [max]:                    0.000291687 Jy/beam
2023-04-12 18:28:59	INFO	imstat::::	         -- minimum value [min]:                    -0.000383673 Jy/beam
2023-04-12 18:28:59	INFO	imstat::::	         -- position of max value (pixel) [maxpos]: [1282, 1439, 0, 0]
2023-04-12 18:28:59	INFO	imstat::::	         -- position of min value (pixel) [minpos]: [1490, 1172, 0, 0]
2023-04-12 18:28:59	INFO	imstat::::	         -- position of max value (world) [maxposf]: 04:55:45.455, +30.33.12.033, I, 2.26769e+11Hz
2023-04-12 18:28:59	INFO	imstat::::	         -- position of min value (world) [minposf]: 04:55:45.133, +30.33.06.693, I, 2.26769e+11Hz
2023-04-12 18:28:59	INFO	imstat::::	         -- Sum of pixel values [sum]:               -43.7743 Jy/beam
2023-04-12 18:28:59	INFO	imstat::::	         -- Sum of squared pixel values [sumsq]:     0.0113572 Jy/beam.Jy/beam
2023-04-12 18:28:59	INFO	imstat::::	Statistics --- 
2023-04-12 18:28:59	INFO	imstat::::	        -- Mean of the pixel values [mean]:         -8.70752e-05 Jy/beam
2023-04-12 18:28:59	INFO	imstat::::	        -- Variance of the pixel values :           1.50094e-08 Jy/beam
2023-04-12 18:28:59	INFO	imstat::::	        -- Standard deviation of the Mean [sigma]:  0.000122513 Jy/beam
2023-04-12 18:28:59	INFO	imstat::::	        -- Root mean square [rms]:                  0.000150305 Jy/beam
2023-04-12 18:28:59	INFO	imstat::::	        -- Median of the pixel values [median]:     -0.000106106 Jy/beam
2023-04-12 18:28:59	INFO	imstat::::	        -- Median of the deviations [medabsdevmed]: 8.44435e-05 Jy/beam
2023-04-12 18:28:59	INFO	imstat::::	        -- IQR [quartile]:                          0.000176594 Jy/beam
2023-04-12 18:28:59	INFO	imstat::::	        -- First quartile [q1]:                     -0.00018088 Jy/beam
2023-04-12 18:28:59	INFO	imstat::::	        -- Third quartile [q3]:                     -4.28547e-06 Jy/beam
2023-04-12 18:28:59	INFO	imstat::ImageStatsCalculator::statistics	Sum column unit = Jy/beam
2023-04-12 18:28:59	INFO	imstat::ImageStatsCalculator::statistics+	Mean column unit = Jy/beam
2023-04-12 18:28:59	INFO	imstat::ImageStatsCalculator::statistics+	Std_dev column unit = Jy/beam
2023-04-12 18:28:59	INFO	imstat::ImageStatsCalculator::statistics+	Minimum column unit = Jy/beam
2023-04-12 18:28:59	INFO	imstat::ImageStatsCalculator::statistics+	Maximum column unit = Jy/beam
2023-04-12 18:28:59	INFO	imstat::ImageStatsCalculator::statistics	Npts          Sum           Mean          Rms           Std_dev       Minimum       Maximum     
2023-04-12 18:28:59	INFO	imstat::ImageStatsCalculator::statistics	 5.027180e+05 -4.377427e+01 -8.707521e-05  1.503047e-04  1.225130e-04 -3.836727e-04  2.916871e-04
2023-04-12 18:28:59	INFO	imstat::::casa	Task imstat complete. Start time: 2023-04-12 18:28:58.797753 End time: 2023-04-12 18:28:58.926791
2023-04-12 18:28:59	INFO	imstat::::casa	##### End Task: imstat               #####
2023-04-12 18:28:59	INFO	imstat::::casa	##########################################
2023-04-12 18:28:59	INFO	tclean::::casa	##########################################
2023-04-12 18:28:59	INFO	tclean::::casa	##### Begin Task: tclean             #####
2023-04-12 18:28:59	INFO	tclean::::casa	tclean( vis='workflow/step3/ABAur_continuum.ms', selectdata=True, field='', spw='', timerange='', uvrange='', antenna='', scan='', observation='', intent='', datacolumn='corrected', imagename='/lustre/cv/users/jspeedie/data/images_continuum/robust1.0/ABAur_continuum.clean', imsize=[2048], cell=['0.02arcsec'], phasecenter='', stokes='I', projection='SIN', startmodel='', specmode='mfs', reffreq='', nchan=-1, start='', width='', outframe='LSRK', veltype='radio', restfreq=[], interpolation='linear', perchanweightdensity=True, gridder='standard', facets=1, psfphasecenter='', wprojplanes=1, vptable='', mosweight=True, aterm=True, psterm=False, wbawp=True, conjbeams=False, cfcache='', usepointing=False, computepastep=360.0, rotatepastep=360.0, pointingoffsetsigdev=[], pblimit=0.2, normtype='flatnoise', deconvolver='hogbom', scales=[], nterms=1, smallscalebias=0.6, restoration=True, restoringbeam=[], pbcor=False, outlierfile='', weighting='briggs', robust=1.0, noise='1.0Jy', npixels=0, uvtaper=[], niter=100000, gain=0.2, threshold='0.30060939mJy', nsigma=0.0, cycleniter=300, cyclefactor=1.0, minpsffraction=0.05, maxpsffraction=0.8, interactive=False, usemask='user', mask='circle[[04h55m45.8549s, +30.33.03.733], 3.0arcsec]', pbmask=0.0, sidelobethreshold=3.0, noisethreshold=5.0, lownoisethreshold=1.5, negativethreshold=0.0, smoothfactor=1.0, minbeamfrac=0.3, cutthreshold=0.01, growiterations=75, dogrowprune=True, minpercentchange=-1.0, verbose=False, fastnoise=True, restart=True, savemodel='none', calcres=True, calcpsf=True, psfcutoff=0.35, parallel=False )
2023-04-12 18:28:59	INFO	tclean::::casa	Verifying Input Parameters
2023-04-12 18:28:59	INFO	SynthesisImagerVi2::selectData 	MS : workflow/step3/ABAur_continuum.ms | [Opened in readonly mode]
2023-04-12 18:29:05	INFO	SynthesisImagerVi2::selectData 	  NRows selected : 13623405
2023-04-12 18:29:29	INFO	SynthesisImagerVi2::defineImage 	Define image coordinates for [/lustre/cv/users/jspeedie/data/images_continuum/robust1.0/ABAur_continuum.clean] : 
2023-04-12 18:29:34	INFO	SynthesisImagerVi2::defineImage 	Impars : start 
2023-04-12 18:29:34	INFO	SynthesisImagerVi2::defineImage 	Shape : [2048, 2048, 1, 1]Spectral : [2.26769e+11] at [0] with increment [1.44749e+10]
2023-04-12 18:29:34	INFO	SynthesisImagerVi2::defineImage 	Set Gridding options for [/lustre/cv/users/jspeedie/data/images_continuum/robust1.0/ABAur_continuum.clean] with ftmachine : gridft
2023-04-12 18:29:34	INFO	SynthesisImagerVi2::nSubCubeFitInMemory	Required memory: 0.2095 GB. Available mem.: 169.8 GB (rc, mem. fraction: 80%, memory: -) => Subcubes: 1. Processes on node: 1.
2023-04-12 18:29:34	INFO	SynthesisImagerVi2::weight() 	Set imaging weights : Briggs weighting: sidelobes will be suppressed over full image
2023-04-12 18:30:15	INFO	VisSetUtil::VisImagingWeight() 	Normal robustness, robust = 1
2023-04-12 18:30:15	INFO	task_tclean::SynthesisDeconvolver::setupDeconvolution 	Set Deconvolution Options for [/lustre/cv/users/jspeedie/data/images_continuum/robust1.0/ABAur_continuum.clean] : hogbom
2023-04-12 18:30:15	INFO	task_tclean::SynthesisImager::makePSF 	----------------------------------------------------------- Make PSF ---------------------------------------------
2023-04-12 18:35:32	INFO	task_tclean::SIImageStore::calcSensitivity 	[/lustre/cv/users/jspeedie/data/images_continuum/robust1.0/ABAur_continuum.clean] Theoretical sensitivity (Jy/bm):2.58709e-06 
2023-04-12 18:35:32	INFO	task_tclean::SIImageStore::getPSFGaussian 	Time to fit Gaussian to PSF 0.08
2023-04-12 18:35:32	INFO	task_tclean::SIImageStore::printBeamSet 	Beam : 0.374658 arcsec, 0.259248 arcsec, -7.94507 deg
2023-04-12 18:35:32	INFO	task_tclean::SynthesisImagerVi2::makePrimaryBeam 	vi2 : Evaluating Primary Beam model onto image grid(s)
2023-04-12 18:35:41	INFO	task_tclean::SynthesisImager::executeMajorCycle 	----------------------------------------------------------- Run Major Cycle 1 -------------------------------------
2023-04-12 18:40:25	INFO	task_tclean::SynthesisDeconvolver::initMinorCycle 	 Absolute Peak residual within mask : 0.00682777, over full image : 0.00682777
2023-04-12 18:40:25	INFO	SynthesisDeconvolver::setupMask 	[/lustre/cv/users/jspeedie/data/images_continuum/robust1.0/ABAur_continuum.clean] Setting up a mask from [circle[[04h55m45.8549s, +30.33.03.733], 3.0arcsec]]
2023-04-12 18:40:26	INFO	CasacRegionManager::fromBCS	No directional region specified. Using full positional plane.
2023-04-12 18:40:26	INFO	CasacRegionManager::fromBCS	Using all spectral channels.
2023-04-12 18:40:26	INFO	CasacRegionManager::fromBCS	Using polarizations ALL
2023-04-12 18:40:26	INFO		You've specified explicitly that the spectral axis should be regridded. However, the input image has a degenerate spectral axis and so it cannot be regridded. Instead, the resulting single output channel will be replicated 1 times in the output image.
2023-04-12 18:40:26	INFO	ImageMaskAttacher::makeMask	Created and initialized mask `mask0'
2023-04-12 18:40:26	INFO	SDMaskHandler::fillMask 	IT'S A CONCATImage
2023-04-12 18:40:26	INFO	SDMaskHandler::fillMask 	Reading text mask: circle[[04h55m45.8549s, +30.33.03.733], 3.0arcsec]
2023-04-12 18:40:26	INFO	AsciiRegionFileParser::_parse	Combined 1 image regions (which excludes any annotation regions)
2023-04-12 18:40:26	INFO	AsciiRegionFileParser::_parse	The specified region will select all pixels that are included in the region. Full pixels will be included even when they are only partially covered by the region(s).
2023-04-12 18:40:26	INFO	SynthesisDeconvolver::setupMask 	----------------------------------------------------------------------------------------------------------------------------------------
2023-04-12 18:40:26	INFO	SynthesisDeconvolver::setupMask 	[/lustre/cv/users/jspeedie/data/images_continuum/robust1.0/ABAur_continuum.clean] Number of pixels in the clean mask : 70674 out of a total of 4.1943e+06 pixels. [ 1.685 % ]
2023-04-12 18:40:26	INFO	SynthesisDeconvolver::initMinorCycle 	 Absolute Peak residual within mask : 0.00682777, over full image : 0.00682777
2023-04-12 18:40:26	INFO	task_tclean::SDAlgorithmBase::deconvolve 	[/lustre/cv/users/jspeedie/data/images_continuum/robust1.0/ABAur_continuum.clean] Run Hogbom minor-cycle | CycleThreshold=0.00152371, CycleNiter=300, Gain=0.2
2023-04-12 18:40:27	INFO	task_tclean::SDAlgorithmBase::deconvolve 	[/lustre/cv/users/jspeedie/data/images_continuum/robust1.0/ABAur_continuum.clean] iters=0->86 [86], model=0->0.0473453, peakres=0.00682777->0.0015195, Reached cyclethreshold.
2023-04-12 18:40:27	INFO	task_tclean::grpcInteractiveCleanManager::mergeCycleExecutionRecord 	Completed 86 iterations.
2023-04-12 18:40:27	INFO	task_tclean::SynthesisImager::executeMajorCycle 	----------------------------------------------------------- Run Major Cycle 2 -------------------------------------
2023-04-12 18:48:13	INFO	task_tclean::SynthesisDeconvolver::initMinorCycle 	 Absolute Peak residual within mask : 0.00151949, over full image : 0.00151949
2023-04-12 18:48:13	INFO	SDAlgorithmBase::deconvolve 	[/lustre/cv/users/jspeedie/data/images_continuum/robust1.0/ABAur_continuum.clean] Run Hogbom minor-cycle | CycleThreshold=0.000339095, CycleNiter=300, Gain=0.2
2023-04-12 18:48:15	INFO	SDAlgorithmBase::deconvolve 	[/lustre/cv/users/jspeedie/data/images_continuum/robust1.0/ABAur_continuum.clean] iters=0->195 [195], model=0.0473453->0.0765581, peakres=0.00151949->0.000338517, Reached cyclethreshold.
2023-04-12 18:48:15	INFO	grpcInteractiveCleanManager::mergeCycleExecutionRecord 	Completed 281 iterations.
2023-04-12 18:48:15	INFO	task_tclean::SynthesisImager::executeMajorCycle 	----------------------------------------------------------- Run Major Cycle 3 -------------------------------------
2023-04-12 19:08:59	INFO	task_tclean::SynthesisDeconvolver::initMinorCycle 	 Absolute Peak residual within mask : 0.000338515, over full image : 0.000338515
2023-04-12 19:08:59	INFO	SDAlgorithmBase::deconvolve 	[/lustre/cv/users/jspeedie/data/images_continuum/robust1.0/ABAur_continuum.clean] Run Hogbom minor-cycle | CycleThreshold=0.000300609, CycleNiter=300, Gain=0.2
2023-04-12 19:09:00	INFO	SDAlgorithmBase::deconvolve 	[/lustre/cv/users/jspeedie/data/images_continuum/robust1.0/ABAur_continuum.clean] iters=0->22 [22], model=0.076558->0.0779613, peakres=0.000338515->0.000299836, Reached cyclethreshold.
2023-04-12 19:09:00	INFO	grpcInteractiveCleanManager::mergeCycleExecutionRecord 	Completed 303 iterations.
2023-04-12 19:09:00	INFO	task_tclean::SynthesisImager::executeMajorCycle 	----------------------------------------------------------- Run (Last) Major Cycle 4 -------------------------------------
2023-04-12 19:22:59	INFO	task_tclean::SynthesisDeconvolver::initMinorCycle 	 Absolute Peak residual within mask : 0.000299836, over full image : 0.000299836
2023-04-12 19:22:59	INFO	tclean::::casa	Reached global stopping criterion : threshold
2023-04-12 19:22:59	INFO	SDAlgorithmBase::restore 	[/lustre/cv/users/jspeedie/data/images_continuum/robust1.0/ABAur_continuum.clean] : Restoring model image.
2023-04-12 19:22:59	INFO	SIImageStore::restore 	Beam for chan : 0 : 0.374658 arcsec, 0.259248 arcsec, -7.94507 deg
2023-04-12 19:23:01	INFO	tclean::::casa	Searching for images with prefix '/lustre/cv/users/jspeedie/data/images_continuum/robust1.0/ABAur_continuum.clean'... Found these, writing history into them: ['/lustre/cv/users/jspeedie/data/images_continuum/robust1.0/ABAur_continuum.clean.mask', '/lustre/cv/users/jspeedie/data/images_continuum/robust1.0/ABAur_continuum.clean.sumwt', '/lustre/cv/users/jspeedie/data/images_continuum/robust1.0/ABAur_continuum.clean.model', '/lustre/cv/users/jspeedie/data/images_continuum/robust1.0/ABAur_continuum.clean.psf', '/lustre/cv/users/jspeedie/data/images_continuum/robust1.0/ABAur_continuum.clean.pb', '/lustre/cv/users/jspeedie/data/images_continuum/robust1.0/ABAur_continuum.clean.image', '/lustre/cv/users/jspeedie/data/images_continuum/robust1.0/ABAur_continuum.clean.residual']
2023-04-12 19:23:02	INFO	tclean::::casa	Task tclean complete. Start time: 2023-04-12 18:28:59.059363 End time: 2023-04-12 19:23:01.583463
2023-04-12 19:23:02	INFO	tclean::::casa	##### End Task: tclean               #####
2023-04-12 19:23:02	INFO	tclean::::casa	##########################################
2023-04-12 19:23:02	INFO	exportfits::::casa	##########################################
2023-04-12 19:23:02	INFO	exportfits::::casa	##### Begin Task: exportfits         #####
2023-04-12 19:23:02	INFO	exportfits::::casa	exportfits( imagename='/lustre/cv/users/jspeedie/data/images_continuum/robust1.0/ABAur_continuum.clean.residual', fitsimage='/lustre/cv/users/jspeedie/data/images_continuum/robust1.0/ABAur_continuum.clean.residual.fits', velocity=False, optical=False, bitpix=-32, minpix=0, maxpix=-1, overwrite=True, dropstokes=True, stokeslast=True, history=True, dropdeg=False )
2023-04-12 19:23:02	INFO	exportfits::ImageFactory::toFITS	Applying mask of name 'mask0'
2023-04-12 19:23:02	INFO	exportfits::ImageRegion::fromRecord	Selected bounding box : 
2023-04-12 19:23:02	INFO	exportfits::ImageRegion::fromRecord+	    [0, 0, 0, 0] to [2047, 2047, 0, 0]  (04:55:47.440, +30.32.43.253, I, 2.26769e+11Hz to 04:55:44.271, +30.33.24.193, I, 2.26769e+11Hz)
2023-04-12 19:23:02	INFO	exportfits::::casa	Task exportfits complete. Start time: 2023-04-12 19:23:01.599149 End time: 2023-04-12 19:23:01.816695
2023-04-12 19:23:02	INFO	exportfits::::casa	##### End Task: exportfits           #####
2023-04-12 19:23:02	INFO	exportfits::::casa	##########################################
2023-04-12 19:23:02	INFO	exportfits::::casa	##########################################
2023-04-12 19:23:02	INFO	exportfits::::casa	##### Begin Task: exportfits         #####
2023-04-12 19:23:02	INFO	exportfits::::casa	exportfits( imagename='/lustre/cv/users/jspeedie/data/images_continuum/robust1.0/ABAur_continuum.clean.psf', fitsimage='/lustre/cv/users/jspeedie/data/images_continuum/robust1.0/ABAur_continuum.clean.psf.fits', velocity=False, optical=False, bitpix=-32, minpix=0, maxpix=-1, overwrite=True, dropstokes=True, stokeslast=True, history=True, dropdeg=False )
2023-04-12 19:23:02	INFO	exportfits::ImageRegion::fromRecord	Selected bounding box : 
2023-04-12 19:23:02	INFO	exportfits::ImageRegion::fromRecord+	    [0, 0, 0, 0] to [2047, 2047, 0, 0]  (04:55:47.440, +30.32.43.253, I, 2.26769e+11Hz to 04:55:44.271, +30.33.24.193, I, 2.26769e+11Hz)
2023-04-12 19:23:02	INFO	exportfits::::casa	Task exportfits complete. Start time: 2023-04-12 19:23:01.819883 End time: 2023-04-12 19:23:01.902337
2023-04-12 19:23:02	INFO	exportfits::::casa	##### End Task: exportfits           #####
2023-04-12 19:23:02	INFO	exportfits::::casa	##########################################
2023-04-12 19:23:02	INFO	exportfits::::casa	##########################################
2023-04-12 19:23:02	INFO	exportfits::::casa	##### Begin Task: exportfits         #####
2023-04-12 19:23:02	INFO	exportfits::::casa	exportfits( imagename='/lustre/cv/users/jspeedie/data/images_continuum/robust1.0/ABAur_continuum.clean.model', fitsimage='/lustre/cv/users/jspeedie/data/images_continuum/robust1.0/ABAur_continuum.clean.model.fits', velocity=False, optical=False, bitpix=-32, minpix=0, maxpix=-1, overwrite=True, dropstokes=True, stokeslast=True, history=True, dropdeg=False )
2023-04-12 19:23:02	INFO	exportfits::ImageRegion::fromRecord	Selected bounding box : 
2023-04-12 19:23:02	INFO	exportfits::ImageRegion::fromRecord+	    [0, 0, 0, 0] to [2047, 2047, 0, 0]  (04:55:47.440, +30.32.43.253, I, 2.26769e+11Hz to 04:55:44.271, +30.33.24.193, I, 2.26769e+11Hz)
2023-04-12 19:23:02	INFO	exportfits::ImageFitsConverter::ImageHeaderToFITS 	Truncating miscinfo field useweightimage to useweigh
2023-04-12 19:23:02	INFO	exportfits::::casa	Task exportfits complete. Start time: 2023-04-12 19:23:01.907843 End time: 2023-04-12 19:23:01.986343
2023-04-12 19:23:02	INFO	exportfits::::casa	##### End Task: exportfits           #####
2023-04-12 19:23:02	INFO	exportfits::::casa	##########################################
2023-04-12 19:23:02	INFO	imsmooth::::casa	##########################################
2023-04-12 19:23:02	INFO	imsmooth::::casa	##### Begin Task: imsmooth           #####
2023-04-12 19:23:02	INFO	imsmooth::::casa	imsmooth( imagename='/lustre/cv/users/jspeedie/data/images_continuum/robust1.0/ABAur_continuum.clean.model', kernel='gauss', major='0.3746582269668579arcsec', minor='0.25924789905548096arcsec', pa='-7.945068359375deg', targetres=True, kimage='', scale=-1.0, region='', box='', chans='', stokes='', mask='', outfile='/lustre/cv/users/jspeedie/data/images_continuum/robust1.0/ABAur_continuum.clean_convolved_model_temp.image', stretch=False, overwrite=False, beam='' )
2023-04-12 19:23:02	INFO	imsmooth::CasacRegionManager::fromBCS	No directional region specified. Using full positional plane.
2023-04-12 19:23:02	INFO	imsmooth::CasacRegionManager::fromBCS	Using all spectral channels.
2023-04-12 19:23:02	INFO	imsmooth::CasacRegionManager::fromBCS	Using polarizations ALL
2023-04-12 19:23:02	INFO	imsmooth::Image2DConvolver<T>::_doSingleBeam	Convolving image that has a beam of major: 0 arcsec, minor: 0 arcsec, pa: 0 deg with a Gaussian of major: 0.374658 arcsec, minor: 0.259248 arcsec, pa: -7.94507 deg to reach a target resolution of major: 0.374658 arcsec, minor: 0.259248 arcsec, pa: -7.94507 deg
2023-04-12 19:23:02	INFO	imsmooth::Image2DConvolver::_dealWithRestoringBeam	You are convolving the sky
2023-04-12 19:23:02	INFO	imsmooth::Image2DConvolver::_dealWithRestoringBeam	Scaling pixel values by 1
2023-04-12 19:23:04	INFO	imsmooth::Image2DConvolver::_dealWithRestoringBeam	Original /lustre/cv/users/jspeedie/data/images_continuum/robust1.0/ABAur_continuum.clean.model has no beam
2023-04-12 19:23:04	INFO	imsmooth::Image2DConvolver::_dealWithRestoringBeam	Output /lustre/cv/users/jspeedie/data/images_continuum/robust1.0/ABAur_continuum.clean_convolved_model_temp.image resolution major: 0.374658 arcsec, minor: 0.259248 arcsec, pa: -7.94507 deg
2023-04-12 19:23:05	INFO	imsmooth::SubImageFactory::createImage	Creating image '/lustre/cv/users/jspeedie/data/images_continuum/robust1.0/ABAur_continuum.clean_convolved_model_temp.image' of shape [2048, 2048, 1, 1]
2023-04-12 19:23:05	INFO	imsmooth::::casa	Task imsmooth complete. Start time: 2023-04-12 19:23:02.114344 End time: 2023-04-12 19:23:04.663230
2023-04-12 19:23:05	INFO	imsmooth::::casa	##### End Task: imsmooth             #####
2023-04-12 19:23:05	INFO	imsmooth::::casa	##########################################
2023-04-12 19:23:05	INFO	immath::::casa	##########################################
2023-04-12 19:23:05	INFO	immath::::casa	##### Begin Task: immath             #####
2023-04-12 19:23:05	INFO	immath::::casa	immath( imagename=['/lustre/cv/users/jspeedie/data/images_continuum/robust1.0/ABAur_continuum.clean_convolved_model_temp.image', '/lustre/cv/users/jspeedie/data/images_continuum/robust1.0/ABAur_continuum.clean.residual'], mode='evalexpr', outfile='/lustre/cv/users/jspeedie/data/images_continuum/robust1.0/ABAur_continuum.clean.JvMcorr.image', expr='IM0 + 0.353136421066505*IM1', varnames='', sigma='0.0mJy/beam', polithresh='', mask='', region='', box='', chans='', stokes='', stretch=False, imagemd='/lustre/cv/users/jspeedie/data/images_continuum/robust1.0/ABAur_continuum.clean_convolved_model_temp.image', prec='float' )
2023-04-12 19:23:05	WARN	ImageExprCalculator::compute	image units are not the same: 'Jy/beam' vs ''. Proceed with caution. Output image metadata will be copied from image /lustre/cv/users/jspeedie/data/images_continuum/robust1.0/ABAur_continuum.clean_convolved_model_temp.image
2023-04-12 19:23:05	INFO	ImageExprCalculator::_imagecalc	Creating image `/lustre/cv/users/jspeedie/data/images_continuum/robust1.0/ABAur_continuum.clean.JvMcorr.image' of shape [2048, 2048, 1, 1]
2023-04-12 19:23:06	INFO	ImageMaskAttacher::makeMask	Created mask `mask0'
2023-04-12 19:23:07	INFO	immath::::casa	Task immath complete. Start time: 2023-04-12 19:23:04.666237 End time: 2023-04-12 19:23:06.973956
2023-04-12 19:23:07	INFO	immath::::casa	##### End Task: immath               #####
2023-04-12 19:23:07	INFO	immath::::casa	##########################################
2023-04-12 19:23:07	INFO	exportfits::::casa	##########################################
2023-04-12 19:23:07	INFO	exportfits::::casa	##### Begin Task: exportfits         #####
2023-04-12 19:23:07	INFO	exportfits::::casa	exportfits( imagename='/lustre/cv/users/jspeedie/data/images_continuum/robust1.0/ABAur_continuum.clean_convolved_model_temp.image', fitsimage='/lustre/cv/users/jspeedie/data/images_continuum/robust1.0/ABAur_continuum.clean_convolved_model_temp.image.fits', velocity=False, optical=False, bitpix=-32, minpix=0, maxpix=-1, overwrite=True, dropstokes=True, stokeslast=True, history=True, dropdeg=False )
2023-04-12 19:23:07	INFO	exportfits::ImageRegion::fromRecord	Selected bounding box : 
2023-04-12 19:23:07	INFO	exportfits::ImageRegion::fromRecord+	    [0, 0, 0, 0] to [2047, 2047, 0, 0]  (04:55:47.440, +30.32.43.253, I, 2.26769e+11Hz to 04:55:44.271, +30.33.24.193, I, 2.26769e+11Hz)
2023-04-12 19:23:07	INFO	exportfits::ImageFitsConverter::ImageHeaderToFITS 	Truncating miscinfo field useweightimage to useweigh
2023-04-12 19:23:07	INFO	exportfits::::casa	Task exportfits complete. Start time: 2023-04-12 19:23:06.977227 End time: 2023-04-12 19:23:07.055431
2023-04-12 19:23:07	INFO	exportfits::::casa	##### End Task: exportfits           #####
2023-04-12 19:23:07	INFO	exportfits::::casa	##########################################
2023-04-12 19:23:07	INFO	imsmooth::::casa	##########################################
2023-04-12 19:23:07	INFO	imsmooth::::casa	##### Begin Task: imsmooth           #####
2023-04-12 19:23:07	INFO	imsmooth::::casa	imsmooth( imagename='/lustre/cv/users/jspeedie/data/images_continuum/robust1.0/ABAur_continuum.clean.model', kernel='gauss', major='0.6304694073805553arcsec', minor='0.4362585885418756arcsec', pa='-7.945068359375deg', targetres=True, kimage='', scale=-1.0, region='', box='', chans='', stokes='', mask='', outfile='/lustre/cv/users/jspeedie/data/images_continuum/robust1.0/ABAur_continuum.clean_convolved_model_temp.image', stretch=False, overwrite=False, beam='' )
2023-04-12 19:23:07	INFO	imsmooth::CasacRegionManager::fromBCS	No directional region specified. Using full positional plane.
2023-04-12 19:23:07	INFO	imsmooth::CasacRegionManager::fromBCS	Using all spectral channels.
2023-04-12 19:23:07	INFO	imsmooth::CasacRegionManager::fromBCS	Using polarizations ALL
2023-04-12 19:23:07	INFO	imsmooth::Image2DConvolver<T>::_doSingleBeam	Convolving image that has a beam of major: 0 arcsec, minor: 0 arcsec, pa: 0 deg with a Gaussian of major: 0.630469 arcsec, minor: 0.436259 arcsec, pa: -7.94507 deg to reach a target resolution of major: 0.630469 arcsec, minor: 0.436259 arcsec, pa: -7.94507 deg
2023-04-12 19:23:07	INFO	imsmooth::Image2DConvolver::_dealWithRestoringBeam	You are convolving the sky
2023-04-12 19:23:07	INFO	imsmooth::Image2DConvolver::_dealWithRestoringBeam	Scaling pixel values by 1
2023-04-12 19:23:08	INFO	imsmooth::Image2DConvolver::_dealWithRestoringBeam	Original /lustre/cv/users/jspeedie/data/images_continuum/robust1.0/ABAur_continuum.clean.model has no beam
2023-04-12 19:23:08	INFO	imsmooth::Image2DConvolver::_dealWithRestoringBeam	Output /lustre/cv/users/jspeedie/data/images_continuum/robust1.0/ABAur_continuum.clean_convolved_model_temp.image resolution major: 0.630469 arcsec, minor: 0.436259 arcsec, pa: -7.94507 deg
2023-04-12 19:23:08	INFO	imsmooth::SubImageFactory::createImage	Creating image '/lustre/cv/users/jspeedie/data/images_continuum/robust1.0/ABAur_continuum.clean_convolved_model_temp.image' of shape [2048, 2048, 1, 1]
2023-04-12 19:23:08	INFO	imsmooth::::casa	Task imsmooth complete. Start time: 2023-04-12 19:23:07.073384 End time: 2023-04-12 19:23:08.349991
2023-04-12 19:23:08	INFO	imsmooth::::casa	##### End Task: imsmooth             #####
2023-04-12 19:23:08	INFO	imsmooth::::casa	##########################################
2023-04-12 19:23:08	INFO	immath::::casa	##########################################
2023-04-12 19:23:08	INFO	immath::::casa	##### Begin Task: immath             #####
2023-04-12 19:23:08	INFO	immath::::casa	immath( imagename=['/lustre/cv/users/jspeedie/data/images_continuum/robust1.0/ABAur_continuum.clean_convolved_model_temp.image', '/lustre/cv/users/jspeedie/data/images_continuum/robust1.0/ABAur_continuum.clean.residual'], mode='evalexpr', outfile='/lustre/cv/users/jspeedie/data/images_continuum/robust1.0/ABAur_continuum.clean.JvMcorr_lowres.image', expr='IM0 + IM1', varnames='', sigma='0.0mJy/beam', polithresh='', mask='', region='', box='', chans='', stokes='', stretch=False, imagemd='/lustre/cv/users/jspeedie/data/images_continuum/robust1.0/ABAur_continuum.clean_convolved_model_temp.image', prec='float' )
2023-04-12 19:23:08	WARN	ImageExprCalculator::compute	image units are not the same: 'Jy/beam' vs ''. Proceed with caution. Output image metadata will be copied from image /lustre/cv/users/jspeedie/data/images_continuum/robust1.0/ABAur_continuum.clean_convolved_model_temp.image
2023-04-12 19:23:08	INFO	ImageExprCalculator::_imagecalc	Creating image `/lustre/cv/users/jspeedie/data/images_continuum/robust1.0/ABAur_continuum.clean.JvMcorr_lowres.image' of shape [2048, 2048, 1, 1]
2023-04-12 19:23:08	INFO	ImageMaskAttacher::makeMask	Created mask `mask0'
2023-04-12 19:23:09	INFO	immath::::casa	Task immath complete. Start time: 2023-04-12 19:23:08.352963 End time: 2023-04-12 19:23:08.719965
2023-04-12 19:23:09	INFO	immath::::casa	##### End Task: immath               #####
2023-04-12 19:23:09	INFO	immath::::casa	##########################################
2023-04-12 19:23:09	INFO	impbcor::::casa	##########################################
2023-04-12 19:23:09	INFO	impbcor::::casa	##### Begin Task: impbcor            #####
2023-04-12 19:23:09	INFO	impbcor::::casa	impbcor( imagename='/lustre/cv/users/jspeedie/data/images_continuum/robust1.0/ABAur_continuum.clean.image', pbimage='/lustre/cv/users/jspeedie/data/images_continuum/robust1.0/ABAur_continuum.clean.pb', outfile='/lustre/cv/users/jspeedie/data/images_continuum/robust1.0/ABAur_continuum.clean.image.pbcor', overwrite=True, box='', region='', chans='', stokes='', mask='', mode='divide', cutoff=-1.0, stretch=False )
2023-04-12 19:23:09	INFO	impbcor::CasacRegionManager::fromBCS	No directional region specified. Using full positional plane.
2023-04-12 19:23:09	INFO	impbcor::CasacRegionManager::fromBCS	Using all spectral channels.
2023-04-12 19:23:09	INFO	impbcor::CasacRegionManager::fromBCS	Using polarizations ALL
2023-04-12 19:23:09	INFO	impbcor::ImageRegion::fromRecord	Selected bounding box : 
2023-04-12 19:23:09	INFO	impbcor::ImageRegion::fromRecord+	    [0, 0, 0, 0] to [2047, 2047, 0, 0]  (04:55:47.440, +30.32.43.253, I, 2.26769e+11Hz to 04:55:44.271, +30.33.24.193, I, 2.26769e+11Hz)
2023-04-12 19:23:09	INFO	impbcor::ImageRegion::fromRecord	Selected bounding box : 
2023-04-12 19:23:09	INFO	impbcor::ImageRegion::fromRecord+	    [0, 0, 0, 0] to [2047, 2047, 0, 0]  (04:55:47.440, +30.32.43.253, I, 2.26769e+11Hz to 04:55:44.271, +30.33.24.193, I, 2.26769e+11Hz)
2023-04-12 19:23:09	INFO	impbcor::SubImageFactory::createImage	Creating image '/lustre/cv/users/jspeedie/data/images_continuum/robust1.0/ABAur_continuum.clean.image.pbcor' of shape [2048, 2048, 1, 1]
2023-04-12 19:23:10	INFO	impbcor::ImageMaskAttacher::makeMask	Created mask `mask0'
2023-04-12 19:23:11	INFO	impbcor::::casa	Task impbcor complete. Start time: 2023-04-12 19:23:08.737252 End time: 2023-04-12 19:23:10.793463
2023-04-12 19:23:11	INFO	impbcor::::casa	##### End Task: impbcor              #####
2023-04-12 19:23:11	INFO	impbcor::::casa	##########################################
2023-04-12 19:23:11	INFO	impbcor::::casa	##########################################
2023-04-12 19:23:11	INFO	impbcor::::casa	##### Begin Task: impbcor            #####
2023-04-12 19:23:11	INFO	impbcor::::casa	impbcor( imagename='/lustre/cv/users/jspeedie/data/images_continuum/robust1.0/ABAur_continuum.clean.JvMcorr.image', pbimage='/lustre/cv/users/jspeedie/data/images_continuum/robust1.0/ABAur_continuum.clean.pb', outfile='/lustre/cv/users/jspeedie/data/images_continuum/robust1.0/ABAur_continuum.clean.JvMcorr.image.pbcor', overwrite=True, box='', region='', chans='', stokes='', mask='', mode='divide', cutoff=-1.0, stretch=False )
2023-04-12 19:23:11	INFO	impbcor::CasacRegionManager::fromBCS	No directional region specified. Using full positional plane.
2023-04-12 19:23:11	INFO	impbcor::CasacRegionManager::fromBCS	Using all spectral channels.
2023-04-12 19:23:11	INFO	impbcor::CasacRegionManager::fromBCS	Using polarizations ALL
2023-04-12 19:23:11	INFO	impbcor::ImageRegion::fromRecord	Selected bounding box : 
2023-04-12 19:23:11	INFO	impbcor::ImageRegion::fromRecord+	    [0, 0, 0, 0] to [2047, 2047, 0, 0]  (04:55:47.440, +30.32.43.253, I, 2.26769e+11Hz to 04:55:44.271, +30.33.24.193, I, 2.26769e+11Hz)
2023-04-12 19:23:11	INFO	impbcor::ImageRegion::fromRecord	Selected bounding box : 
2023-04-12 19:23:11	INFO	impbcor::ImageRegion::fromRecord+	    [0, 0, 0, 0] to [2047, 2047, 0, 0]  (04:55:47.440, +30.32.43.253, I, 2.26769e+11Hz to 04:55:44.271, +30.33.24.193, I, 2.26769e+11Hz)
2023-04-12 19:23:11	INFO	impbcor::SubImageFactory::createImage	Creating image '/lustre/cv/users/jspeedie/data/images_continuum/robust1.0/ABAur_continuum.clean.JvMcorr.image.pbcor' of shape [2048, 2048, 1, 1]
2023-04-12 19:23:11	INFO	impbcor::ImageMaskAttacher::makeMask	Created mask `mask0'
2023-04-12 19:23:11	INFO	impbcor::::casa	Task impbcor complete. Start time: 2023-04-12 19:23:10.797241 End time: 2023-04-12 19:23:11.325904
2023-04-12 19:23:11	INFO	impbcor::::casa	##### End Task: impbcor              #####
2023-04-12 19:23:11	INFO	impbcor::::casa	##########################################
2023-04-12 19:23:11	INFO	impbcor::::casa	##########################################
2023-04-12 19:23:11	INFO	impbcor::::casa	##### Begin Task: impbcor            #####
2023-04-12 19:23:11	INFO	impbcor::::casa	impbcor( imagename='/lustre/cv/users/jspeedie/data/images_continuum/robust1.0/ABAur_continuum.clean.JvMcorr_lowres.image', pbimage='/lustre/cv/users/jspeedie/data/images_continuum/robust1.0/ABAur_continuum.clean.pb', outfile='/lustre/cv/users/jspeedie/data/images_continuum/robust1.0/ABAur_continuum.clean.JvMcorr_lowres.image.pbcor', overwrite=True, box='', region='', chans='', stokes='', mask='', mode='divide', cutoff=-1.0, stretch=False )
2023-04-12 19:23:11	INFO	impbcor::CasacRegionManager::fromBCS	No directional region specified. Using full positional plane.
2023-04-12 19:23:11	INFO	impbcor::CasacRegionManager::fromBCS	Using all spectral channels.
2023-04-12 19:23:11	INFO	impbcor::CasacRegionManager::fromBCS	Using polarizations ALL
2023-04-12 19:23:11	INFO	impbcor::ImageRegion::fromRecord	Selected bounding box : 
2023-04-12 19:23:11	INFO	impbcor::ImageRegion::fromRecord+	    [0, 0, 0, 0] to [2047, 2047, 0, 0]  (04:55:47.440, +30.32.43.253, I, 2.26769e+11Hz to 04:55:44.271, +30.33.24.193, I, 2.26769e+11Hz)
2023-04-12 19:23:11	INFO	impbcor::ImageRegion::fromRecord	Selected bounding box : 
2023-04-12 19:23:11	INFO	impbcor::ImageRegion::fromRecord+	    [0, 0, 0, 0] to [2047, 2047, 0, 0]  (04:55:47.440, +30.32.43.253, I, 2.26769e+11Hz to 04:55:44.271, +30.33.24.193, I, 2.26769e+11Hz)
2023-04-12 19:23:11	INFO	impbcor::SubImageFactory::createImage	Creating image '/lustre/cv/users/jspeedie/data/images_continuum/robust1.0/ABAur_continuum.clean.JvMcorr_lowres.image.pbcor' of shape [2048, 2048, 1, 1]
2023-04-12 19:23:12	INFO	impbcor::ImageMaskAttacher::makeMask	Created mask `mask0'
2023-04-12 19:23:13	INFO	impbcor::::casa	Task impbcor complete. Start time: 2023-04-12 19:23:11.328934 End time: 2023-04-12 19:23:13.050559
2023-04-12 19:23:13	INFO	impbcor::::casa	##### End Task: impbcor              #####
2023-04-12 19:23:13	INFO	impbcor::::casa	##########################################
2023-04-12 19:23:13	INFO	exportfits::::casa	##########################################
2023-04-12 19:23:13	INFO	exportfits::::casa	##### Begin Task: exportfits         #####
2023-04-12 19:23:13	INFO	exportfits::::casa	exportfits( imagename='/lustre/cv/users/jspeedie/data/images_continuum/robust1.0/ABAur_continuum.clean.image', fitsimage='/lustre/cv/users/jspeedie/data/images_continuum/robust1.0/ABAur_continuum.clean.image.fits', velocity=False, optical=False, bitpix=-32, minpix=0, maxpix=-1, overwrite=True, dropstokes=True, stokeslast=True, history=True, dropdeg=False )
2023-04-12 19:23:13	INFO	exportfits::ImageFactory::toFITS	Applying mask of name 'mask0'
2023-04-12 19:23:13	INFO	exportfits::ImageRegion::fromRecord	Selected bounding box : 
2023-04-12 19:23:13	INFO	exportfits::ImageRegion::fromRecord+	    [0, 0, 0, 0] to [2047, 2047, 0, 0]  (04:55:47.440, +30.32.43.253, I, 2.26769e+11Hz to 04:55:44.271, +30.33.24.193, I, 2.26769e+11Hz)
2023-04-12 19:23:13	INFO	exportfits::ImageFitsConverter::ImageHeaderToFITS 	Truncating miscinfo field useweightimage to useweigh
2023-04-12 19:23:13	INFO	exportfits::::casa	Task exportfits complete. Start time: 2023-04-12 19:23:13.054492 End time: 2023-04-12 19:23:13.235419
2023-04-12 19:23:13	INFO	exportfits::::casa	##### End Task: exportfits           #####
2023-04-12 19:23:13	INFO	exportfits::::casa	##########################################
2023-04-12 19:23:13	INFO	exportfits::::casa	##########################################
2023-04-12 19:23:13	INFO	exportfits::::casa	##### Begin Task: exportfits         #####
2023-04-12 19:23:13	INFO	exportfits::::casa	exportfits( imagename='/lustre/cv/users/jspeedie/data/images_continuum/robust1.0/ABAur_continuum.clean.JvMcorr.image', fitsimage='/lustre/cv/users/jspeedie/data/images_continuum/robust1.0/ABAur_continuum.clean.JvMcorr.image.fits', velocity=False, optical=False, bitpix=-32, minpix=0, maxpix=-1, overwrite=True, dropstokes=True, stokeslast=True, history=True, dropdeg=False )
2023-04-12 19:23:13	INFO	exportfits::ImageFactory::toFITS	Applying mask of name 'mask0'
2023-04-12 19:23:13	INFO	exportfits::ImageRegion::fromRecord	Selected bounding box : 
2023-04-12 19:23:13	INFO	exportfits::ImageRegion::fromRecord+	    [0, 0, 0, 0] to [2047, 2047, 0, 0]  (04:55:47.440, +30.32.43.253, I, 2.26769e+11Hz to 04:55:44.271, +30.33.24.193, I, 2.26769e+11Hz)
2023-04-12 19:23:13	INFO	exportfits::ImageFitsConverter::ImageHeaderToFITS 	Truncating miscinfo field useweightimage to useweigh
2023-04-12 19:23:13	INFO	exportfits::::casa	Task exportfits complete. Start time: 2023-04-12 19:23:13.238646 End time: 2023-04-12 19:23:13.350113
2023-04-12 19:23:13	INFO	exportfits::::casa	##### End Task: exportfits           #####
2023-04-12 19:23:13	INFO	exportfits::::casa	##########################################
2023-04-12 19:23:13	INFO	exportfits::::casa	##########################################
2023-04-12 19:23:13	INFO	exportfits::::casa	##### Begin Task: exportfits         #####
2023-04-12 19:23:13	INFO	exportfits::::casa	exportfits( imagename='/lustre/cv/users/jspeedie/data/images_continuum/robust1.0/ABAur_continuum.clean.JvMcorr_lowres.image', fitsimage='/lustre/cv/users/jspeedie/data/images_continuum/robust1.0/ABAur_continuum.clean.JvMcorr_lowres.image.fits', velocity=False, optical=False, bitpix=-32, minpix=0, maxpix=-1, overwrite=True, dropstokes=True, stokeslast=True, history=True, dropdeg=False )
2023-04-12 19:23:13	INFO	exportfits::ImageFactory::toFITS	Applying mask of name 'mask0'
2023-04-12 19:23:13	INFO	exportfits::ImageRegion::fromRecord	Selected bounding box : 
2023-04-12 19:23:13	INFO	exportfits::ImageRegion::fromRecord+	    [0, 0, 0, 0] to [2047, 2047, 0, 0]  (04:55:47.440, +30.32.43.253, I, 2.26769e+11Hz to 04:55:44.271, +30.33.24.193, I, 2.26769e+11Hz)
2023-04-12 19:23:13	INFO	exportfits::ImageFitsConverter::ImageHeaderToFITS 	Truncating miscinfo field useweightimage to useweigh
2023-04-12 19:23:13	INFO	exportfits::::casa	Task exportfits complete. Start time: 2023-04-12 19:23:13.353457 End time: 2023-04-12 19:23:13.471928
2023-04-12 19:23:13	INFO	exportfits::::casa	##### End Task: exportfits           #####
2023-04-12 19:23:13	INFO	exportfits::::casa	##########################################
2023-04-12 19:23:13	INFO	exportfits::::casa	##########################################
2023-04-12 19:23:13	INFO	exportfits::::casa	##### Begin Task: exportfits         #####
2023-04-12 19:23:13	INFO	exportfits::::casa	exportfits( imagename='/lustre/cv/users/jspeedie/data/images_continuum/robust1.0/ABAur_continuum.clean.image.pbcor', fitsimage='/lustre/cv/users/jspeedie/data/images_continuum/robust1.0/ABAur_continuum.clean.image.pbcor.fits', velocity=False, optical=False, bitpix=-32, minpix=0, maxpix=-1, overwrite=True, dropstokes=True, stokeslast=True, history=True, dropdeg=False )
2023-04-12 19:23:13	INFO	exportfits::ImageFactory::toFITS	Applying mask of name 'mask0'
2023-04-12 19:23:13	INFO	exportfits::ImageRegion::fromRecord	Selected bounding box : 
2023-04-12 19:23:13	INFO	exportfits::ImageRegion::fromRecord+	    [0, 0, 0, 0] to [2047, 2047, 0, 0]  (04:55:47.440, +30.32.43.253, I, 2.26769e+11Hz to 04:55:44.271, +30.33.24.193, I, 2.26769e+11Hz)
2023-04-12 19:23:13	INFO	exportfits::ImageFitsConverter::ImageHeaderToFITS 	Truncating miscinfo field useweightimage to useweigh
2023-04-12 19:23:14	INFO	exportfits::::casa	Task exportfits complete. Start time: 2023-04-12 19:23:13.474255 End time: 2023-04-12 19:23:13.611388
2023-04-12 19:23:14	INFO	exportfits::::casa	##### End Task: exportfits           #####
2023-04-12 19:23:14	INFO	exportfits::::casa	##########################################
2023-04-12 19:23:14	INFO	exportfits::::casa	##########################################
2023-04-12 19:23:14	INFO	exportfits::::casa	##### Begin Task: exportfits         #####
2023-04-12 19:23:14	INFO	exportfits::::casa	exportfits( imagename='/lustre/cv/users/jspeedie/data/images_continuum/robust1.0/ABAur_continuum.clean.JvMcorr.image.pbcor', fitsimage='/lustre/cv/users/jspeedie/data/images_continuum/robust1.0/ABAur_continuum.clean.JvMcorr.image.pbcor.fits', velocity=False, optical=False, bitpix=-32, minpix=0, maxpix=-1, overwrite=True, dropstokes=True, stokeslast=True, history=True, dropdeg=False )
2023-04-12 19:23:14	INFO	exportfits::ImageFactory::toFITS	Applying mask of name 'mask0'
2023-04-12 19:23:14	INFO	exportfits::ImageRegion::fromRecord	Selected bounding box : 
2023-04-12 19:23:14	INFO	exportfits::ImageRegion::fromRecord+	    [0, 0, 0, 0] to [2047, 2047, 0, 0]  (04:55:47.440, +30.32.43.253, I, 2.26769e+11Hz to 04:55:44.271, +30.33.24.193, I, 2.26769e+11Hz)
2023-04-12 19:23:14	INFO	exportfits::ImageFitsConverter::ImageHeaderToFITS 	Truncating miscinfo field useweightimage to useweigh
2023-04-12 19:23:14	INFO	exportfits::::casa	Task exportfits complete. Start time: 2023-04-12 19:23:13.613816 End time: 2023-04-12 19:23:13.700376
2023-04-12 19:23:14	INFO	exportfits::::casa	##### End Task: exportfits           #####
2023-04-12 19:23:14	INFO	exportfits::::casa	##########################################
2023-04-12 19:23:14	INFO	exportfits::::casa	##########################################
2023-04-12 19:23:14	INFO	exportfits::::casa	##### Begin Task: exportfits         #####
2023-04-12 19:23:14	INFO	exportfits::::casa	exportfits( imagename='/lustre/cv/users/jspeedie/data/images_continuum/robust1.0/ABAur_continuum.clean.JvMcorr_lowres.image.pbcor', fitsimage='/lustre/cv/users/jspeedie/data/images_continuum/robust1.0/ABAur_continuum.clean.JvMcorr_lowres.image.pbcor.fits', velocity=False, optical=False, bitpix=-32, minpix=0, maxpix=-1, overwrite=True, dropstokes=True, stokeslast=True, history=True, dropdeg=False )
2023-04-12 19:23:14	INFO	exportfits::ImageFactory::toFITS	Applying mask of name 'mask0'
2023-04-12 19:23:14	INFO	exportfits::ImageRegion::fromRecord	Selected bounding box : 
2023-04-12 19:23:14	INFO	exportfits::ImageRegion::fromRecord+	    [0, 0, 0, 0] to [2047, 2047, 0, 0]  (04:55:47.440, +30.32.43.253, I, 2.26769e+11Hz to 04:55:44.271, +30.33.24.193, I, 2.26769e+11Hz)
2023-04-12 19:23:14	INFO	exportfits::ImageFitsConverter::ImageHeaderToFITS 	Truncating miscinfo field useweightimage to useweigh
2023-04-12 19:23:14	INFO	exportfits::::casa	Task exportfits complete. Start time: 2023-04-12 19:23:13.703704 End time: 2023-04-12 19:23:13.793888
2023-04-12 19:23:14	INFO	exportfits::::casa	##### End Task: exportfits           #####
2023-04-12 19:23:14	INFO	exportfits::::casa	##########################################
2023-04-12 19:23:14	INFO	exportfits::::casa	##########################################
2023-04-12 19:23:14	INFO	exportfits::::casa	##### Begin Task: exportfits         #####
2023-04-12 19:23:14	INFO	exportfits::::casa	exportfits( imagename='/lustre/cv/users/jspeedie/data/images_continuum/robust1.0/ABAur_continuum.clean.mask', fitsimage='/lustre/cv/users/jspeedie/data/images_continuum/robust1.0/ABAur_continuum.clean.mask.fits', velocity=False, optical=False, bitpix=-32, minpix=0, maxpix=-1, overwrite=True, dropstokes=True, stokeslast=True, history=True, dropdeg=False )
2023-04-12 19:23:14	INFO	exportfits::ImageRegion::fromRecord	Selected bounding box : 
2023-04-12 19:23:14	INFO	exportfits::ImageRegion::fromRecord+	    [0, 0, 0, 0] to [2047, 2047, 0, 0]  (04:55:47.440, +30.32.43.253, I, 2.26769e+11Hz to 04:55:44.271, +30.33.24.193, I, 2.26769e+11Hz)
2023-04-12 19:23:14	INFO	exportfits::ImageFitsConverter::ImageHeaderToFITS 	Truncating miscinfo field useweightimage to useweigh
2023-04-12 19:23:14	INFO	exportfits::::casa	Task exportfits complete. Start time: 2023-04-12 19:23:13.795963 End time: 2023-04-12 19:23:13.879243
2023-04-12 19:23:14	INFO	exportfits::::casa	##### End Task: exportfits           #####
2023-04-12 19:23:14	INFO	exportfits::::casa	##########################################
2023-04-12 19:23:14	INFO	imstat::::casa	##########################################
2023-04-12 19:23:14	INFO	imstat::::casa	##### Begin Task: imstat             #####
2023-04-12 19:23:14	INFO	imstat::::casa	imstat( imagename='/lustre/cv/users/jspeedie/data/images_continuum/robust1.0/ABAur_continuum.clean.residual', axes=[], region='circle[[04h55m45.8549s, +30.33.03.733], 3.0arcsec]', box='', chans='', stokes='', listit=True, verbose=True, mask='', stretch=False, logfile='', append=True, algorithm='classic', fence=-1.0, center='mean', lside=True, zscore=-1.0, maxiter=-1, clmethod='auto', niter=3 )
2023-04-12 19:23:14	INFO	imstat::AsciiRegionFileParser::_parse	Combined 1 image regions (which excludes any annotation regions)
2023-04-12 19:23:14	INFO	imstat::AsciiRegionFileParser::_parse	The specified region will select all pixels that are included in the region. Full pixels will be included even when they are only partially covered by the region(s).
2023-04-12 19:23:14	INFO	imstat::CasacRegionManager::fromBCS	Region read from text string circle[[04h55m45.8549s, +30.33.03.733], 3.0arcsec]
2023-04-12 19:23:14	INFO	imstat::image::statistics 	Determining stats for image ABAur_continuum.clean.residual
2023-04-12 19:23:14	INFO	imstat::ImageRegion::fromRecord	Selected bounding box : 
2023-04-12 19:23:14	INFO	imstat::ImageRegion::fromRecord+	    [874, 874, 0, 0] to [1174, 1173, 0, 0]  (04:55:46.087, +30.33.00.733, I, 2.26769e+11Hz to 04:55:45.623, +30.33.06.713, I, 2.26769e+11Hz)
2023-04-12 19:23:14	INFO	imstat::ImageStatsCalculator::_logStartup	Statistics calculated using Classic algorithm
2023-04-12 19:23:14	INFO	imstat::ImageStatsCalculator::_logStartup	Regions --- 
2023-04-12 19:23:14	INFO	imstat::ImageStatsCalculator::_logStartup	         -- bottom-left corner (pixel) [blc]:  [874, 874, 0, 0]
2023-04-12 19:23:14	INFO	imstat::ImageStatsCalculator::_logStartup	         -- top-right corner (pixel) [trc]:    [1174, 1173, 0, 0]
2023-04-12 19:23:14	INFO	imstat::ImageStatsCalculator::_logStartup	         -- bottom-left corner (world) [blcf]: 04:55:46.087, +30.33.00.733, I, 2.26769e+11Hz
2023-04-12 19:23:14	INFO	imstat::ImageStatsCalculator::_logStartup	         -- top-right corner (world) [trcf]:   04:55:45.623, +30.33.06.713, I, 2.26769e+11Hz
2023-04-12 19:23:14	INFO	imstat::::	Values --- 
2023-04-12 19:23:14	INFO	imstat::::	         -- number of points [npts]:                70674
2023-04-12 19:23:14	INFO	imstat::::	         -- maximum value [max]:                    0.000299836 
2023-04-12 19:23:14	INFO	imstat::::	         -- minimum value [min]:                    -2.1254e-05 
2023-04-12 19:23:14	INFO	imstat::::	         -- position of max value (pixel) [maxpos]: [1067, 1056, 0, 0]
2023-04-12 19:23:14	INFO	imstat::::	         -- position of min value (pixel) [minpos]: [921, 929, 0, 0]
2023-04-12 19:23:14	INFO	imstat::::	         -- position of max value (world) [maxposf]: 04:55:45.788, +30.33.04.373, I, 2.26769e+11Hz
2023-04-12 19:23:14	INFO	imstat::::	         -- position of min value (world) [minposf]: 04:55:46.014, +30.33.01.833, I, 2.26769e+11Hz
2023-04-12 19:23:14	INFO	imstat::::	         -- Sum of pixel values [sum]:               9.26857 
2023-04-12 19:23:14	INFO	imstat::::	         -- Sum of squared pixel values [sumsq]:     0.001847 
2023-04-12 19:23:14	INFO	imstat::::	Statistics --- 
2023-04-12 19:23:14	INFO	imstat::::	        -- Mean of the pixel values [mean]:         0.000131145 
2023-04-12 19:23:14	INFO	imstat::::	        -- Variance of the pixel values :           8.9351e-09 
2023-04-12 19:23:14	INFO	imstat::::	        -- Standard deviation of the Mean [sigma]:  9.45257e-05 
2023-04-12 19:23:14	INFO	imstat::::	        -- Root mean square [rms]:                  0.00016166 
2023-04-12 19:23:14	INFO	imstat::::	        -- Median of the pixel values [median]:     0.000105242 
2023-04-12 19:23:14	INFO	imstat::::	        -- Median of the deviations [medabsdevmed]: 8.00753e-05 
2023-04-12 19:23:14	INFO	imstat::::	        -- IQR [quartile]:                          0.000191241 
2023-04-12 19:23:14	INFO	imstat::::	        -- First quartile [q1]:                     4.38043e-05 
2023-04-12 19:23:14	INFO	imstat::::	        -- Third quartile [q3]:                     0.000235046 
2023-04-12 19:23:14	INFO	imstat::ImageStatsCalculator::statistics	Sum column unit = 
2023-04-12 19:23:14	INFO	imstat::ImageStatsCalculator::statistics+	Mean column unit = 
2023-04-12 19:23:14	INFO	imstat::ImageStatsCalculator::statistics+	Std_dev column unit = 
2023-04-12 19:23:14	INFO	imstat::ImageStatsCalculator::statistics+	Minimum column unit = 
2023-04-12 19:23:14	INFO	imstat::ImageStatsCalculator::statistics+	Maximum column unit = 
2023-04-12 19:23:14	INFO	imstat::ImageStatsCalculator::statistics	Npts          Sum           Mean          Rms           Std_dev       Minimum       Maximum     
2023-04-12 19:23:14	INFO	imstat::ImageStatsCalculator::statistics	 7.067400e+04  9.268568e+00  1.311454e-04  1.616604e-04  9.452567e-05 -2.125398e-05  2.998361e-04
2023-04-12 19:23:14	INFO	imstat::::casa	Task imstat complete. Start time: 2023-04-12 19:23:13.910117 End time: 2023-04-12 19:23:14.145687
2023-04-12 19:23:14	INFO	imstat::::casa	##### End Task: imstat               #####
2023-04-12 19:23:14	INFO	imstat::::casa	##########################################
2023-04-12 19:23:15	INFO	imstat::::casa	##########################################
2023-04-12 19:23:15	INFO	imstat::::casa	##### Begin Task: imstat             #####
2023-04-12 19:23:15	INFO	imstat::::casa	imstat( imagename='/lustre/cv/users/jspeedie/data/images_continuum/robust1.0/ABAur_continuum.clean.image', axes=[], region='circle[[04h55m45.8549s, +30.33.03.733], 3.0arcsec]', box='', chans='', stokes='', listit=True, verbose=True, mask='', stretch=False, logfile='', append=True, algorithm='classic', fence=-1.0, center='mean', lside=True, zscore=-1.0, maxiter=-1, clmethod='auto', niter=3 )
2023-04-12 19:23:15	INFO	imstat::AsciiRegionFileParser::_parse	Combined 1 image regions (which excludes any annotation regions)
2023-04-12 19:23:15	INFO	imstat::AsciiRegionFileParser::_parse	The specified region will select all pixels that are included in the region. Full pixels will be included even when they are only partially covered by the region(s).
2023-04-12 19:23:15	INFO	imstat::CasacRegionManager::fromBCS	Region read from text string circle[[04h55m45.8549s, +30.33.03.733], 3.0arcsec]
2023-04-12 19:23:15	INFO	imstat::image::statistics 	Determining stats for image ABAur_continuum.clean.image
2023-04-12 19:23:15	INFO	imstat::ImageRegion::fromRecord	Selected bounding box : 
2023-04-12 19:23:15	INFO	imstat::ImageRegion::fromRecord+	    [874, 874, 0, 0] to [1174, 1173, 0, 0]  (04:55:46.087, +30.33.00.733, I, 2.26769e+11Hz to 04:55:45.623, +30.33.06.713, I, 2.26769e+11Hz)
2023-04-12 19:23:15	INFO	imstat::ImageStatsCalculator::_logStartup	Statistics calculated using Classic algorithm
2023-04-12 19:23:15	INFO	imstat::ImageStatsCalculator::_logStartup	Regions --- 
2023-04-12 19:23:15	INFO	imstat::ImageStatsCalculator::_logStartup	         -- bottom-left corner (pixel) [blc]:  [874, 874, 0, 0]
2023-04-12 19:23:15	INFO	imstat::ImageStatsCalculator::_logStartup	         -- top-right corner (pixel) [trc]:    [1174, 1173, 0, 0]
2023-04-12 19:23:15	INFO	imstat::ImageStatsCalculator::_logStartup	         -- bottom-left corner (world) [blcf]: 04:55:46.087, +30.33.00.733, I, 2.26769e+11Hz
2023-04-12 19:23:15	INFO	imstat::ImageStatsCalculator::_logStartup	         -- top-right corner (world) [trcf]:   04:55:45.623, +30.33.06.713, I, 2.26769e+11Hz
2023-04-12 19:23:15	INFO	imstat::::	Values --- 
2023-04-12 19:23:15	INFO	imstat::::	         -- flux density [flux]:                    0.111648 Jy
2023-04-12 19:23:15	INFO	imstat::::	         -- number of points [npts]:                70674
2023-04-12 19:23:15	INFO	imstat::::	         -- maximum value [max]:                    0.00443821 Jy/beam
2023-04-12 19:23:15	INFO	imstat::::	         -- minimum value [min]:                    -2.1254e-05 Jy/beam
2023-04-12 19:23:15	INFO	imstat::::	         -- position of max value (pixel) [maxpos]: [1071, 1011, 0, 0]
2023-04-12 19:23:15	INFO	imstat::::	         -- position of min value (pixel) [minpos]: [921, 929, 0, 0]
2023-04-12 19:23:15	INFO	imstat::::	         -- position of max value (world) [maxposf]: 04:55:45.782, +30.33.03.473, I, 2.26769e+11Hz
2023-04-12 19:23:15	INFO	imstat::::	         -- position of min value (world) [minposf]: 04:55:46.014, +30.33.01.833, I, 2.26769e+11Hz
2023-04-12 19:23:15	INFO	imstat::::	         -- Sum of pixel values [sum]:               30.7189 Jy/beam
2023-04-12 19:23:15	INFO	imstat::::	         -- Sum of squared pixel values [sumsq]:     0.0512197 Jy/beam.Jy/beam
2023-04-12 19:23:15	INFO	imstat::::	Statistics --- 
2023-04-12 19:23:15	INFO	imstat::::	        -- Mean of the pixel values [mean]:         0.000434656 Jy/beam
2023-04-12 19:23:15	INFO	imstat::::	        -- Variance of the pixel values :           5.35814e-07 Jy/beam
2023-04-12 19:23:15	INFO	imstat::::	        -- Standard deviation of the Mean [sigma]:  0.000731993 Jy/beam
2023-04-12 19:23:15	INFO	imstat::::	        -- Root mean square [rms]:                  0.000851312 Jy/beam
2023-04-12 19:23:15	INFO	imstat::::	        -- Median of the pixel values [median]:     0.000105549 Jy/beam
2023-04-12 19:23:15	INFO	imstat::::	        -- Median of the deviations [medabsdevmed]: 8.18202e-05 Jy/beam
2023-04-12 19:23:15	INFO	imstat::::	        -- IQR [quartile]:                          0.00038143 Jy/beam
2023-04-12 19:23:15	INFO	imstat::::	        -- First quartile [q1]:                     4.38043e-05 Jy/beam
2023-04-12 19:23:15	INFO	imstat::::	        -- Third quartile [q3]:                     0.000425234 Jy/beam
2023-04-12 19:23:15	INFO	imstat::ImageStatsCalculator::statistics	Sum column unit = Jy/beam
2023-04-12 19:23:15	INFO	imstat::ImageStatsCalculator::statistics+	Mean column unit = Jy/beam
2023-04-12 19:23:15	INFO	imstat::ImageStatsCalculator::statistics+	Std_dev column unit = Jy/beam
2023-04-12 19:23:15	INFO	imstat::ImageStatsCalculator::statistics+	Minimum column unit = Jy/beam
2023-04-12 19:23:15	INFO	imstat::ImageStatsCalculator::statistics+	Maximum column unit = Jy/beam
2023-04-12 19:23:15	INFO	imstat::ImageStatsCalculator::statistics	Npts          Sum           Mean          Rms           Std_dev       Minimum       Maximum     
2023-04-12 19:23:15	INFO	imstat::ImageStatsCalculator::statistics	 7.067400e+04  3.071888e+01  4.346560e-04  8.513122e-04  7.319933e-04 -2.125400e-05  4.438213e-03
2023-04-12 19:23:15	INFO	imstat::::casa	Task imstat complete. Start time: 2023-04-12 19:23:14.928949 End time: 2023-04-12 19:23:15.054266
2023-04-12 19:23:15	INFO	imstat::::casa	##### End Task: imstat               #####
2023-04-12 19:23:15	INFO	imstat::::casa	##########################################
2023-04-12 19:23:15	INFO	imstat::::casa	##########################################
2023-04-12 19:23:15	INFO	imstat::::casa	##### Begin Task: imstat             #####
2023-04-12 19:23:15	INFO	imstat::::casa	imstat( imagename='/lustre/cv/users/jspeedie/data/images_continuum/robust1.0/ABAur_continuum.clean.image', axes=[], region='circle[[04h55m45.8549s, +30.33.03.733], 3.0arcsec]', box='', chans='', stokes='', listit=True, verbose=True, mask='', stretch=False, logfile='', append=True, algorithm='classic', fence=-1.0, center='mean', lside=True, zscore=-1.0, maxiter=-1, clmethod='auto', niter=3 )
2023-04-12 19:23:15	INFO	imstat::AsciiRegionFileParser::_parse	Combined 1 image regions (which excludes any annotation regions)
2023-04-12 19:23:15	INFO	imstat::AsciiRegionFileParser::_parse	The specified region will select all pixels that are included in the region. Full pixels will be included even when they are only partially covered by the region(s).
2023-04-12 19:23:15	INFO	imstat::CasacRegionManager::fromBCS	Region read from text string circle[[04h55m45.8549s, +30.33.03.733], 3.0arcsec]
2023-04-12 19:23:15	INFO	imstat::image::statistics 	Determining stats for image ABAur_continuum.clean.image
2023-04-12 19:23:15	INFO	imstat::ImageRegion::fromRecord	Selected bounding box : 
2023-04-12 19:23:15	INFO	imstat::ImageRegion::fromRecord+	    [874, 874, 0, 0] to [1174, 1173, 0, 0]  (04:55:46.087, +30.33.00.733, I, 2.26769e+11Hz to 04:55:45.623, +30.33.06.713, I, 2.26769e+11Hz)
2023-04-12 19:23:15	INFO	imstat::ImageStatsCalculator::_logStartup	Statistics calculated using Classic algorithm
2023-04-12 19:23:15	INFO	imstat::ImageStatsCalculator::_logStartup	Regions --- 
2023-04-12 19:23:15	INFO	imstat::ImageStatsCalculator::_logStartup	         -- bottom-left corner (pixel) [blc]:  [874, 874, 0, 0]
2023-04-12 19:23:15	INFO	imstat::ImageStatsCalculator::_logStartup	         -- top-right corner (pixel) [trc]:    [1174, 1173, 0, 0]
2023-04-12 19:23:15	INFO	imstat::ImageStatsCalculator::_logStartup	         -- bottom-left corner (world) [blcf]: 04:55:46.087, +30.33.00.733, I, 2.26769e+11Hz
2023-04-12 19:23:15	INFO	imstat::ImageStatsCalculator::_logStartup	         -- top-right corner (world) [trcf]:   04:55:45.623, +30.33.06.713, I, 2.26769e+11Hz
2023-04-12 19:23:15	INFO	imstat::::	Values --- 
2023-04-12 19:23:15	INFO	imstat::::	         -- flux density [flux]:                    0.111648 Jy
2023-04-12 19:23:15	INFO	imstat::::	         -- number of points [npts]:                70674
2023-04-12 19:23:15	INFO	imstat::::	         -- maximum value [max]:                    0.00443821 Jy/beam
2023-04-12 19:23:15	INFO	imstat::::	         -- minimum value [min]:                    -2.1254e-05 Jy/beam
2023-04-12 19:23:15	INFO	imstat::::	         -- position of max value (pixel) [maxpos]: [1071, 1011, 0, 0]
2023-04-12 19:23:15	INFO	imstat::::	         -- position of min value (pixel) [minpos]: [921, 929, 0, 0]
2023-04-12 19:23:15	INFO	imstat::::	         -- position of max value (world) [maxposf]: 04:55:45.782, +30.33.03.473, I, 2.26769e+11Hz
2023-04-12 19:23:15	INFO	imstat::::	         -- position of min value (world) [minposf]: 04:55:46.014, +30.33.01.833, I, 2.26769e+11Hz
2023-04-12 19:23:15	INFO	imstat::::	         -- Sum of pixel values [sum]:               30.7189 Jy/beam
2023-04-12 19:23:15	INFO	imstat::::	         -- Sum of squared pixel values [sumsq]:     0.0512197 Jy/beam.Jy/beam
2023-04-12 19:23:15	INFO	imstat::::	Statistics --- 
2023-04-12 19:23:15	INFO	imstat::::	        -- Mean of the pixel values [mean]:         0.000434656 Jy/beam
2023-04-12 19:23:15	INFO	imstat::::	        -- Variance of the pixel values :           5.35814e-07 Jy/beam
2023-04-12 19:23:15	INFO	imstat::::	        -- Standard deviation of the Mean [sigma]:  0.000731993 Jy/beam
2023-04-12 19:23:15	INFO	imstat::::	        -- Root mean square [rms]:                  0.000851312 Jy/beam
2023-04-12 19:23:15	INFO	imstat::::	        -- Median of the pixel values [median]:     0.000105549 Jy/beam
2023-04-12 19:23:15	INFO	imstat::::	        -- Median of the deviations [medabsdevmed]: 8.18202e-05 Jy/beam
2023-04-12 19:23:15	INFO	imstat::::	        -- IQR [quartile]:                          0.00038143 Jy/beam
2023-04-12 19:23:15	INFO	imstat::::	        -- First quartile [q1]:                     4.38043e-05 Jy/beam
2023-04-12 19:23:15	INFO	imstat::::	        -- Third quartile [q3]:                     0.000425234 Jy/beam
2023-04-12 19:23:15	INFO	imstat::ImageStatsCalculator::statistics	Sum column unit = Jy/beam
2023-04-12 19:23:15	INFO	imstat::ImageStatsCalculator::statistics+	Mean column unit = Jy/beam
2023-04-12 19:23:15	INFO	imstat::ImageStatsCalculator::statistics+	Std_dev column unit = Jy/beam
2023-04-12 19:23:15	INFO	imstat::ImageStatsCalculator::statistics+	Minimum column unit = Jy/beam
2023-04-12 19:23:15	INFO	imstat::ImageStatsCalculator::statistics+	Maximum column unit = Jy/beam
2023-04-12 19:23:15	INFO	imstat::ImageStatsCalculator::statistics	Npts          Sum           Mean          Rms           Std_dev       Minimum       Maximum     
2023-04-12 19:23:15	INFO	imstat::ImageStatsCalculator::statistics	 7.067400e+04  3.071888e+01  4.346560e-04  8.513122e-04  7.319933e-04 -2.125400e-05  4.438213e-03
2023-04-12 19:23:15	INFO	imstat::::casa	Task imstat complete. Start time: 2023-04-12 19:23:15.059018 End time: 2023-04-12 19:23:15.179363
2023-04-12 19:23:15	INFO	imstat::::casa	##### End Task: imstat               #####
2023-04-12 19:23:15	INFO	imstat::::casa	##########################################
2023-04-12 19:23:15	INFO	imstat::::casa	##########################################
2023-04-12 19:23:15	INFO	imstat::::casa	##### Begin Task: imstat             #####
2023-04-12 19:23:15	INFO	imstat::::casa	imstat( imagename='/lustre/cv/users/jspeedie/data/images_continuum/robust1.0/ABAur_continuum.clean.image', axes=[], region="annulus[[04h55m45.8549s, +30.33.03.733],['6.00arcsec', '10.0arcsec']]", box='', chans='', stokes='', listit=True, verbose=True, mask='', stretch=False, logfile='', append=True, algorithm='classic', fence=-1.0, center='mean', lside=True, zscore=-1.0, maxiter=-1, clmethod='auto', niter=3 )
2023-04-12 19:23:15	INFO	imstat::AsciiRegionFileParser::_parse	Combined 1 image regions (which excludes any annotation regions)
2023-04-12 19:23:15	INFO	imstat::AsciiRegionFileParser::_parse	The specified region will select all pixels that are included in the region. Full pixels will be included even when they are only partially covered by the region(s).
2023-04-12 19:23:15	INFO	imstat::CasacRegionManager::fromBCS	Region read from text string annulus[[04h55m45.8549s, +30.33.03.733],['6.00arcsec', '10.0arcsec']]
2023-04-12 19:23:15	INFO	imstat::image::statistics 	Determining stats for image ABAur_continuum.clean.image
2023-04-12 19:23:15	INFO	imstat::ImageRegion::fromRecord	Selected bounding box : 
2023-04-12 19:23:15	INFO	imstat::ImageRegion::fromRecord+	    [524, 524, 0, 0] to [1524, 1524, 0, 0]  (04:55:46.629, +30.32.53.733, I, 2.26769e+11Hz to 04:55:45.081, +30.33.13.733, I, 2.26769e+11Hz)
2023-04-12 19:23:15	INFO	imstat::ImageStatsCalculator::_logStartup	Statistics calculated using Classic algorithm
2023-04-12 19:23:15	INFO	imstat::ImageStatsCalculator::_logStartup	Regions --- 
2023-04-12 19:23:15	INFO	imstat::ImageStatsCalculator::_logStartup	         -- bottom-left corner (pixel) [blc]:  [524, 524, 0, 0]
2023-04-12 19:23:15	INFO	imstat::ImageStatsCalculator::_logStartup	         -- top-right corner (pixel) [trc]:    [1524, 1524, 0, 0]
2023-04-12 19:23:15	INFO	imstat::ImageStatsCalculator::_logStartup	         -- bottom-left corner (world) [blcf]: 04:55:46.629, +30.32.53.733, I, 2.26769e+11Hz
2023-04-12 19:23:15	INFO	imstat::ImageStatsCalculator::_logStartup	         -- top-right corner (world) [trcf]:   04:55:45.081, +30.33.13.733, I, 2.26769e+11Hz
2023-04-12 19:23:15	INFO	imstat::::	Values --- 
2023-04-12 19:23:15	INFO	imstat::::	         -- flux density [flux]:                    -0.0297173 Jy
2023-04-12 19:23:15	INFO	imstat::::	         -- number of points [npts]:                502718
2023-04-12 19:23:15	INFO	imstat::::	         -- maximum value [max]:                    6.11528e-05 Jy/beam
2023-04-12 19:23:15	INFO	imstat::::	         -- minimum value [min]:                    -8.48191e-05 Jy/beam
2023-04-12 19:23:15	INFO	imstat::::	         -- position of max value (pixel) [maxpos]: [1273, 1439, 0, 0]
2023-04-12 19:23:15	INFO	imstat::::	         -- position of min value (pixel) [minpos]: [1489, 1171, 0, 0]
2023-04-12 19:23:15	INFO	imstat::::	         -- position of max value (world) [maxposf]: 04:55:45.469, +30.33.12.033, I, 2.26769e+11Hz
2023-04-12 19:23:15	INFO	imstat::::	         -- position of min value (world) [minposf]: 04:55:45.135, +30.33.06.673, I, 2.26769e+11Hz
2023-04-12 19:23:15	INFO	imstat::::	         -- Sum of pixel values [sum]:               -8.17645 Jy/beam
2023-04-12 19:23:15	INFO	imstat::::	         -- Sum of squared pixel values [sumsq]:     0.000308305 Jy/beam.Jy/beam
2023-04-12 19:23:15	INFO	imstat::::	Statistics --- 
2023-04-12 19:23:15	INFO	imstat::::	        -- Mean of the pixel values [mean]:         -1.62645e-05 Jy/beam
2023-04-12 19:23:15	INFO	imstat::::	        -- Variance of the pixel values :           3.48743e-10 Jy/beam
2023-04-12 19:23:15	INFO	imstat::::	        -- Standard deviation of the Mean [sigma]:  1.86747e-05 Jy/beam
2023-04-12 19:23:15	INFO	imstat::::	        -- Root mean square [rms]:                  2.47644e-05 Jy/beam
2023-04-12 19:23:15	INFO	imstat::::	        -- Median of the pixel values [median]:     -1.8689e-05 Jy/beam
2023-04-12 19:23:15	INFO	imstat::::	        -- Median of the deviations [medabsdevmed]: 1.24181e-05 Jy/beam
2023-04-12 19:23:15	INFO	imstat::::	        -- IQR [quartile]:                          2.56038e-05 Jy/beam
2023-04-12 19:23:15	INFO	imstat::::	        -- First quartile [q1]:                     -2.97088e-05 Jy/beam
2023-04-12 19:23:15	INFO	imstat::::	        -- Third quartile [q3]:                     -4.10506e-06 Jy/beam
2023-04-12 19:23:15	INFO	imstat::ImageStatsCalculator::statistics	Sum column unit = Jy/beam
2023-04-12 19:23:15	INFO	imstat::ImageStatsCalculator::statistics+	Mean column unit = Jy/beam
2023-04-12 19:23:15	INFO	imstat::ImageStatsCalculator::statistics+	Std_dev column unit = Jy/beam
2023-04-12 19:23:15	INFO	imstat::ImageStatsCalculator::statistics+	Minimum column unit = Jy/beam
2023-04-12 19:23:15	INFO	imstat::ImageStatsCalculator::statistics+	Maximum column unit = Jy/beam
2023-04-12 19:23:15	INFO	imstat::ImageStatsCalculator::statistics	Npts          Sum           Mean          Rms           Std_dev       Minimum       Maximum     
2023-04-12 19:23:15	INFO	imstat::ImageStatsCalculator::statistics	 5.027180e+05 -8.176454e+00 -1.626449e-05  2.476441e-05  1.867466e-05 -8.481910e-05  6.115284e-05
2023-04-12 19:23:15	INFO	imstat::::casa	Task imstat complete. Start time: 2023-04-12 19:23:15.183725 End time: 2023-04-12 19:23:15.342640
2023-04-12 19:23:15	INFO	imstat::::casa	##### End Task: imstat               #####
2023-04-12 19:23:15	INFO	imstat::::casa	##########################################
2023-04-12 19:23:15	INFO	imstat::::casa	##########################################
2023-04-12 19:23:15	INFO	imstat::::casa	##### Begin Task: imstat             #####
2023-04-12 19:23:15	INFO	imstat::::casa	imstat( imagename='/lustre/cv/users/jspeedie/data/images_continuum/robust1.0/ABAur_continuum.clean.image', axes=[], region='circle[[04h55m45.8549s, +30.33.03.733], 3.0arcsec]', box='', chans='', stokes='', listit=True, verbose=True, mask='', stretch=False, logfile='', append=True, algorithm='classic', fence=-1.0, center='mean', lside=True, zscore=-1.0, maxiter=-1, clmethod='auto', niter=3 )
2023-04-12 19:23:15	INFO	imstat::AsciiRegionFileParser::_parse	Combined 1 image regions (which excludes any annotation regions)
2023-04-12 19:23:15	INFO	imstat::AsciiRegionFileParser::_parse	The specified region will select all pixels that are included in the region. Full pixels will be included even when they are only partially covered by the region(s).
2023-04-12 19:23:15	INFO	imstat::CasacRegionManager::fromBCS	Region read from text string circle[[04h55m45.8549s, +30.33.03.733], 3.0arcsec]
2023-04-12 19:23:15	INFO	imstat::image::statistics 	Determining stats for image ABAur_continuum.clean.image
2023-04-12 19:23:15	INFO	imstat::ImageRegion::fromRecord	Selected bounding box : 
2023-04-12 19:23:15	INFO	imstat::ImageRegion::fromRecord+	    [874, 874, 0, 0] to [1174, 1173, 0, 0]  (04:55:46.087, +30.33.00.733, I, 2.26769e+11Hz to 04:55:45.623, +30.33.06.713, I, 2.26769e+11Hz)
2023-04-12 19:23:15	INFO	imstat::ImageStatsCalculator::_logStartup	Statistics calculated using Classic algorithm
2023-04-12 19:23:15	INFO	imstat::ImageStatsCalculator::_logStartup	Regions --- 
2023-04-12 19:23:15	INFO	imstat::ImageStatsCalculator::_logStartup	         -- bottom-left corner (pixel) [blc]:  [874, 874, 0, 0]
2023-04-12 19:23:15	INFO	imstat::ImageStatsCalculator::_logStartup	         -- top-right corner (pixel) [trc]:    [1174, 1173, 0, 0]
2023-04-12 19:23:15	INFO	imstat::ImageStatsCalculator::_logStartup	         -- bottom-left corner (world) [blcf]: 04:55:46.087, +30.33.00.733, I, 2.26769e+11Hz
2023-04-12 19:23:15	INFO	imstat::ImageStatsCalculator::_logStartup	         -- top-right corner (world) [trcf]:   04:55:45.623, +30.33.06.713, I, 2.26769e+11Hz
2023-04-12 19:23:15	INFO	imstat::::	Values --- 
2023-04-12 19:23:15	INFO	imstat::::	         -- flux density [flux]:                    0.111648 Jy
2023-04-12 19:23:15	INFO	imstat::::	         -- number of points [npts]:                70674
2023-04-12 19:23:15	INFO	imstat::::	         -- maximum value [max]:                    0.00443821 Jy/beam
2023-04-12 19:23:15	INFO	imstat::::	         -- minimum value [min]:                    -2.1254e-05 Jy/beam
2023-04-12 19:23:15	INFO	imstat::::	         -- position of max value (pixel) [maxpos]: [1071, 1011, 0, 0]
2023-04-12 19:23:15	INFO	imstat::::	         -- position of min value (pixel) [minpos]: [921, 929, 0, 0]
2023-04-12 19:23:15	INFO	imstat::::	         -- position of max value (world) [maxposf]: 04:55:45.782, +30.33.03.473, I, 2.26769e+11Hz
2023-04-12 19:23:15	INFO	imstat::::	         -- position of min value (world) [minposf]: 04:55:46.014, +30.33.01.833, I, 2.26769e+11Hz
2023-04-12 19:23:15	INFO	imstat::::	         -- Sum of pixel values [sum]:               30.7189 Jy/beam
2023-04-12 19:23:15	INFO	imstat::::	         -- Sum of squared pixel values [sumsq]:     0.0512197 Jy/beam.Jy/beam
2023-04-12 19:23:15	INFO	imstat::::	Statistics --- 
2023-04-12 19:23:15	INFO	imstat::::	        -- Mean of the pixel values [mean]:         0.000434656 Jy/beam
2023-04-12 19:23:15	INFO	imstat::::	        -- Variance of the pixel values :           5.35814e-07 Jy/beam
2023-04-12 19:23:15	INFO	imstat::::	        -- Standard deviation of the Mean [sigma]:  0.000731993 Jy/beam
2023-04-12 19:23:15	INFO	imstat::::	        -- Root mean square [rms]:                  0.000851312 Jy/beam
2023-04-12 19:23:15	INFO	imstat::::	        -- Median of the pixel values [median]:     0.000105549 Jy/beam
2023-04-12 19:23:15	INFO	imstat::::	        -- Median of the deviations [medabsdevmed]: 8.18202e-05 Jy/beam
2023-04-12 19:23:15	INFO	imstat::::	        -- IQR [quartile]:                          0.00038143 Jy/beam
2023-04-12 19:23:15	INFO	imstat::::	        -- First quartile [q1]:                     4.38043e-05 Jy/beam
2023-04-12 19:23:15	INFO	imstat::::	        -- Third quartile [q3]:                     0.000425234 Jy/beam
2023-04-12 19:23:15	INFO	imstat::ImageStatsCalculator::statistics	Sum column unit = Jy/beam
2023-04-12 19:23:15	INFO	imstat::ImageStatsCalculator::statistics+	Mean column unit = Jy/beam
2023-04-12 19:23:15	INFO	imstat::ImageStatsCalculator::statistics+	Std_dev column unit = Jy/beam
2023-04-12 19:23:15	INFO	imstat::ImageStatsCalculator::statistics+	Minimum column unit = Jy/beam
2023-04-12 19:23:15	INFO	imstat::ImageStatsCalculator::statistics+	Maximum column unit = Jy/beam
2023-04-12 19:23:15	INFO	imstat::ImageStatsCalculator::statistics	Npts          Sum           Mean          Rms           Std_dev       Minimum       Maximum     
2023-04-12 19:23:15	INFO	imstat::ImageStatsCalculator::statistics	 7.067400e+04  3.071888e+01  4.346560e-04  8.513122e-04  7.319933e-04 -2.125400e-05  4.438213e-03
2023-04-12 19:23:15	INFO	imstat::::casa	Task imstat complete. Start time: 2023-04-12 19:23:15.346078 End time: 2023-04-12 19:23:15.443750
2023-04-12 19:23:15	INFO	imstat::::casa	##### End Task: imstat               #####
2023-04-12 19:23:15	INFO	imstat::::casa	##########################################
2023-04-12 19:23:15	INFO	imstat::::casa	##########################################
2023-04-12 19:23:15	INFO	imstat::::casa	##### Begin Task: imstat             #####
2023-04-12 19:23:15	INFO	imstat::::casa	imstat( imagename='/lustre/cv/users/jspeedie/data/images_continuum/robust1.0/ABAur_continuum.clean.image', axes=[], region="annulus[[04h55m45.8549s, +30.33.03.733],['6.00arcsec', '10.0arcsec']]", box='', chans='', stokes='', listit=True, verbose=True, mask='', stretch=False, logfile='', append=True, algorithm='classic', fence=-1.0, center='mean', lside=True, zscore=-1.0, maxiter=-1, clmethod='auto', niter=3 )
2023-04-12 19:23:15	INFO	imstat::AsciiRegionFileParser::_parse	Combined 1 image regions (which excludes any annotation regions)
2023-04-12 19:23:15	INFO	imstat::AsciiRegionFileParser::_parse	The specified region will select all pixels that are included in the region. Full pixels will be included even when they are only partially covered by the region(s).
2023-04-12 19:23:15	INFO	imstat::CasacRegionManager::fromBCS	Region read from text string annulus[[04h55m45.8549s, +30.33.03.733],['6.00arcsec', '10.0arcsec']]
2023-04-12 19:23:15	INFO	imstat::image::statistics 	Determining stats for image ABAur_continuum.clean.image
2023-04-12 19:23:15	INFO	imstat::ImageRegion::fromRecord	Selected bounding box : 
2023-04-12 19:23:15	INFO	imstat::ImageRegion::fromRecord+	    [524, 524, 0, 0] to [1524, 1524, 0, 0]  (04:55:46.629, +30.32.53.733, I, 2.26769e+11Hz to 04:55:45.081, +30.33.13.733, I, 2.26769e+11Hz)
2023-04-12 19:23:15	INFO	imstat::ImageStatsCalculator::_logStartup	Statistics calculated using Classic algorithm
2023-04-12 19:23:15	INFO	imstat::ImageStatsCalculator::_logStartup	Regions --- 
2023-04-12 19:23:15	INFO	imstat::ImageStatsCalculator::_logStartup	         -- bottom-left corner (pixel) [blc]:  [524, 524, 0, 0]
2023-04-12 19:23:15	INFO	imstat::ImageStatsCalculator::_logStartup	         -- top-right corner (pixel) [trc]:    [1524, 1524, 0, 0]
2023-04-12 19:23:15	INFO	imstat::ImageStatsCalculator::_logStartup	         -- bottom-left corner (world) [blcf]: 04:55:46.629, +30.32.53.733, I, 2.26769e+11Hz
2023-04-12 19:23:15	INFO	imstat::ImageStatsCalculator::_logStartup	         -- top-right corner (world) [trcf]:   04:55:45.081, +30.33.13.733, I, 2.26769e+11Hz
2023-04-12 19:23:16	INFO	imstat::::	Values --- 
2023-04-12 19:23:16	INFO	imstat::::	         -- flux density [flux]:                    -0.0297173 Jy
2023-04-12 19:23:16	INFO	imstat::::	         -- number of points [npts]:                502718
2023-04-12 19:23:16	INFO	imstat::::	         -- maximum value [max]:                    6.11528e-05 Jy/beam
2023-04-12 19:23:16	INFO	imstat::::	         -- minimum value [min]:                    -8.48191e-05 Jy/beam
2023-04-12 19:23:16	INFO	imstat::::	         -- position of max value (pixel) [maxpos]: [1273, 1439, 0, 0]
2023-04-12 19:23:16	INFO	imstat::::	         -- position of min value (pixel) [minpos]: [1489, 1171, 0, 0]
2023-04-12 19:23:16	INFO	imstat::::	         -- position of max value (world) [maxposf]: 04:55:45.469, +30.33.12.033, I, 2.26769e+11Hz
2023-04-12 19:23:16	INFO	imstat::::	         -- position of min value (world) [minposf]: 04:55:45.135, +30.33.06.673, I, 2.26769e+11Hz
2023-04-12 19:23:16	INFO	imstat::::	         -- Sum of pixel values [sum]:               -8.17645 Jy/beam
2023-04-12 19:23:16	INFO	imstat::::	         -- Sum of squared pixel values [sumsq]:     0.000308305 Jy/beam.Jy/beam
2023-04-12 19:23:16	INFO	imstat::::	Statistics --- 
2023-04-12 19:23:16	INFO	imstat::::	        -- Mean of the pixel values [mean]:         -1.62645e-05 Jy/beam
2023-04-12 19:23:16	INFO	imstat::::	        -- Variance of the pixel values :           3.48743e-10 Jy/beam
2023-04-12 19:23:16	INFO	imstat::::	        -- Standard deviation of the Mean [sigma]:  1.86747e-05 Jy/beam
2023-04-12 19:23:16	INFO	imstat::::	        -- Root mean square [rms]:                  2.47644e-05 Jy/beam
2023-04-12 19:23:16	INFO	imstat::::	        -- Median of the pixel values [median]:     -1.8689e-05 Jy/beam
2023-04-12 19:23:16	INFO	imstat::::	        -- Median of the deviations [medabsdevmed]: 1.24181e-05 Jy/beam
2023-04-12 19:23:16	INFO	imstat::::	        -- IQR [quartile]:                          2.56038e-05 Jy/beam
2023-04-12 19:23:16	INFO	imstat::::	        -- First quartile [q1]:                     -2.97088e-05 Jy/beam
2023-04-12 19:23:16	INFO	imstat::::	        -- Third quartile [q3]:                     -4.10506e-06 Jy/beam
2023-04-12 19:23:16	INFO	imstat::ImageStatsCalculator::statistics	Sum column unit = Jy/beam
2023-04-12 19:23:16	INFO	imstat::ImageStatsCalculator::statistics+	Mean column unit = Jy/beam
2023-04-12 19:23:16	INFO	imstat::ImageStatsCalculator::statistics+	Std_dev column unit = Jy/beam
2023-04-12 19:23:16	INFO	imstat::ImageStatsCalculator::statistics+	Minimum column unit = Jy/beam
2023-04-12 19:23:16	INFO	imstat::ImageStatsCalculator::statistics+	Maximum column unit = Jy/beam
2023-04-12 19:23:16	INFO	imstat::ImageStatsCalculator::statistics	Npts          Sum           Mean          Rms           Std_dev       Minimum       Maximum     
2023-04-12 19:23:16	INFO	imstat::ImageStatsCalculator::statistics	 5.027180e+05 -8.176454e+00 -1.626449e-05  2.476441e-05  1.867466e-05 -8.481910e-05  6.115284e-05
2023-04-12 19:23:16	INFO	imstat::::casa	Task imstat complete. Start time: 2023-04-12 19:23:15.447160 End time: 2023-04-12 19:23:15.575754
2023-04-12 19:23:16	INFO	imstat::::casa	##### End Task: imstat               #####
2023-04-12 19:23:16	INFO	imstat::::casa	##########################################
2023-04-12 19:23:16	INFO	imstat::::casa	##########################################
2023-04-12 19:23:16	INFO	imstat::::casa	##### Begin Task: imstat             #####
2023-04-12 19:23:16	INFO	imstat::::casa	imstat( imagename='/lustre/cv/users/jspeedie/data/images_continuum/robust1.0/ABAur_continuum.clean.JvMcorr.image', axes=[], region='circle[[04h55m45.8549s, +30.33.03.733], 3.0arcsec]', box='', chans='', stokes='', listit=True, verbose=True, mask='', stretch=False, logfile='', append=True, algorithm='classic', fence=-1.0, center='mean', lside=True, zscore=-1.0, maxiter=-1, clmethod='auto', niter=3 )
2023-04-12 19:23:16	INFO	imstat::AsciiRegionFileParser::_parse	Combined 1 image regions (which excludes any annotation regions)
2023-04-12 19:23:16	INFO	imstat::AsciiRegionFileParser::_parse	The specified region will select all pixels that are included in the region. Full pixels will be included even when they are only partially covered by the region(s).
2023-04-12 19:23:16	INFO	imstat::CasacRegionManager::fromBCS	Region read from text string circle[[04h55m45.8549s, +30.33.03.733], 3.0arcsec]
2023-04-12 19:23:16	INFO	imstat::image::statistics 	Determining stats for image ABAur_continuum.clean.JvMcorr.image
2023-04-12 19:23:16	INFO	imstat::ImageRegion::fromRecord	Selected bounding box : 
2023-04-12 19:23:16	INFO	imstat::ImageRegion::fromRecord+	    [874, 874, 0, 0] to [1174, 1173, 0, 0]  (04:55:46.087, +30.33.00.733, I, 2.26769e+11Hz to 04:55:45.623, +30.33.06.713, I, 2.26769e+11Hz)
2023-04-12 19:23:16	INFO	imstat::ImageStatsCalculator::_logStartup	Statistics calculated using Classic algorithm
2023-04-12 19:23:16	INFO	imstat::ImageStatsCalculator::_logStartup	Regions --- 
2023-04-12 19:23:16	INFO	imstat::ImageStatsCalculator::_logStartup	         -- bottom-left corner (pixel) [blc]:  [874, 874, 0, 0]
2023-04-12 19:23:16	INFO	imstat::ImageStatsCalculator::_logStartup	         -- top-right corner (pixel) [trc]:    [1174, 1173, 0, 0]
2023-04-12 19:23:16	INFO	imstat::ImageStatsCalculator::_logStartup	         -- bottom-left corner (world) [blcf]: 04:55:46.087, +30.33.00.733, I, 2.26769e+11Hz
2023-04-12 19:23:16	INFO	imstat::ImageStatsCalculator::_logStartup	         -- top-right corner (world) [trcf]:   04:55:45.623, +30.33.06.713, I, 2.26769e+11Hz
2023-04-12 19:23:16	INFO	imstat::::	Values --- 
2023-04-12 19:23:16	INFO	imstat::::	         -- flux density [flux]:                    0.0898572 Jy
2023-04-12 19:23:16	INFO	imstat::::	         -- number of points [npts]:                70674
2023-04-12 19:23:16	INFO	imstat::::	         -- maximum value [max]:                    0.00434419 Jy/beam
2023-04-12 19:23:16	INFO	imstat::::	         -- minimum value [min]:                    -7.50557e-06 Jy/beam
2023-04-12 19:23:16	INFO	imstat::::	         -- position of max value (pixel) [maxpos]: [1071, 1012, 0, 0]
2023-04-12 19:23:16	INFO	imstat::::	         -- position of min value (pixel) [minpos]: [921, 929, 0, 0]
2023-04-12 19:23:16	INFO	imstat::::	         -- position of max value (world) [maxposf]: 04:55:45.782, +30.33.03.493, I, 2.26769e+11Hz
2023-04-12 19:23:16	INFO	imstat::::	         -- position of min value (world) [minposf]: 04:55:46.014, +30.33.01.833, I, 2.26769e+11Hz
2023-04-12 19:23:16	INFO	imstat::::	         -- Sum of pixel values [sum]:               24.7234 Jy/beam
2023-04-12 19:23:16	INFO	imstat::::	         -- Sum of squared pixel values [sumsq]:     0.0429366 Jy/beam.Jy/beam
2023-04-12 19:23:16	INFO	imstat::::	Statistics --- 
2023-04-12 19:23:16	INFO	imstat::::	        -- Mean of the pixel values [mean]:         0.000349823 Jy/beam
2023-04-12 19:23:16	INFO	imstat::::	        -- Variance of the pixel values :           4.85161e-07 Jy/beam
2023-04-12 19:23:16	INFO	imstat::::	        -- Standard deviation of the Mean [sigma]:  0.000696535 Jy/beam
2023-04-12 19:23:16	INFO	imstat::::	        -- Root mean square [rms]:                  0.000779442 Jy/beam
2023-04-12 19:23:16	INFO	imstat::::	        -- Median of the pixel values [median]:     3.72964e-05 Jy/beam
2023-04-12 19:23:16	INFO	imstat::::	        -- Median of the deviations [medabsdevmed]: 2.92965e-05 Jy/beam
2023-04-12 19:23:16	INFO	imstat::::	        -- IQR [quartile]:                          0.000243796 Jy/beam
2023-04-12 19:23:16	INFO	imstat::::	        -- First quartile [q1]:                     1.54689e-05 Jy/beam
2023-04-12 19:23:16	INFO	imstat::::	        -- Third quartile [q3]:                     0.000259265 Jy/beam
2023-04-12 19:23:16	INFO	imstat::ImageStatsCalculator::statistics	Sum column unit = Jy/beam
2023-04-12 19:23:16	INFO	imstat::ImageStatsCalculator::statistics+	Mean column unit = Jy/beam
2023-04-12 19:23:16	INFO	imstat::ImageStatsCalculator::statistics+	Std_dev column unit = Jy/beam
2023-04-12 19:23:16	INFO	imstat::ImageStatsCalculator::statistics+	Minimum column unit = Jy/beam
2023-04-12 19:23:16	INFO	imstat::ImageStatsCalculator::statistics+	Maximum column unit = Jy/beam
2023-04-12 19:23:16	INFO	imstat::ImageStatsCalculator::statistics	Npts          Sum           Mean          Rms           Std_dev       Minimum       Maximum     
2023-04-12 19:23:16	INFO	imstat::ImageStatsCalculator::statistics	 7.067400e+04  2.472338e+01  3.498228e-04  7.794422e-04  6.965350e-04 -7.505571e-06  4.344193e-03
2023-04-12 19:23:16	INFO	imstat::::casa	Task imstat complete. Start time: 2023-04-12 19:23:15.848514 End time: 2023-04-12 19:23:15.974161
2023-04-12 19:23:16	INFO	imstat::::casa	##### End Task: imstat               #####
2023-04-12 19:23:16	INFO	imstat::::casa	##########################################
2023-04-12 19:23:16	INFO	imstat::::casa	##########################################
2023-04-12 19:23:16	INFO	imstat::::casa	##### Begin Task: imstat             #####
2023-04-12 19:23:16	INFO	imstat::::casa	imstat( imagename='/lustre/cv/users/jspeedie/data/images_continuum/robust1.0/ABAur_continuum.clean.JvMcorr.image', axes=[], region='circle[[04h55m45.8549s, +30.33.03.733], 3.0arcsec]', box='', chans='', stokes='', listit=True, verbose=True, mask='', stretch=False, logfile='', append=True, algorithm='classic', fence=-1.0, center='mean', lside=True, zscore=-1.0, maxiter=-1, clmethod='auto', niter=3 )
2023-04-12 19:23:16	INFO	imstat::AsciiRegionFileParser::_parse	Combined 1 image regions (which excludes any annotation regions)
2023-04-12 19:23:16	INFO	imstat::AsciiRegionFileParser::_parse	The specified region will select all pixels that are included in the region. Full pixels will be included even when they are only partially covered by the region(s).
2023-04-12 19:23:16	INFO	imstat::CasacRegionManager::fromBCS	Region read from text string circle[[04h55m45.8549s, +30.33.03.733], 3.0arcsec]
2023-04-12 19:23:16	INFO	imstat::image::statistics 	Determining stats for image ABAur_continuum.clean.JvMcorr.image
2023-04-12 19:23:16	INFO	imstat::ImageRegion::fromRecord	Selected bounding box : 
2023-04-12 19:23:16	INFO	imstat::ImageRegion::fromRecord+	    [874, 874, 0, 0] to [1174, 1173, 0, 0]  (04:55:46.087, +30.33.00.733, I, 2.26769e+11Hz to 04:55:45.623, +30.33.06.713, I, 2.26769e+11Hz)
2023-04-12 19:23:16	INFO	imstat::ImageStatsCalculator::_logStartup	Statistics calculated using Classic algorithm
2023-04-12 19:23:16	INFO	imstat::ImageStatsCalculator::_logStartup	Regions --- 
2023-04-12 19:23:16	INFO	imstat::ImageStatsCalculator::_logStartup	         -- bottom-left corner (pixel) [blc]:  [874, 874, 0, 0]
2023-04-12 19:23:16	INFO	imstat::ImageStatsCalculator::_logStartup	         -- top-right corner (pixel) [trc]:    [1174, 1173, 0, 0]
2023-04-12 19:23:16	INFO	imstat::ImageStatsCalculator::_logStartup	         -- bottom-left corner (world) [blcf]: 04:55:46.087, +30.33.00.733, I, 2.26769e+11Hz
2023-04-12 19:23:16	INFO	imstat::ImageStatsCalculator::_logStartup	         -- top-right corner (world) [trcf]:   04:55:45.623, +30.33.06.713, I, 2.26769e+11Hz
2023-04-12 19:23:16	INFO	imstat::::	Values --- 
2023-04-12 19:23:16	INFO	imstat::::	         -- flux density [flux]:                    0.0898572 Jy
2023-04-12 19:23:16	INFO	imstat::::	         -- number of points [npts]:                70674
2023-04-12 19:23:16	INFO	imstat::::	         -- maximum value [max]:                    0.00434419 Jy/beam
2023-04-12 19:23:16	INFO	imstat::::	         -- minimum value [min]:                    -7.50557e-06 Jy/beam
2023-04-12 19:23:16	INFO	imstat::::	         -- position of max value (pixel) [maxpos]: [1071, 1012, 0, 0]
2023-04-12 19:23:16	INFO	imstat::::	         -- position of min value (pixel) [minpos]: [921, 929, 0, 0]
2023-04-12 19:23:16	INFO	imstat::::	         -- position of max value (world) [maxposf]: 04:55:45.782, +30.33.03.493, I, 2.26769e+11Hz
2023-04-12 19:23:16	INFO	imstat::::	         -- position of min value (world) [minposf]: 04:55:46.014, +30.33.01.833, I, 2.26769e+11Hz
2023-04-12 19:23:16	INFO	imstat::::	         -- Sum of pixel values [sum]:               24.7234 Jy/beam
2023-04-12 19:23:16	INFO	imstat::::	         -- Sum of squared pixel values [sumsq]:     0.0429366 Jy/beam.Jy/beam
2023-04-12 19:23:16	INFO	imstat::::	Statistics --- 
2023-04-12 19:23:16	INFO	imstat::::	        -- Mean of the pixel values [mean]:         0.000349823 Jy/beam
2023-04-12 19:23:16	INFO	imstat::::	        -- Variance of the pixel values :           4.85161e-07 Jy/beam
2023-04-12 19:23:16	INFO	imstat::::	        -- Standard deviation of the Mean [sigma]:  0.000696535 Jy/beam
2023-04-12 19:23:16	INFO	imstat::::	        -- Root mean square [rms]:                  0.000779442 Jy/beam
2023-04-12 19:23:16	INFO	imstat::::	        -- Median of the pixel values [median]:     3.72964e-05 Jy/beam
2023-04-12 19:23:16	INFO	imstat::::	        -- Median of the deviations [medabsdevmed]: 2.92965e-05 Jy/beam
2023-04-12 19:23:16	INFO	imstat::::	        -- IQR [quartile]:                          0.000243796 Jy/beam
2023-04-12 19:23:16	INFO	imstat::::	        -- First quartile [q1]:                     1.54689e-05 Jy/beam
2023-04-12 19:23:16	INFO	imstat::::	        -- Third quartile [q3]:                     0.000259265 Jy/beam
2023-04-12 19:23:16	INFO	imstat::ImageStatsCalculator::statistics	Sum column unit = Jy/beam
2023-04-12 19:23:16	INFO	imstat::ImageStatsCalculator::statistics+	Mean column unit = Jy/beam
2023-04-12 19:23:16	INFO	imstat::ImageStatsCalculator::statistics+	Std_dev column unit = Jy/beam
2023-04-12 19:23:16	INFO	imstat::ImageStatsCalculator::statistics+	Minimum column unit = Jy/beam
2023-04-12 19:23:16	INFO	imstat::ImageStatsCalculator::statistics+	Maximum column unit = Jy/beam
2023-04-12 19:23:16	INFO	imstat::ImageStatsCalculator::statistics	Npts          Sum           Mean          Rms           Std_dev       Minimum       Maximum     
2023-04-12 19:23:16	INFO	imstat::ImageStatsCalculator::statistics	 7.067400e+04  2.472338e+01  3.498228e-04  7.794422e-04  6.965350e-04 -7.505571e-06  4.344193e-03
2023-04-12 19:23:16	INFO	imstat::::casa	Task imstat complete. Start time: 2023-04-12 19:23:15.979126 End time: 2023-04-12 19:23:16.082281
2023-04-12 19:23:16	INFO	imstat::::casa	##### End Task: imstat               #####
2023-04-12 19:23:16	INFO	imstat::::casa	##########################################
2023-04-12 19:23:16	INFO	imstat::::casa	##########################################
2023-04-12 19:23:16	INFO	imstat::::casa	##### Begin Task: imstat             #####
2023-04-12 19:23:16	INFO	imstat::::casa	imstat( imagename='/lustre/cv/users/jspeedie/data/images_continuum/robust1.0/ABAur_continuum.clean.JvMcorr.image', axes=[], region="annulus[[04h55m45.8549s, +30.33.03.733],['6.00arcsec', '10.0arcsec']]", box='', chans='', stokes='', listit=True, verbose=True, mask='', stretch=False, logfile='', append=True, algorithm='classic', fence=-1.0, center='mean', lside=True, zscore=-1.0, maxiter=-1, clmethod='auto', niter=3 )
2023-04-12 19:23:16	INFO	imstat::AsciiRegionFileParser::_parse	Combined 1 image regions (which excludes any annotation regions)
2023-04-12 19:23:16	INFO	imstat::AsciiRegionFileParser::_parse	The specified region will select all pixels that are included in the region. Full pixels will be included even when they are only partially covered by the region(s).
2023-04-12 19:23:16	INFO	imstat::CasacRegionManager::fromBCS	Region read from text string annulus[[04h55m45.8549s, +30.33.03.733],['6.00arcsec', '10.0arcsec']]
2023-04-12 19:23:16	INFO	imstat::image::statistics 	Determining stats for image ABAur_continuum.clean.JvMcorr.image
2023-04-12 19:23:16	INFO	imstat::ImageRegion::fromRecord	Selected bounding box : 
2023-04-12 19:23:16	INFO	imstat::ImageRegion::fromRecord+	    [524, 524, 0, 0] to [1524, 1524, 0, 0]  (04:55:46.629, +30.32.53.733, I, 2.26769e+11Hz to 04:55:45.081, +30.33.13.733, I, 2.26769e+11Hz)
2023-04-12 19:23:16	INFO	imstat::ImageStatsCalculator::_logStartup	Statistics calculated using Classic algorithm
2023-04-12 19:23:16	INFO	imstat::ImageStatsCalculator::_logStartup	Regions --- 
2023-04-12 19:23:16	INFO	imstat::ImageStatsCalculator::_logStartup	         -- bottom-left corner (pixel) [blc]:  [524, 524, 0, 0]
2023-04-12 19:23:16	INFO	imstat::ImageStatsCalculator::_logStartup	         -- top-right corner (pixel) [trc]:    [1524, 1524, 0, 0]
2023-04-12 19:23:16	INFO	imstat::ImageStatsCalculator::_logStartup	         -- bottom-left corner (world) [blcf]: 04:55:46.629, +30.32.53.733, I, 2.26769e+11Hz
2023-04-12 19:23:16	INFO	imstat::ImageStatsCalculator::_logStartup	         -- top-right corner (world) [trcf]:   04:55:45.081, +30.33.13.733, I, 2.26769e+11Hz
2023-04-12 19:23:16	INFO	imstat::::	Values --- 
2023-04-12 19:23:16	INFO	imstat::::	         -- flux density [flux]:                    -0.0104943 Jy
2023-04-12 19:23:16	INFO	imstat::::	         -- number of points [npts]:                502718
2023-04-12 19:23:16	INFO	imstat::::	         -- maximum value [max]:                    2.15953e-05 Jy/beam
2023-04-12 19:23:16	INFO	imstat::::	         -- minimum value [min]:                    -2.99527e-05 Jy/beam
2023-04-12 19:23:16	INFO	imstat::::	         -- position of max value (pixel) [maxpos]: [1273, 1439, 0, 0]
2023-04-12 19:23:16	INFO	imstat::::	         -- position of min value (pixel) [minpos]: [1489, 1171, 0, 0]
2023-04-12 19:23:16	INFO	imstat::::	         -- position of max value (world) [maxposf]: 04:55:45.469, +30.33.12.033, I, 2.26769e+11Hz
2023-04-12 19:23:16	INFO	imstat::::	         -- position of min value (world) [minposf]: 04:55:45.135, +30.33.06.673, I, 2.26769e+11Hz
2023-04-12 19:23:16	INFO	imstat::::	         -- Sum of pixel values [sum]:               -2.8874 Jy/beam
2023-04-12 19:23:16	INFO	imstat::::	         -- Sum of squared pixel values [sumsq]:     3.84473e-05 Jy/beam.Jy/beam
2023-04-12 19:23:16	INFO	imstat::::	Statistics --- 
2023-04-12 19:23:16	INFO	imstat::::	        -- Mean of the pixel values [mean]:         -5.74359e-06 Jy/beam
2023-04-12 19:23:16	INFO	imstat::::	        -- Variance of the pixel values :           4.34901e-11 Jy/beam
2023-04-12 19:23:16	INFO	imstat::::	        -- Standard deviation of the Mean [sigma]:  6.5947e-06 Jy/beam
2023-04-12 19:23:16	INFO	imstat::::	        -- Root mean square [rms]:                  8.74522e-06 Jy/beam
2023-04-12 19:23:16	INFO	imstat::::	        -- Median of the pixel values [median]:     -6.59979e-06 Jy/beam
2023-04-12 19:23:16	INFO	imstat::::	        -- Median of the deviations [medabsdevmed]: 4.38529e-06 Jy/beam
2023-04-12 19:23:16	INFO	imstat::::	        -- IQR [quartile]:                          9.04159e-06 Jy/beam
2023-04-12 19:23:16	INFO	imstat::::	        -- First quartile [q1]:                     -1.04913e-05 Jy/beam
2023-04-12 19:23:16	INFO	imstat::::	        -- Third quartile [q3]:                     -1.44966e-06 Jy/beam
2023-04-12 19:23:16	INFO	imstat::ImageStatsCalculator::statistics	Sum column unit = Jy/beam
2023-04-12 19:23:16	INFO	imstat::ImageStatsCalculator::statistics+	Mean column unit = Jy/beam
2023-04-12 19:23:16	INFO	imstat::ImageStatsCalculator::statistics+	Std_dev column unit = Jy/beam
2023-04-12 19:23:16	INFO	imstat::ImageStatsCalculator::statistics+	Minimum column unit = Jy/beam
2023-04-12 19:23:16	INFO	imstat::ImageStatsCalculator::statistics+	Maximum column unit = Jy/beam
2023-04-12 19:23:16	INFO	imstat::ImageStatsCalculator::statistics	Npts          Sum           Mean          Rms           Std_dev       Minimum       Maximum     
2023-04-12 19:23:16	INFO	imstat::ImageStatsCalculator::statistics	 5.027180e+05 -2.887404e+00 -5.743585e-06  8.745215e-06  6.594702e-06 -2.995272e-05  2.159527e-05
2023-04-12 19:23:16	INFO	imstat::::casa	Task imstat complete. Start time: 2023-04-12 19:23:16.086278 End time: 2023-04-12 19:23:16.258152
2023-04-12 19:23:16	INFO	imstat::::casa	##### End Task: imstat               #####
2023-04-12 19:23:16	INFO	imstat::::casa	##########################################
2023-04-12 19:23:16	INFO	imstat::::casa	##########################################
2023-04-12 19:23:16	INFO	imstat::::casa	##### Begin Task: imstat             #####
2023-04-12 19:23:16	INFO	imstat::::casa	imstat( imagename='/lustre/cv/users/jspeedie/data/images_continuum/robust1.0/ABAur_continuum.clean.JvMcorr.image', axes=[], region='circle[[04h55m45.8549s, +30.33.03.733], 3.0arcsec]', box='', chans='', stokes='', listit=True, verbose=True, mask='', stretch=False, logfile='', append=True, algorithm='classic', fence=-1.0, center='mean', lside=True, zscore=-1.0, maxiter=-1, clmethod='auto', niter=3 )
2023-04-12 19:23:16	INFO	imstat::AsciiRegionFileParser::_parse	Combined 1 image regions (which excludes any annotation regions)
2023-04-12 19:23:16	INFO	imstat::AsciiRegionFileParser::_parse	The specified region will select all pixels that are included in the region. Full pixels will be included even when they are only partially covered by the region(s).
2023-04-12 19:23:16	INFO	imstat::CasacRegionManager::fromBCS	Region read from text string circle[[04h55m45.8549s, +30.33.03.733], 3.0arcsec]
2023-04-12 19:23:16	INFO	imstat::image::statistics 	Determining stats for image ABAur_continuum.clean.JvMcorr.image
2023-04-12 19:23:16	INFO	imstat::ImageRegion::fromRecord	Selected bounding box : 
2023-04-12 19:23:16	INFO	imstat::ImageRegion::fromRecord+	    [874, 874, 0, 0] to [1174, 1173, 0, 0]  (04:55:46.087, +30.33.00.733, I, 2.26769e+11Hz to 04:55:45.623, +30.33.06.713, I, 2.26769e+11Hz)
2023-04-12 19:23:16	INFO	imstat::ImageStatsCalculator::_logStartup	Statistics calculated using Classic algorithm
2023-04-12 19:23:16	INFO	imstat::ImageStatsCalculator::_logStartup	Regions --- 
2023-04-12 19:23:16	INFO	imstat::ImageStatsCalculator::_logStartup	         -- bottom-left corner (pixel) [blc]:  [874, 874, 0, 0]
2023-04-12 19:23:16	INFO	imstat::ImageStatsCalculator::_logStartup	         -- top-right corner (pixel) [trc]:    [1174, 1173, 0, 0]
2023-04-12 19:23:16	INFO	imstat::ImageStatsCalculator::_logStartup	         -- bottom-left corner (world) [blcf]: 04:55:46.087, +30.33.00.733, I, 2.26769e+11Hz
2023-04-12 19:23:16	INFO	imstat::ImageStatsCalculator::_logStartup	         -- top-right corner (world) [trcf]:   04:55:45.623, +30.33.06.713, I, 2.26769e+11Hz
2023-04-12 19:23:16	INFO	imstat::::	Values --- 
2023-04-12 19:23:16	INFO	imstat::::	         -- flux density [flux]:                    0.0898572 Jy
2023-04-12 19:23:16	INFO	imstat::::	         -- number of points [npts]:                70674
2023-04-12 19:23:16	INFO	imstat::::	         -- maximum value [max]:                    0.00434419 Jy/beam
2023-04-12 19:23:16	INFO	imstat::::	         -- minimum value [min]:                    -7.50557e-06 Jy/beam
2023-04-12 19:23:16	INFO	imstat::::	         -- position of max value (pixel) [maxpos]: [1071, 1012, 0, 0]
2023-04-12 19:23:16	INFO	imstat::::	         -- position of min value (pixel) [minpos]: [921, 929, 0, 0]
2023-04-12 19:23:16	INFO	imstat::::	         -- position of max value (world) [maxposf]: 04:55:45.782, +30.33.03.493, I, 2.26769e+11Hz
2023-04-12 19:23:16	INFO	imstat::::	         -- position of min value (world) [minposf]: 04:55:46.014, +30.33.01.833, I, 2.26769e+11Hz
2023-04-12 19:23:16	INFO	imstat::::	         -- Sum of pixel values [sum]:               24.7234 Jy/beam
2023-04-12 19:23:16	INFO	imstat::::	         -- Sum of squared pixel values [sumsq]:     0.0429366 Jy/beam.Jy/beam
2023-04-12 19:23:16	INFO	imstat::::	Statistics --- 
2023-04-12 19:23:16	INFO	imstat::::	        -- Mean of the pixel values [mean]:         0.000349823 Jy/beam
2023-04-12 19:23:16	INFO	imstat::::	        -- Variance of the pixel values :           4.85161e-07 Jy/beam
2023-04-12 19:23:16	INFO	imstat::::	        -- Standard deviation of the Mean [sigma]:  0.000696535 Jy/beam
2023-04-12 19:23:16	INFO	imstat::::	        -- Root mean square [rms]:                  0.000779442 Jy/beam
2023-04-12 19:23:16	INFO	imstat::::	        -- Median of the pixel values [median]:     3.72964e-05 Jy/beam
2023-04-12 19:23:16	INFO	imstat::::	        -- Median of the deviations [medabsdevmed]: 2.92965e-05 Jy/beam
2023-04-12 19:23:16	INFO	imstat::::	        -- IQR [quartile]:                          0.000243796 Jy/beam
2023-04-12 19:23:16	INFO	imstat::::	        -- First quartile [q1]:                     1.54689e-05 Jy/beam
2023-04-12 19:23:16	INFO	imstat::::	        -- Third quartile [q3]:                     0.000259265 Jy/beam
2023-04-12 19:23:16	INFO	imstat::ImageStatsCalculator::statistics	Sum column unit = Jy/beam
2023-04-12 19:23:16	INFO	imstat::ImageStatsCalculator::statistics+	Mean column unit = Jy/beam
2023-04-12 19:23:16	INFO	imstat::ImageStatsCalculator::statistics+	Std_dev column unit = Jy/beam
2023-04-12 19:23:16	INFO	imstat::ImageStatsCalculator::statistics+	Minimum column unit = Jy/beam
2023-04-12 19:23:16	INFO	imstat::ImageStatsCalculator::statistics+	Maximum column unit = Jy/beam
2023-04-12 19:23:16	INFO	imstat::ImageStatsCalculator::statistics	Npts          Sum           Mean          Rms           Std_dev       Minimum       Maximum     
2023-04-12 19:23:16	INFO	imstat::ImageStatsCalculator::statistics	 7.067400e+04  2.472338e+01  3.498228e-04  7.794422e-04  6.965350e-04 -7.505571e-06  4.344193e-03
2023-04-12 19:23:16	INFO	imstat::::casa	Task imstat complete. Start time: 2023-04-12 19:23:16.263943 End time: 2023-04-12 19:23:16.371968
2023-04-12 19:23:16	INFO	imstat::::casa	##### End Task: imstat               #####
2023-04-12 19:23:16	INFO	imstat::::casa	##########################################
2023-04-12 19:23:16	INFO	imstat::::casa	##########################################
2023-04-12 19:23:16	INFO	imstat::::casa	##### Begin Task: imstat             #####
2023-04-12 19:23:16	INFO	imstat::::casa	imstat( imagename='/lustre/cv/users/jspeedie/data/images_continuum/robust1.0/ABAur_continuum.clean.JvMcorr.image', axes=[], region="annulus[[04h55m45.8549s, +30.33.03.733],['6.00arcsec', '10.0arcsec']]", box='', chans='', stokes='', listit=True, verbose=True, mask='', stretch=False, logfile='', append=True, algorithm='classic', fence=-1.0, center='mean', lside=True, zscore=-1.0, maxiter=-1, clmethod='auto', niter=3 )
2023-04-12 19:23:16	INFO	imstat::AsciiRegionFileParser::_parse	Combined 1 image regions (which excludes any annotation regions)
2023-04-12 19:23:16	INFO	imstat::AsciiRegionFileParser::_parse	The specified region will select all pixels that are included in the region. Full pixels will be included even when they are only partially covered by the region(s).
2023-04-12 19:23:16	INFO	imstat::CasacRegionManager::fromBCS	Region read from text string annulus[[04h55m45.8549s, +30.33.03.733],['6.00arcsec', '10.0arcsec']]
2023-04-12 19:23:16	INFO	imstat::image::statistics 	Determining stats for image ABAur_continuum.clean.JvMcorr.image
2023-04-12 19:23:16	INFO	imstat::ImageRegion::fromRecord	Selected bounding box : 
2023-04-12 19:23:16	INFO	imstat::ImageRegion::fromRecord+	    [524, 524, 0, 0] to [1524, 1524, 0, 0]  (04:55:46.629, +30.32.53.733, I, 2.26769e+11Hz to 04:55:45.081, +30.33.13.733, I, 2.26769e+11Hz)
2023-04-12 19:23:16	INFO	imstat::ImageStatsCalculator::_logStartup	Statistics calculated using Classic algorithm
2023-04-12 19:23:16	INFO	imstat::ImageStatsCalculator::_logStartup	Regions --- 
2023-04-12 19:23:16	INFO	imstat::ImageStatsCalculator::_logStartup	         -- bottom-left corner (pixel) [blc]:  [524, 524, 0, 0]
2023-04-12 19:23:16	INFO	imstat::ImageStatsCalculator::_logStartup	         -- top-right corner (pixel) [trc]:    [1524, 1524, 0, 0]
2023-04-12 19:23:16	INFO	imstat::ImageStatsCalculator::_logStartup	         -- bottom-left corner (world) [blcf]: 04:55:46.629, +30.32.53.733, I, 2.26769e+11Hz
2023-04-12 19:23:16	INFO	imstat::ImageStatsCalculator::_logStartup	         -- top-right corner (world) [trcf]:   04:55:45.081, +30.33.13.733, I, 2.26769e+11Hz
2023-04-12 19:23:16	INFO	imstat::::	Values --- 
2023-04-12 19:23:16	INFO	imstat::::	         -- flux density [flux]:                    -0.0104943 Jy
2023-04-12 19:23:16	INFO	imstat::::	         -- number of points [npts]:                502718
2023-04-12 19:23:16	INFO	imstat::::	         -- maximum value [max]:                    2.15953e-05 Jy/beam
2023-04-12 19:23:16	INFO	imstat::::	         -- minimum value [min]:                    -2.99527e-05 Jy/beam
2023-04-12 19:23:16	INFO	imstat::::	         -- position of max value (pixel) [maxpos]: [1273, 1439, 0, 0]
2023-04-12 19:23:16	INFO	imstat::::	         -- position of min value (pixel) [minpos]: [1489, 1171, 0, 0]
2023-04-12 19:23:16	INFO	imstat::::	         -- position of max value (world) [maxposf]: 04:55:45.469, +30.33.12.033, I, 2.26769e+11Hz
2023-04-12 19:23:16	INFO	imstat::::	         -- position of min value (world) [minposf]: 04:55:45.135, +30.33.06.673, I, 2.26769e+11Hz
2023-04-12 19:23:16	INFO	imstat::::	         -- Sum of pixel values [sum]:               -2.8874 Jy/beam
2023-04-12 19:23:16	INFO	imstat::::	         -- Sum of squared pixel values [sumsq]:     3.84473e-05 Jy/beam.Jy/beam
2023-04-12 19:23:16	INFO	imstat::::	Statistics --- 
2023-04-12 19:23:16	INFO	imstat::::	        -- Mean of the pixel values [mean]:         -5.74359e-06 Jy/beam
2023-04-12 19:23:16	INFO	imstat::::	        -- Variance of the pixel values :           4.34901e-11 Jy/beam
2023-04-12 19:23:16	INFO	imstat::::	        -- Standard deviation of the Mean [sigma]:  6.5947e-06 Jy/beam
2023-04-12 19:23:16	INFO	imstat::::	        -- Root mean square [rms]:                  8.74522e-06 Jy/beam
2023-04-12 19:23:16	INFO	imstat::::	        -- Median of the pixel values [median]:     -6.59979e-06 Jy/beam
2023-04-12 19:23:16	INFO	imstat::::	        -- Median of the deviations [medabsdevmed]: 4.38529e-06 Jy/beam
2023-04-12 19:23:16	INFO	imstat::::	        -- IQR [quartile]:                          9.04159e-06 Jy/beam
2023-04-12 19:23:16	INFO	imstat::::	        -- First quartile [q1]:                     -1.04913e-05 Jy/beam
2023-04-12 19:23:16	INFO	imstat::::	        -- Third quartile [q3]:                     -1.44966e-06 Jy/beam
2023-04-12 19:23:16	INFO	imstat::ImageStatsCalculator::statistics	Sum column unit = Jy/beam
2023-04-12 19:23:16	INFO	imstat::ImageStatsCalculator::statistics+	Mean column unit = Jy/beam
2023-04-12 19:23:16	INFO	imstat::ImageStatsCalculator::statistics+	Std_dev column unit = Jy/beam
2023-04-12 19:23:16	INFO	imstat::ImageStatsCalculator::statistics+	Minimum column unit = Jy/beam
2023-04-12 19:23:16	INFO	imstat::ImageStatsCalculator::statistics+	Maximum column unit = Jy/beam
2023-04-12 19:23:16	INFO	imstat::ImageStatsCalculator::statistics	Npts          Sum           Mean          Rms           Std_dev       Minimum       Maximum     
2023-04-12 19:23:16	INFO	imstat::ImageStatsCalculator::statistics	 5.027180e+05 -2.887404e+00 -5.743585e-06  8.745215e-06  6.594702e-06 -2.995272e-05  2.159527e-05
2023-04-12 19:23:17	INFO	imstat::::casa	Task imstat complete. Start time: 2023-04-12 19:23:16.375729 End time: 2023-04-12 19:23:16.502453
2023-04-12 19:23:17	INFO	imstat::::casa	##### End Task: imstat               #####
2023-04-12 19:23:17	INFO	imstat::::casa	##########################################
2023-04-12 19:23:17	INFO	imstat::::casa	##########################################
2023-04-12 19:23:17	INFO	imstat::::casa	##### Begin Task: imstat             #####
2023-04-12 19:23:17	INFO	imstat::::casa	imstat( imagename='/lustre/cv/users/jspeedie/data/images_continuum/robust1.0/ABAur_continuum.clean.JvMcorr_lowres.image', axes=[], region='circle[[04h55m45.8549s, +30.33.03.733], 3.0arcsec]', box='', chans='', stokes='', listit=True, verbose=True, mask='', stretch=False, logfile='', append=True, algorithm='classic', fence=-1.0, center='mean', lside=True, zscore=-1.0, maxiter=-1, clmethod='auto', niter=3 )
2023-04-12 19:23:17	INFO	imstat::AsciiRegionFileParser::_parse	Combined 1 image regions (which excludes any annotation regions)
2023-04-12 19:23:17	INFO	imstat::AsciiRegionFileParser::_parse	The specified region will select all pixels that are included in the region. Full pixels will be included even when they are only partially covered by the region(s).
2023-04-12 19:23:17	INFO	imstat::CasacRegionManager::fromBCS	Region read from text string circle[[04h55m45.8549s, +30.33.03.733], 3.0arcsec]
2023-04-12 19:23:17	INFO	imstat::image::statistics 	Determining stats for image ABAur_continuum.clean.JvMcorr_lowres.image
2023-04-12 19:23:17	INFO	imstat::ImageRegion::fromRecord	Selected bounding box : 
2023-04-12 19:23:17	INFO	imstat::ImageRegion::fromRecord+	    [874, 874, 0, 0] to [1174, 1173, 0, 0]  (04:55:46.087, +30.33.00.733, I, 2.26769e+11Hz to 04:55:45.623, +30.33.06.713, I, 2.26769e+11Hz)
2023-04-12 19:23:17	INFO	imstat::ImageStatsCalculator::_logStartup	Statistics calculated using Classic algorithm
2023-04-12 19:23:17	INFO	imstat::ImageStatsCalculator::_logStartup	Regions --- 
2023-04-12 19:23:17	INFO	imstat::ImageStatsCalculator::_logStartup	         -- bottom-left corner (pixel) [blc]:  [874, 874, 0, 0]
2023-04-12 19:23:17	INFO	imstat::ImageStatsCalculator::_logStartup	         -- top-right corner (pixel) [trc]:    [1174, 1173, 0, 0]
2023-04-12 19:23:17	INFO	imstat::ImageStatsCalculator::_logStartup	         -- bottom-left corner (world) [blcf]: 04:55:46.087, +30.33.00.733, I, 2.26769e+11Hz
2023-04-12 19:23:17	INFO	imstat::ImageStatsCalculator::_logStartup	         -- top-right corner (world) [trcf]:   04:55:45.623, +30.33.06.713, I, 2.26769e+11Hz
2023-04-12 19:23:17	INFO	imstat::::	Values --- 
2023-04-12 19:23:17	INFO	imstat::::	         -- flux density [flux]:                    0.0898572 Jy
2023-04-12 19:23:17	INFO	imstat::::	         -- number of points [npts]:                70674
2023-04-12 19:23:17	INFO	imstat::::	         -- maximum value [max]:                    0.00921429 Jy/beam
2023-04-12 19:23:17	INFO	imstat::::	         -- minimum value [min]:                    -2.12539e-05 Jy/beam
2023-04-12 19:23:17	INFO	imstat::::	         -- position of max value (pixel) [maxpos]: [1072, 1022, 0, 0]
2023-04-12 19:23:17	INFO	imstat::::	         -- position of min value (pixel) [minpos]: [921, 929, 0, 0]
2023-04-12 19:23:17	INFO	imstat::::	         -- position of max value (world) [maxposf]: 04:55:45.781, +30.33.03.693, I, 2.26769e+11Hz
2023-04-12 19:23:17	INFO	imstat::::	         -- position of min value (world) [minposf]: 04:55:46.014, +30.33.01.833, I, 2.26769e+11Hz
2023-04-12 19:23:17	INFO	imstat::::	         -- Sum of pixel values [sum]:               70.0108 Jy/beam
2023-04-12 19:23:17	INFO	imstat::::	         -- Sum of squared pixel values [sumsq]:     0.272094 Jy/beam.Jy/beam
2023-04-12 19:23:17	INFO	imstat::::	Statistics --- 
2023-04-12 19:23:17	INFO	imstat::::	        -- Mean of the pixel values [mean]:         0.000990617 Jy/beam
2023-04-12 19:23:17	INFO	imstat::::	        -- Variance of the pixel values :           2.8687e-06 Jy/beam
2023-04-12 19:23:17	INFO	imstat::::	        -- Standard deviation of the Mean [sigma]:  0.00169373 Jy/beam
2023-04-12 19:23:17	INFO	imstat::::	        -- Root mean square [rms]:                  0.00196214 Jy/beam
2023-04-12 19:23:17	INFO	imstat::::	        -- Median of the pixel values [median]:     0.000111031 Jy/beam
2023-04-12 19:23:17	INFO	imstat::::	        -- Median of the deviations [medabsdevmed]: 9.38805e-05 Jy/beam
2023-04-12 19:23:17	INFO	imstat::::	        -- IQR [quartile]:                          0.00118322 Jy/beam
2023-04-12 19:23:17	INFO	imstat::::	        -- First quartile [q1]:                     4.38634e-05 Jy/beam
2023-04-12 19:23:17	INFO	imstat::::	        -- Third quartile [q3]:                     0.00122708 Jy/beam
2023-04-12 19:23:17	INFO	imstat::ImageStatsCalculator::statistics	Sum column unit = Jy/beam
2023-04-12 19:23:17	INFO	imstat::ImageStatsCalculator::statistics+	Mean column unit = Jy/beam
2023-04-12 19:23:17	INFO	imstat::ImageStatsCalculator::statistics+	Std_dev column unit = Jy/beam
2023-04-12 19:23:17	INFO	imstat::ImageStatsCalculator::statistics+	Minimum column unit = Jy/beam
2023-04-12 19:23:17	INFO	imstat::ImageStatsCalculator::statistics+	Maximum column unit = Jy/beam
2023-04-12 19:23:17	INFO	imstat::ImageStatsCalculator::statistics	Npts          Sum           Mean          Rms           Std_dev       Minimum       Maximum     
2023-04-12 19:23:17	INFO	imstat::ImageStatsCalculator::statistics	 7.067400e+04  7.001084e+01  9.906166e-04  1.962138e-03  1.693725e-03 -2.125391e-05  9.214294e-03
2023-04-12 19:23:17	INFO	imstat::::casa	Task imstat complete. Start time: 2023-04-12 19:23:16.507419 End time: 2023-04-12 19:23:16.610319
2023-04-12 19:23:17	INFO	imstat::::casa	##### End Task: imstat               #####
2023-04-12 19:23:17	INFO	imstat::::casa	##########################################
2023-04-12 19:23:17	INFO	imstat::::casa	##########################################
2023-04-12 19:23:17	INFO	imstat::::casa	##### Begin Task: imstat             #####
2023-04-12 19:23:17	INFO	imstat::::casa	imstat( imagename='/lustre/cv/users/jspeedie/data/images_continuum/robust1.0/ABAur_continuum.clean.JvMcorr_lowres.image', axes=[], region='circle[[04h55m45.8549s, +30.33.03.733], 3.0arcsec]', box='', chans='', stokes='', listit=True, verbose=True, mask='', stretch=False, logfile='', append=True, algorithm='classic', fence=-1.0, center='mean', lside=True, zscore=-1.0, maxiter=-1, clmethod='auto', niter=3 )
2023-04-12 19:23:17	INFO	imstat::AsciiRegionFileParser::_parse	Combined 1 image regions (which excludes any annotation regions)
2023-04-12 19:23:17	INFO	imstat::AsciiRegionFileParser::_parse	The specified region will select all pixels that are included in the region. Full pixels will be included even when they are only partially covered by the region(s).
2023-04-12 19:23:17	INFO	imstat::CasacRegionManager::fromBCS	Region read from text string circle[[04h55m45.8549s, +30.33.03.733], 3.0arcsec]
2023-04-12 19:23:17	INFO	imstat::image::statistics 	Determining stats for image ABAur_continuum.clean.JvMcorr_lowres.image
2023-04-12 19:23:17	INFO	imstat::ImageRegion::fromRecord	Selected bounding box : 
2023-04-12 19:23:17	INFO	imstat::ImageRegion::fromRecord+	    [874, 874, 0, 0] to [1174, 1173, 0, 0]  (04:55:46.087, +30.33.00.733, I, 2.26769e+11Hz to 04:55:45.623, +30.33.06.713, I, 2.26769e+11Hz)
2023-04-12 19:23:17	INFO	imstat::ImageStatsCalculator::_logStartup	Statistics calculated using Classic algorithm
2023-04-12 19:23:17	INFO	imstat::ImageStatsCalculator::_logStartup	Regions --- 
2023-04-12 19:23:17	INFO	imstat::ImageStatsCalculator::_logStartup	         -- bottom-left corner (pixel) [blc]:  [874, 874, 0, 0]
2023-04-12 19:23:17	INFO	imstat::ImageStatsCalculator::_logStartup	         -- top-right corner (pixel) [trc]:    [1174, 1173, 0, 0]
2023-04-12 19:23:17	INFO	imstat::ImageStatsCalculator::_logStartup	         -- bottom-left corner (world) [blcf]: 04:55:46.087, +30.33.00.733, I, 2.26769e+11Hz
2023-04-12 19:23:17	INFO	imstat::ImageStatsCalculator::_logStartup	         -- top-right corner (world) [trcf]:   04:55:45.623, +30.33.06.713, I, 2.26769e+11Hz
2023-04-12 19:23:17	INFO	imstat::::	Values --- 
2023-04-12 19:23:17	INFO	imstat::::	         -- flux density [flux]:                    0.0898572 Jy
2023-04-12 19:23:17	INFO	imstat::::	         -- number of points [npts]:                70674
2023-04-12 19:23:17	INFO	imstat::::	         -- maximum value [max]:                    0.00921429 Jy/beam
2023-04-12 19:23:17	INFO	imstat::::	         -- minimum value [min]:                    -2.12539e-05 Jy/beam
2023-04-12 19:23:17	INFO	imstat::::	         -- position of max value (pixel) [maxpos]: [1072, 1022, 0, 0]
2023-04-12 19:23:17	INFO	imstat::::	         -- position of min value (pixel) [minpos]: [921, 929, 0, 0]
2023-04-12 19:23:17	INFO	imstat::::	         -- position of max value (world) [maxposf]: 04:55:45.781, +30.33.03.693, I, 2.26769e+11Hz
2023-04-12 19:23:17	INFO	imstat::::	         -- position of min value (world) [minposf]: 04:55:46.014, +30.33.01.833, I, 2.26769e+11Hz
2023-04-12 19:23:17	INFO	imstat::::	         -- Sum of pixel values [sum]:               70.0108 Jy/beam
2023-04-12 19:23:17	INFO	imstat::::	         -- Sum of squared pixel values [sumsq]:     0.272094 Jy/beam.Jy/beam
2023-04-12 19:23:17	INFO	imstat::::	Statistics --- 
2023-04-12 19:23:17	INFO	imstat::::	        -- Mean of the pixel values [mean]:         0.000990617 Jy/beam
2023-04-12 19:23:17	INFO	imstat::::	        -- Variance of the pixel values :           2.8687e-06 Jy/beam
2023-04-12 19:23:17	INFO	imstat::::	        -- Standard deviation of the Mean [sigma]:  0.00169373 Jy/beam
2023-04-12 19:23:17	INFO	imstat::::	        -- Root mean square [rms]:                  0.00196214 Jy/beam
2023-04-12 19:23:17	INFO	imstat::::	        -- Median of the pixel values [median]:     0.000111031 Jy/beam
2023-04-12 19:23:17	INFO	imstat::::	        -- Median of the deviations [medabsdevmed]: 9.38805e-05 Jy/beam
2023-04-12 19:23:17	INFO	imstat::::	        -- IQR [quartile]:                          0.00118322 Jy/beam
2023-04-12 19:23:17	INFO	imstat::::	        -- First quartile [q1]:                     4.38634e-05 Jy/beam
2023-04-12 19:23:17	INFO	imstat::::	        -- Third quartile [q3]:                     0.00122708 Jy/beam
2023-04-12 19:23:17	INFO	imstat::ImageStatsCalculator::statistics	Sum column unit = Jy/beam
2023-04-12 19:23:17	INFO	imstat::ImageStatsCalculator::statistics+	Mean column unit = Jy/beam
2023-04-12 19:23:17	INFO	imstat::ImageStatsCalculator::statistics+	Std_dev column unit = Jy/beam
2023-04-12 19:23:17	INFO	imstat::ImageStatsCalculator::statistics+	Minimum column unit = Jy/beam
2023-04-12 19:23:17	INFO	imstat::ImageStatsCalculator::statistics+	Maximum column unit = Jy/beam
2023-04-12 19:23:17	INFO	imstat::ImageStatsCalculator::statistics	Npts          Sum           Mean          Rms           Std_dev       Minimum       Maximum     
2023-04-12 19:23:17	INFO	imstat::ImageStatsCalculator::statistics	 7.067400e+04  7.001084e+01  9.906166e-04  1.962138e-03  1.693725e-03 -2.125391e-05  9.214294e-03
2023-04-12 19:23:17	INFO	imstat::::casa	Task imstat complete. Start time: 2023-04-12 19:23:16.613690 End time: 2023-04-12 19:23:16.707593
2023-04-12 19:23:17	INFO	imstat::::casa	##### End Task: imstat               #####
2023-04-12 19:23:17	INFO	imstat::::casa	##########################################
2023-04-12 19:23:17	INFO	imstat::::casa	##########################################
2023-04-12 19:23:17	INFO	imstat::::casa	##### Begin Task: imstat             #####
2023-04-12 19:23:17	INFO	imstat::::casa	imstat( imagename='/lustre/cv/users/jspeedie/data/images_continuum/robust1.0/ABAur_continuum.clean.JvMcorr_lowres.image', axes=[], region="annulus[[04h55m45.8549s, +30.33.03.733],['6.00arcsec', '10.0arcsec']]", box='', chans='', stokes='', listit=True, verbose=True, mask='', stretch=False, logfile='', append=True, algorithm='classic', fence=-1.0, center='mean', lside=True, zscore=-1.0, maxiter=-1, clmethod='auto', niter=3 )
2023-04-12 19:23:17	INFO	imstat::AsciiRegionFileParser::_parse	Combined 1 image regions (which excludes any annotation regions)
2023-04-12 19:23:17	INFO	imstat::AsciiRegionFileParser::_parse	The specified region will select all pixels that are included in the region. Full pixels will be included even when they are only partially covered by the region(s).
2023-04-12 19:23:17	INFO	imstat::CasacRegionManager::fromBCS	Region read from text string annulus[[04h55m45.8549s, +30.33.03.733],['6.00arcsec', '10.0arcsec']]
2023-04-12 19:23:17	INFO	imstat::image::statistics 	Determining stats for image ABAur_continuum.clean.JvMcorr_lowres.image
2023-04-12 19:23:17	INFO	imstat::ImageRegion::fromRecord	Selected bounding box : 
2023-04-12 19:23:17	INFO	imstat::ImageRegion::fromRecord+	    [524, 524, 0, 0] to [1524, 1524, 0, 0]  (04:55:46.629, +30.32.53.733, I, 2.26769e+11Hz to 04:55:45.081, +30.33.13.733, I, 2.26769e+11Hz)
2023-04-12 19:23:17	INFO	imstat::ImageStatsCalculator::_logStartup	Statistics calculated using Classic algorithm
2023-04-12 19:23:17	INFO	imstat::ImageStatsCalculator::_logStartup	Regions --- 
2023-04-12 19:23:17	INFO	imstat::ImageStatsCalculator::_logStartup	         -- bottom-left corner (pixel) [blc]:  [524, 524, 0, 0]
2023-04-12 19:23:17	INFO	imstat::ImageStatsCalculator::_logStartup	         -- top-right corner (pixel) [trc]:    [1524, 1524, 0, 0]
2023-04-12 19:23:17	INFO	imstat::ImageStatsCalculator::_logStartup	         -- bottom-left corner (world) [blcf]: 04:55:46.629, +30.32.53.733, I, 2.26769e+11Hz
2023-04-12 19:23:17	INFO	imstat::ImageStatsCalculator::_logStartup	         -- top-right corner (world) [trcf]:   04:55:45.081, +30.33.13.733, I, 2.26769e+11Hz
2023-04-12 19:23:17	INFO	imstat::::	Values --- 
2023-04-12 19:23:17	INFO	imstat::::	         -- flux density [flux]:                    -0.0104943 Jy
2023-04-12 19:23:17	INFO	imstat::::	         -- number of points [npts]:                502718
2023-04-12 19:23:17	INFO	imstat::::	         -- maximum value [max]:                    6.11528e-05 Jy/beam
2023-04-12 19:23:17	INFO	imstat::::	         -- minimum value [min]:                    -8.48191e-05 Jy/beam
2023-04-12 19:23:17	INFO	imstat::::	         -- position of max value (pixel) [maxpos]: [1273, 1439, 0, 0]
2023-04-12 19:23:17	INFO	imstat::::	         -- position of min value (pixel) [minpos]: [1489, 1171, 0, 0]
2023-04-12 19:23:17	INFO	imstat::::	         -- position of max value (world) [maxposf]: 04:55:45.469, +30.33.12.033, I, 2.26769e+11Hz
2023-04-12 19:23:17	INFO	imstat::::	         -- position of min value (world) [minposf]: 04:55:45.135, +30.33.06.673, I, 2.26769e+11Hz
2023-04-12 19:23:17	INFO	imstat::::	         -- Sum of pixel values [sum]:               -8.17645 Jy/beam
2023-04-12 19:23:17	INFO	imstat::::	         -- Sum of squared pixel values [sumsq]:     0.000308305 Jy/beam.Jy/beam
2023-04-12 19:23:17	INFO	imstat::::	Statistics --- 
2023-04-12 19:23:17	INFO	imstat::::	        -- Mean of the pixel values [mean]:         -1.62645e-05 Jy/beam
2023-04-12 19:23:17	INFO	imstat::::	        -- Variance of the pixel values :           3.48743e-10 Jy/beam
2023-04-12 19:23:17	INFO	imstat::::	        -- Standard deviation of the Mean [sigma]:  1.86747e-05 Jy/beam
2023-04-12 19:23:17	INFO	imstat::::	        -- Root mean square [rms]:                  2.47644e-05 Jy/beam
2023-04-12 19:23:17	INFO	imstat::::	        -- Median of the pixel values [median]:     -1.8689e-05 Jy/beam
2023-04-12 19:23:17	INFO	imstat::::	        -- Median of the deviations [medabsdevmed]: 1.24181e-05 Jy/beam
2023-04-12 19:23:17	INFO	imstat::::	        -- IQR [quartile]:                          2.56038e-05 Jy/beam
2023-04-12 19:23:17	INFO	imstat::::	        -- First quartile [q1]:                     -2.97088e-05 Jy/beam
2023-04-12 19:23:17	INFO	imstat::::	        -- Third quartile [q3]:                     -4.10503e-06 Jy/beam
2023-04-12 19:23:17	INFO	imstat::ImageStatsCalculator::statistics	Sum column unit = Jy/beam
2023-04-12 19:23:17	INFO	imstat::ImageStatsCalculator::statistics+	Mean column unit = Jy/beam
2023-04-12 19:23:17	INFO	imstat::ImageStatsCalculator::statistics+	Std_dev column unit = Jy/beam
2023-04-12 19:23:17	INFO	imstat::ImageStatsCalculator::statistics+	Minimum column unit = Jy/beam
2023-04-12 19:23:17	INFO	imstat::ImageStatsCalculator::statistics+	Maximum column unit = Jy/beam
2023-04-12 19:23:17	INFO	imstat::ImageStatsCalculator::statistics	Npts          Sum           Mean          Rms           Std_dev       Minimum       Maximum     
2023-04-12 19:23:17	INFO	imstat::ImageStatsCalculator::statistics	 5.027180e+05 -8.176454e+00 -1.626449e-05  2.476441e-05  1.867466e-05 -8.481909e-05  6.115284e-05
2023-04-12 19:23:17	INFO	imstat::::casa	Task imstat complete. Start time: 2023-04-12 19:23:16.710903 End time: 2023-04-12 19:23:16.835748
2023-04-12 19:23:17	INFO	imstat::::casa	##### End Task: imstat               #####
2023-04-12 19:23:17	INFO	imstat::::casa	##########################################
2023-04-12 19:23:17	INFO	imstat::::casa	##########################################
2023-04-12 19:23:17	INFO	imstat::::casa	##### Begin Task: imstat             #####
2023-04-12 19:23:17	INFO	imstat::::casa	imstat( imagename='/lustre/cv/users/jspeedie/data/images_continuum/robust1.0/ABAur_continuum.clean.JvMcorr_lowres.image', axes=[], region='circle[[04h55m45.8549s, +30.33.03.733], 3.0arcsec]', box='', chans='', stokes='', listit=True, verbose=True, mask='', stretch=False, logfile='', append=True, algorithm='classic', fence=-1.0, center='mean', lside=True, zscore=-1.0, maxiter=-1, clmethod='auto', niter=3 )
2023-04-12 19:23:17	INFO	imstat::AsciiRegionFileParser::_parse	Combined 1 image regions (which excludes any annotation regions)
2023-04-12 19:23:17	INFO	imstat::AsciiRegionFileParser::_parse	The specified region will select all pixels that are included in the region. Full pixels will be included even when they are only partially covered by the region(s).
2023-04-12 19:23:17	INFO	imstat::CasacRegionManager::fromBCS	Region read from text string circle[[04h55m45.8549s, +30.33.03.733], 3.0arcsec]
2023-04-12 19:23:17	INFO	imstat::image::statistics 	Determining stats for image ABAur_continuum.clean.JvMcorr_lowres.image
2023-04-12 19:23:17	INFO	imstat::ImageRegion::fromRecord	Selected bounding box : 
2023-04-12 19:23:17	INFO	imstat::ImageRegion::fromRecord+	    [874, 874, 0, 0] to [1174, 1173, 0, 0]  (04:55:46.087, +30.33.00.733, I, 2.26769e+11Hz to 04:55:45.623, +30.33.06.713, I, 2.26769e+11Hz)
2023-04-12 19:23:17	INFO	imstat::ImageStatsCalculator::_logStartup	Statistics calculated using Classic algorithm
2023-04-12 19:23:17	INFO	imstat::ImageStatsCalculator::_logStartup	Regions --- 
2023-04-12 19:23:17	INFO	imstat::ImageStatsCalculator::_logStartup	         -- bottom-left corner (pixel) [blc]:  [874, 874, 0, 0]
2023-04-12 19:23:17	INFO	imstat::ImageStatsCalculator::_logStartup	         -- top-right corner (pixel) [trc]:    [1174, 1173, 0, 0]
2023-04-12 19:23:17	INFO	imstat::ImageStatsCalculator::_logStartup	         -- bottom-left corner (world) [blcf]: 04:55:46.087, +30.33.00.733, I, 2.26769e+11Hz
2023-04-12 19:23:17	INFO	imstat::ImageStatsCalculator::_logStartup	         -- top-right corner (world) [trcf]:   04:55:45.623, +30.33.06.713, I, 2.26769e+11Hz
2023-04-12 19:23:17	INFO	imstat::::	Values --- 
2023-04-12 19:23:17	INFO	imstat::::	         -- flux density [flux]:                    0.0898572 Jy
2023-04-12 19:23:17	INFO	imstat::::	         -- number of points [npts]:                70674
2023-04-12 19:23:17	INFO	imstat::::	         -- maximum value [max]:                    0.00921429 Jy/beam
2023-04-12 19:23:17	INFO	imstat::::	         -- minimum value [min]:                    -2.12539e-05 Jy/beam
2023-04-12 19:23:17	INFO	imstat::::	         -- position of max value (pixel) [maxpos]: [1072, 1022, 0, 0]
2023-04-12 19:23:17	INFO	imstat::::	         -- position of min value (pixel) [minpos]: [921, 929, 0, 0]
2023-04-12 19:23:17	INFO	imstat::::	         -- position of max value (world) [maxposf]: 04:55:45.781, +30.33.03.693, I, 2.26769e+11Hz
2023-04-12 19:23:17	INFO	imstat::::	         -- position of min value (world) [minposf]: 04:55:46.014, +30.33.01.833, I, 2.26769e+11Hz
2023-04-12 19:23:17	INFO	imstat::::	         -- Sum of pixel values [sum]:               70.0108 Jy/beam
2023-04-12 19:23:17	INFO	imstat::::	         -- Sum of squared pixel values [sumsq]:     0.272094 Jy/beam.Jy/beam
2023-04-12 19:23:17	INFO	imstat::::	Statistics --- 
2023-04-12 19:23:17	INFO	imstat::::	        -- Mean of the pixel values [mean]:         0.000990617 Jy/beam
2023-04-12 19:23:17	INFO	imstat::::	        -- Variance of the pixel values :           2.8687e-06 Jy/beam
2023-04-12 19:23:17	INFO	imstat::::	        -- Standard deviation of the Mean [sigma]:  0.00169373 Jy/beam
2023-04-12 19:23:17	INFO	imstat::::	        -- Root mean square [rms]:                  0.00196214 Jy/beam
2023-04-12 19:23:17	INFO	imstat::::	        -- Median of the pixel values [median]:     0.000111031 Jy/beam
2023-04-12 19:23:17	INFO	imstat::::	        -- Median of the deviations [medabsdevmed]: 9.38805e-05 Jy/beam
2023-04-12 19:23:17	INFO	imstat::::	        -- IQR [quartile]:                          0.00118322 Jy/beam
2023-04-12 19:23:17	INFO	imstat::::	        -- First quartile [q1]:                     4.38634e-05 Jy/beam
2023-04-12 19:23:17	INFO	imstat::::	        -- Third quartile [q3]:                     0.00122708 Jy/beam
2023-04-12 19:23:17	INFO	imstat::ImageStatsCalculator::statistics	Sum column unit = Jy/beam
2023-04-12 19:23:17	INFO	imstat::ImageStatsCalculator::statistics+	Mean column unit = Jy/beam
2023-04-12 19:23:17	INFO	imstat::ImageStatsCalculator::statistics+	Std_dev column unit = Jy/beam
2023-04-12 19:23:17	INFO	imstat::ImageStatsCalculator::statistics+	Minimum column unit = Jy/beam
2023-04-12 19:23:17	INFO	imstat::ImageStatsCalculator::statistics+	Maximum column unit = Jy/beam
2023-04-12 19:23:17	INFO	imstat::ImageStatsCalculator::statistics	Npts          Sum           Mean          Rms           Std_dev       Minimum       Maximum     
2023-04-12 19:23:17	INFO	imstat::ImageStatsCalculator::statistics	 7.067400e+04  7.001084e+01  9.906166e-04  1.962138e-03  1.693725e-03 -2.125391e-05  9.214294e-03
2023-04-12 19:23:17	INFO	imstat::::casa	Task imstat complete. Start time: 2023-04-12 19:23:16.839733 End time: 2023-04-12 19:23:16.938160
2023-04-12 19:23:17	INFO	imstat::::casa	##### End Task: imstat               #####
2023-04-12 19:23:17	INFO	imstat::::casa	##########################################
2023-04-12 19:23:17	INFO	imstat::::casa	##########################################
2023-04-12 19:23:17	INFO	imstat::::casa	##### Begin Task: imstat             #####
2023-04-12 19:23:17	INFO	imstat::::casa	imstat( imagename='/lustre/cv/users/jspeedie/data/images_continuum/robust1.0/ABAur_continuum.clean.JvMcorr_lowres.image', axes=[], region="annulus[[04h55m45.8549s, +30.33.03.733],['6.00arcsec', '10.0arcsec']]", box='', chans='', stokes='', listit=True, verbose=True, mask='', stretch=False, logfile='', append=True, algorithm='classic', fence=-1.0, center='mean', lside=True, zscore=-1.0, maxiter=-1, clmethod='auto', niter=3 )
2023-04-12 19:23:17	INFO	imstat::AsciiRegionFileParser::_parse	Combined 1 image regions (which excludes any annotation regions)
2023-04-12 19:23:17	INFO	imstat::AsciiRegionFileParser::_parse	The specified region will select all pixels that are included in the region. Full pixels will be included even when they are only partially covered by the region(s).
2023-04-12 19:23:17	INFO	imstat::CasacRegionManager::fromBCS	Region read from text string annulus[[04h55m45.8549s, +30.33.03.733],['6.00arcsec', '10.0arcsec']]
2023-04-12 19:23:17	INFO	imstat::image::statistics 	Determining stats for image ABAur_continuum.clean.JvMcorr_lowres.image
2023-04-12 19:23:17	INFO	imstat::ImageRegion::fromRecord	Selected bounding box : 
2023-04-12 19:23:17	INFO	imstat::ImageRegion::fromRecord+	    [524, 524, 0, 0] to [1524, 1524, 0, 0]  (04:55:46.629, +30.32.53.733, I, 2.26769e+11Hz to 04:55:45.081, +30.33.13.733, I, 2.26769e+11Hz)
2023-04-12 19:23:17	INFO	imstat::ImageStatsCalculator::_logStartup	Statistics calculated using Classic algorithm
2023-04-12 19:23:17	INFO	imstat::ImageStatsCalculator::_logStartup	Regions --- 
2023-04-12 19:23:17	INFO	imstat::ImageStatsCalculator::_logStartup	         -- bottom-left corner (pixel) [blc]:  [524, 524, 0, 0]
2023-04-12 19:23:17	INFO	imstat::ImageStatsCalculator::_logStartup	         -- top-right corner (pixel) [trc]:    [1524, 1524, 0, 0]
2023-04-12 19:23:17	INFO	imstat::ImageStatsCalculator::_logStartup	         -- bottom-left corner (world) [blcf]: 04:55:46.629, +30.32.53.733, I, 2.26769e+11Hz
2023-04-12 19:23:17	INFO	imstat::ImageStatsCalculator::_logStartup	         -- top-right corner (world) [trcf]:   04:55:45.081, +30.33.13.733, I, 2.26769e+11Hz
2023-04-12 19:23:17	INFO	imstat::::	Values --- 
2023-04-12 19:23:17	INFO	imstat::::	         -- flux density [flux]:                    -0.0104943 Jy
2023-04-12 19:23:17	INFO	imstat::::	         -- number of points [npts]:                502718
2023-04-12 19:23:17	INFO	imstat::::	         -- maximum value [max]:                    6.11528e-05 Jy/beam
2023-04-12 19:23:17	INFO	imstat::::	         -- minimum value [min]:                    -8.48191e-05 Jy/beam
2023-04-12 19:23:17	INFO	imstat::::	         -- position of max value (pixel) [maxpos]: [1273, 1439, 0, 0]
2023-04-12 19:23:17	INFO	imstat::::	         -- position of min value (pixel) [minpos]: [1489, 1171, 0, 0]
2023-04-12 19:23:17	INFO	imstat::::	         -- position of max value (world) [maxposf]: 04:55:45.469, +30.33.12.033, I, 2.26769e+11Hz
2023-04-12 19:23:17	INFO	imstat::::	         -- position of min value (world) [minposf]: 04:55:45.135, +30.33.06.673, I, 2.26769e+11Hz
2023-04-12 19:23:17	INFO	imstat::::	         -- Sum of pixel values [sum]:               -8.17645 Jy/beam
2023-04-12 19:23:17	INFO	imstat::::	         -- Sum of squared pixel values [sumsq]:     0.000308305 Jy/beam.Jy/beam
2023-04-12 19:23:17	INFO	imstat::::	Statistics --- 
2023-04-12 19:23:17	INFO	imstat::::	        -- Mean of the pixel values [mean]:         -1.62645e-05 Jy/beam
2023-04-12 19:23:17	INFO	imstat::::	        -- Variance of the pixel values :           3.48743e-10 Jy/beam
2023-04-12 19:23:17	INFO	imstat::::	        -- Standard deviation of the Mean [sigma]:  1.86747e-05 Jy/beam
2023-04-12 19:23:17	INFO	imstat::::	        -- Root mean square [rms]:                  2.47644e-05 Jy/beam
2023-04-12 19:23:17	INFO	imstat::::	        -- Median of the pixel values [median]:     -1.8689e-05 Jy/beam
2023-04-12 19:23:17	INFO	imstat::::	        -- Median of the deviations [medabsdevmed]: 1.24181e-05 Jy/beam
2023-04-12 19:23:17	INFO	imstat::::	        -- IQR [quartile]:                          2.56038e-05 Jy/beam
2023-04-12 19:23:17	INFO	imstat::::	        -- First quartile [q1]:                     -2.97088e-05 Jy/beam
2023-04-12 19:23:17	INFO	imstat::::	        -- Third quartile [q3]:                     -4.10503e-06 Jy/beam
2023-04-12 19:23:17	INFO	imstat::ImageStatsCalculator::statistics	Sum column unit = Jy/beam
2023-04-12 19:23:17	INFO	imstat::ImageStatsCalculator::statistics+	Mean column unit = Jy/beam
2023-04-12 19:23:17	INFO	imstat::ImageStatsCalculator::statistics+	Std_dev column unit = Jy/beam
2023-04-12 19:23:17	INFO	imstat::ImageStatsCalculator::statistics+	Minimum column unit = Jy/beam
2023-04-12 19:23:17	INFO	imstat::ImageStatsCalculator::statistics+	Maximum column unit = Jy/beam
2023-04-12 19:23:17	INFO	imstat::ImageStatsCalculator::statistics	Npts          Sum           Mean          Rms           Std_dev       Minimum       Maximum     
2023-04-12 19:23:17	INFO	imstat::ImageStatsCalculator::statistics	 5.027180e+05 -8.176454e+00 -1.626449e-05  2.476441e-05  1.867466e-05 -8.481909e-05  6.115284e-05
2023-04-12 19:23:17	INFO	imstat::::casa	Task imstat complete. Start time: 2023-04-12 19:23:16.941576 End time: 2023-04-12 19:23:17.031939
2023-04-12 19:23:17	INFO	imstat::::casa	##### End Task: imstat               #####
2023-04-12 19:23:17	INFO	imstat::::casa	##########################################
2023-04-12 19:23:17	INFO	imstat::::casa	##########################################
2023-04-12 19:23:17	INFO	imstat::::casa	##### Begin Task: imstat             #####
2023-04-12 19:23:17	INFO	imstat::::casa	imstat( imagename='/lustre/cv/users/jspeedie/data/images_continuum/robust1.0/ABAur_continuum.clean.image.pbcor', axes=[], region='circle[[04h55m45.8549s, +30.33.03.733], 3.0arcsec]', box='', chans='', stokes='', listit=True, verbose=True, mask='', stretch=False, logfile='', append=True, algorithm='classic', fence=-1.0, center='mean', lside=True, zscore=-1.0, maxiter=-1, clmethod='auto', niter=3 )
2023-04-12 19:23:17	INFO	imstat::AsciiRegionFileParser::_parse	Combined 1 image regions (which excludes any annotation regions)
2023-04-12 19:23:17	INFO	imstat::AsciiRegionFileParser::_parse	The specified region will select all pixels that are included in the region. Full pixels will be included even when they are only partially covered by the region(s).
2023-04-12 19:23:17	INFO	imstat::CasacRegionManager::fromBCS	Region read from text string circle[[04h55m45.8549s, +30.33.03.733], 3.0arcsec]
2023-04-12 19:23:17	INFO	imstat::image::statistics 	Determining stats for image ABAur_continuum.clean.image.pbcor
2023-04-12 19:23:17	INFO	imstat::ImageRegion::fromRecord	Selected bounding box : 
2023-04-12 19:23:17	INFO	imstat::ImageRegion::fromRecord+	    [874, 874, 0, 0] to [1174, 1173, 0, 0]  (04:55:46.087, +30.33.00.733, I, 2.26769e+11Hz to 04:55:45.623, +30.33.06.713, I, 2.26769e+11Hz)
2023-04-12 19:23:17	INFO	imstat::ImageStatsCalculator::_logStartup	Statistics calculated using Classic algorithm
2023-04-12 19:23:17	INFO	imstat::ImageStatsCalculator::_logStartup	Regions --- 
2023-04-12 19:23:17	INFO	imstat::ImageStatsCalculator::_logStartup	         -- bottom-left corner (pixel) [blc]:  [874, 874, 0, 0]
2023-04-12 19:23:17	INFO	imstat::ImageStatsCalculator::_logStartup	         -- top-right corner (pixel) [trc]:    [1174, 1173, 0, 0]
2023-04-12 19:23:17	INFO	imstat::ImageStatsCalculator::_logStartup	         -- bottom-left corner (world) [blcf]: 04:55:46.087, +30.33.00.733, I, 2.26769e+11Hz
2023-04-12 19:23:17	INFO	imstat::ImageStatsCalculator::_logStartup	         -- top-right corner (world) [trcf]:   04:55:45.623, +30.33.06.713, I, 2.26769e+11Hz
2023-04-12 19:23:17	INFO	imstat::::	Values --- 
2023-04-12 19:23:17	INFO	imstat::::	         -- flux density [flux]:                    0.111841 Jy
2023-04-12 19:23:17	INFO	imstat::::	         -- number of points [npts]:                70674
2023-04-12 19:23:17	INFO	imstat::::	         -- maximum value [max]:                    0.00444005 Jy/beam
2023-04-12 19:23:17	INFO	imstat::::	         -- minimum value [min]:                    -2.1656e-05 Jy/beam
2023-04-12 19:23:17	INFO	imstat::::	         -- position of max value (pixel) [maxpos]: [1071, 1011, 0, 0]
2023-04-12 19:23:17	INFO	imstat::::	         -- position of min value (pixel) [minpos]: [921, 929, 0, 0]
2023-04-12 19:23:17	INFO	imstat::::	         -- position of max value (world) [maxposf]: 04:55:45.782, +30.33.03.473, I, 2.26769e+11Hz
2023-04-12 19:23:17	INFO	imstat::::	         -- position of min value (world) [minposf]: 04:55:46.014, +30.33.01.833, I, 2.26769e+11Hz
2023-04-12 19:23:17	INFO	imstat::::	         -- Sum of pixel values [sum]:               30.7719 Jy/beam
2023-04-12 19:23:17	INFO	imstat::::	         -- Sum of squared pixel values [sumsq]:     0.0512851 Jy/beam.Jy/beam
2023-04-12 19:23:17	INFO	imstat::::	Statistics --- 
2023-04-12 19:23:17	INFO	imstat::::	        -- Mean of the pixel values [mean]:         0.000435407 Jy/beam
2023-04-12 19:23:17	INFO	imstat::::	        -- Variance of the pixel values :           5.36086e-07 Jy/beam
2023-04-12 19:23:17	INFO	imstat::::	        -- Standard deviation of the Mean [sigma]:  0.000732179 Jy/beam
2023-04-12 19:23:17	INFO	imstat::::	        -- Root mean square [rms]:                  0.000851855 Jy/beam
2023-04-12 19:23:17	INFO	imstat::::	        -- Median of the pixel values [median]:     0.0001064 Jy/beam
2023-04-12 19:23:17	INFO	imstat::::	        -- Median of the deviations [medabsdevmed]: 8.21967e-05 Jy/beam
2023-04-12 19:23:17	INFO	imstat::::	        -- IQR [quartile]:                          0.000381537 Jy/beam
2023-04-12 19:23:17	INFO	imstat::::	        -- First quartile [q1]:                     4.45037e-05 Jy/beam
2023-04-12 19:23:17	INFO	imstat::::	        -- Third quartile [q3]:                     0.000426041 Jy/beam
2023-04-12 19:23:17	INFO	imstat::ImageStatsCalculator::statistics	Sum column unit = Jy/beam
2023-04-12 19:23:17	INFO	imstat::ImageStatsCalculator::statistics+	Mean column unit = Jy/beam
2023-04-12 19:23:17	INFO	imstat::ImageStatsCalculator::statistics+	Std_dev column unit = Jy/beam
2023-04-12 19:23:17	INFO	imstat::ImageStatsCalculator::statistics+	Minimum column unit = Jy/beam
2023-04-12 19:23:17	INFO	imstat::ImageStatsCalculator::statistics+	Maximum column unit = Jy/beam
2023-04-12 19:23:17	INFO	imstat::ImageStatsCalculator::statistics	Npts          Sum           Mean          Rms           Std_dev       Minimum       Maximum     
2023-04-12 19:23:17	INFO	imstat::ImageStatsCalculator::statistics	 7.067400e+04  3.077192e+01  4.354065e-04  8.518550e-04  7.321787e-04 -2.165598e-05  4.440054e-03
2023-04-12 19:23:17	INFO	imstat::::casa	Task imstat complete. Start time: 2023-04-12 19:23:17.035674 End time: 2023-04-12 19:23:17.078250
2023-04-12 19:23:17	INFO	imstat::::casa	##### End Task: imstat               #####
2023-04-12 19:23:17	INFO	imstat::::casa	##########################################
2023-04-12 19:23:17	INFO	imstat::::casa	##########################################
2023-04-12 19:23:17	INFO	imstat::::casa	##### Begin Task: imstat             #####
2023-04-12 19:23:17	INFO	imstat::::casa	imstat( imagename='/lustre/cv/users/jspeedie/data/images_continuum/robust1.0/ABAur_continuum.clean.image.pbcor', axes=[], region='circle[[04h55m45.8549s, +30.33.03.733], 3.0arcsec]', box='', chans='', stokes='', listit=True, verbose=True, mask='', stretch=False, logfile='', append=True, algorithm='classic', fence=-1.0, center='mean', lside=True, zscore=-1.0, maxiter=-1, clmethod='auto', niter=3 )
2023-04-12 19:23:17	INFO	imstat::AsciiRegionFileParser::_parse	Combined 1 image regions (which excludes any annotation regions)
2023-04-12 19:23:17	INFO	imstat::AsciiRegionFileParser::_parse	The specified region will select all pixels that are included in the region. Full pixels will be included even when they are only partially covered by the region(s).
2023-04-12 19:23:17	INFO	imstat::CasacRegionManager::fromBCS	Region read from text string circle[[04h55m45.8549s, +30.33.03.733], 3.0arcsec]
2023-04-12 19:23:17	INFO	imstat::image::statistics 	Determining stats for image ABAur_continuum.clean.image.pbcor
2023-04-12 19:23:17	INFO	imstat::ImageRegion::fromRecord	Selected bounding box : 
2023-04-12 19:23:17	INFO	imstat::ImageRegion::fromRecord+	    [874, 874, 0, 0] to [1174, 1173, 0, 0]  (04:55:46.087, +30.33.00.733, I, 2.26769e+11Hz to 04:55:45.623, +30.33.06.713, I, 2.26769e+11Hz)
2023-04-12 19:23:17	INFO	imstat::ImageStatsCalculator::_logStartup	Statistics calculated using Classic algorithm
2023-04-12 19:23:17	INFO	imstat::ImageStatsCalculator::_logStartup	Regions --- 
2023-04-12 19:23:17	INFO	imstat::ImageStatsCalculator::_logStartup	         -- bottom-left corner (pixel) [blc]:  [874, 874, 0, 0]
2023-04-12 19:23:17	INFO	imstat::ImageStatsCalculator::_logStartup	         -- top-right corner (pixel) [trc]:    [1174, 1173, 0, 0]
2023-04-12 19:23:17	INFO	imstat::ImageStatsCalculator::_logStartup	         -- bottom-left corner (world) [blcf]: 04:55:46.087, +30.33.00.733, I, 2.26769e+11Hz
2023-04-12 19:23:17	INFO	imstat::ImageStatsCalculator::_logStartup	         -- top-right corner (world) [trcf]:   04:55:45.623, +30.33.06.713, I, 2.26769e+11Hz
2023-04-12 19:23:17	INFO	imstat::::	Values --- 
2023-04-12 19:23:17	INFO	imstat::::	         -- flux density [flux]:                    0.111841 Jy
2023-04-12 19:23:17	INFO	imstat::::	         -- number of points [npts]:                70674
2023-04-12 19:23:17	INFO	imstat::::	         -- maximum value [max]:                    0.00444005 Jy/beam
2023-04-12 19:23:17	INFO	imstat::::	         -- minimum value [min]:                    -2.1656e-05 Jy/beam
2023-04-12 19:23:17	INFO	imstat::::	         -- position of max value (pixel) [maxpos]: [1071, 1011, 0, 0]
2023-04-12 19:23:17	INFO	imstat::::	         -- position of min value (pixel) [minpos]: [921, 929, 0, 0]
2023-04-12 19:23:17	INFO	imstat::::	         -- position of max value (world) [maxposf]: 04:55:45.782, +30.33.03.473, I, 2.26769e+11Hz
2023-04-12 19:23:17	INFO	imstat::::	         -- position of min value (world) [minposf]: 04:55:46.014, +30.33.01.833, I, 2.26769e+11Hz
2023-04-12 19:23:17	INFO	imstat::::	         -- Sum of pixel values [sum]:               30.7719 Jy/beam
2023-04-12 19:23:17	INFO	imstat::::	         -- Sum of squared pixel values [sumsq]:     0.0512851 Jy/beam.Jy/beam
2023-04-12 19:23:17	INFO	imstat::::	Statistics --- 
2023-04-12 19:23:17	INFO	imstat::::	        -- Mean of the pixel values [mean]:         0.000435407 Jy/beam
2023-04-12 19:23:17	INFO	imstat::::	        -- Variance of the pixel values :           5.36086e-07 Jy/beam
2023-04-12 19:23:17	INFO	imstat::::	        -- Standard deviation of the Mean [sigma]:  0.000732179 Jy/beam
2023-04-12 19:23:17	INFO	imstat::::	        -- Root mean square [rms]:                  0.000851855 Jy/beam
2023-04-12 19:23:17	INFO	imstat::::	        -- Median of the pixel values [median]:     0.0001064 Jy/beam
2023-04-12 19:23:17	INFO	imstat::::	        -- Median of the deviations [medabsdevmed]: 8.21967e-05 Jy/beam
2023-04-12 19:23:17	INFO	imstat::::	        -- IQR [quartile]:                          0.000381537 Jy/beam
2023-04-12 19:23:17	INFO	imstat::::	        -- First quartile [q1]:                     4.45037e-05 Jy/beam
2023-04-12 19:23:17	INFO	imstat::::	        -- Third quartile [q3]:                     0.000426041 Jy/beam
2023-04-12 19:23:17	INFO	imstat::ImageStatsCalculator::statistics	Sum column unit = Jy/beam
2023-04-12 19:23:17	INFO	imstat::ImageStatsCalculator::statistics+	Mean column unit = Jy/beam
2023-04-12 19:23:17	INFO	imstat::ImageStatsCalculator::statistics+	Std_dev column unit = Jy/beam
2023-04-12 19:23:17	INFO	imstat::ImageStatsCalculator::statistics+	Minimum column unit = Jy/beam
2023-04-12 19:23:17	INFO	imstat::ImageStatsCalculator::statistics+	Maximum column unit = Jy/beam
2023-04-12 19:23:17	INFO	imstat::ImageStatsCalculator::statistics	Npts          Sum           Mean          Rms           Std_dev       Minimum       Maximum     
2023-04-12 19:23:17	INFO	imstat::ImageStatsCalculator::statistics	 7.067400e+04  3.077192e+01  4.354065e-04  8.518550e-04  7.321787e-04 -2.165598e-05  4.440054e-03
2023-04-12 19:23:17	INFO	imstat::::casa	Task imstat complete. Start time: 2023-04-12 19:23:17.082381 End time: 2023-04-12 19:23:17.107173
2023-04-12 19:23:17	INFO	imstat::::casa	##### End Task: imstat               #####
2023-04-12 19:23:17	INFO	imstat::::casa	##########################################
2023-04-12 19:23:17	INFO	imstat::::casa	##########################################
2023-04-12 19:23:17	INFO	imstat::::casa	##### Begin Task: imstat             #####
2023-04-12 19:23:17	INFO	imstat::::casa	imstat( imagename='/lustre/cv/users/jspeedie/data/images_continuum/robust1.0/ABAur_continuum.clean.image.pbcor', axes=[], region="annulus[[04h55m45.8549s, +30.33.03.733],['6.00arcsec', '10.0arcsec']]", box='', chans='', stokes='', listit=True, verbose=True, mask='', stretch=False, logfile='', append=True, algorithm='classic', fence=-1.0, center='mean', lside=True, zscore=-1.0, maxiter=-1, clmethod='auto', niter=3 )
2023-04-12 19:23:17	INFO	imstat::AsciiRegionFileParser::_parse	Combined 1 image regions (which excludes any annotation regions)
2023-04-12 19:23:17	INFO	imstat::AsciiRegionFileParser::_parse	The specified region will select all pixels that are included in the region. Full pixels will be included even when they are only partially covered by the region(s).
2023-04-12 19:23:17	INFO	imstat::CasacRegionManager::fromBCS	Region read from text string annulus[[04h55m45.8549s, +30.33.03.733],['6.00arcsec', '10.0arcsec']]
2023-04-12 19:23:17	INFO	imstat::image::statistics 	Determining stats for image ABAur_continuum.clean.image.pbcor
2023-04-12 19:23:17	INFO	imstat::ImageRegion::fromRecord	Selected bounding box : 
2023-04-12 19:23:17	INFO	imstat::ImageRegion::fromRecord+	    [524, 524, 0, 0] to [1524, 1524, 0, 0]  (04:55:46.629, +30.32.53.733, I, 2.26769e+11Hz to 04:55:45.081, +30.33.13.733, I, 2.26769e+11Hz)
2023-04-12 19:23:17	INFO	imstat::ImageStatsCalculator::_logStartup	Statistics calculated using Classic algorithm
2023-04-12 19:23:17	INFO	imstat::ImageStatsCalculator::_logStartup	Regions --- 
2023-04-12 19:23:17	INFO	imstat::ImageStatsCalculator::_logStartup	         -- bottom-left corner (pixel) [blc]:  [524, 524, 0, 0]
2023-04-12 19:23:17	INFO	imstat::ImageStatsCalculator::_logStartup	         -- top-right corner (pixel) [trc]:    [1524, 1524, 0, 0]
2023-04-12 19:23:17	INFO	imstat::ImageStatsCalculator::_logStartup	         -- bottom-left corner (world) [blcf]: 04:55:46.629, +30.32.53.733, I, 2.26769e+11Hz
2023-04-12 19:23:17	INFO	imstat::ImageStatsCalculator::_logStartup	         -- top-right corner (world) [trcf]:   04:55:45.081, +30.33.13.733, I, 2.26769e+11Hz
2023-04-12 19:23:17	INFO	imstat::::	Values --- 
2023-04-12 19:23:17	INFO	imstat::::	         -- flux density [flux]:                    -0.0379816 Jy
2023-04-12 19:23:17	INFO	imstat::::	         -- number of points [npts]:                502718
2023-04-12 19:23:17	INFO	imstat::::	         -- maximum value [max]:                    8.73873e-05 Jy/beam
2023-04-12 19:23:17	INFO	imstat::::	         -- minimum value [min]:                    -0.000121907 Jy/beam
2023-04-12 19:23:17	INFO	imstat::::	         -- position of max value (pixel) [maxpos]: [1273, 1439, 0, 0]
2023-04-12 19:23:17	INFO	imstat::::	         -- position of min value (pixel) [minpos]: [1489, 1171, 0, 0]
2023-04-12 19:23:17	INFO	imstat::::	         -- position of max value (world) [maxposf]: 04:55:45.469, +30.33.12.033, I, 2.26769e+11Hz
2023-04-12 19:23:17	INFO	imstat::::	         -- position of min value (world) [minposf]: 04:55:45.135, +30.33.06.673, I, 2.26769e+11Hz
2023-04-12 19:23:17	INFO	imstat::::	         -- Sum of pixel values [sum]:               -10.4503 Jy/beam
2023-04-12 19:23:17	INFO	imstat::::	         -- Sum of squared pixel values [sumsq]:     0.000509612 Jy/beam.Jy/beam
2023-04-12 19:23:17	INFO	imstat::::	Statistics --- 
2023-04-12 19:23:17	INFO	imstat::::	        -- Mean of the pixel values [mean]:         -2.07875e-05 Jy/beam
2023-04-12 19:23:17	INFO	imstat::::	        -- Variance of the pixel values :           5.81592e-10 Jy/beam
2023-04-12 19:23:17	INFO	imstat::::	        -- Standard deviation of the Mean [sigma]:  2.41162e-05 Jy/beam
2023-04-12 19:23:17	INFO	imstat::::	        -- Root mean square [rms]:                  3.18389e-05 Jy/beam
2023-04-12 19:23:17	INFO	imstat::::	        -- Median of the pixel values [median]:     -2.39237e-05 Jy/beam
2023-04-12 19:23:17	INFO	imstat::::	        -- Median of the deviations [medabsdevmed]: 1.57306e-05 Jy/beam
2023-04-12 19:23:17	INFO	imstat::::	        -- IQR [quartile]:                          3.24855e-05 Jy/beam
2023-04-12 19:23:17	INFO	imstat::::	        -- First quartile [q1]:                     -3.78579e-05 Jy/beam
2023-04-12 19:23:17	INFO	imstat::::	        -- Third quartile [q3]:                     -5.37244e-06 Jy/beam
2023-04-12 19:23:17	INFO	imstat::ImageStatsCalculator::statistics	Sum column unit = Jy/beam
2023-04-12 19:23:17	INFO	imstat::ImageStatsCalculator::statistics+	Mean column unit = Jy/beam
2023-04-12 19:23:17	INFO	imstat::ImageStatsCalculator::statistics+	Std_dev column unit = Jy/beam
2023-04-12 19:23:17	INFO	imstat::ImageStatsCalculator::statistics+	Minimum column unit = Jy/beam
2023-04-12 19:23:17	INFO	imstat::ImageStatsCalculator::statistics+	Maximum column unit = Jy/beam
2023-04-12 19:23:17	INFO	imstat::ImageStatsCalculator::statistics	Npts          Sum           Mean          Rms           Std_dev       Minimum       Maximum     
2023-04-12 19:23:17	INFO	imstat::ImageStatsCalculator::statistics	 5.027180e+05 -1.045027e+01 -2.078755e-05  3.183886e-05  2.411622e-05 -1.219070e-04  8.738729e-05
2023-04-12 19:23:17	INFO	imstat::::casa	Task imstat complete. Start time: 2023-04-12 19:23:17.110289 End time: 2023-04-12 19:23:17.231828
2023-04-12 19:23:17	INFO	imstat::::casa	##### End Task: imstat               #####
2023-04-12 19:23:17	INFO	imstat::::casa	##########################################
2023-04-12 19:23:17	INFO	imstat::::casa	##########################################
2023-04-12 19:23:17	INFO	imstat::::casa	##### Begin Task: imstat             #####
2023-04-12 19:23:17	INFO	imstat::::casa	imstat( imagename='/lustre/cv/users/jspeedie/data/images_continuum/robust1.0/ABAur_continuum.clean.image.pbcor', axes=[], region='circle[[04h55m45.8549s, +30.33.03.733], 3.0arcsec]', box='', chans='', stokes='', listit=True, verbose=True, mask='', stretch=False, logfile='', append=True, algorithm='classic', fence=-1.0, center='mean', lside=True, zscore=-1.0, maxiter=-1, clmethod='auto', niter=3 )
2023-04-12 19:23:17	INFO	imstat::AsciiRegionFileParser::_parse	Combined 1 image regions (which excludes any annotation regions)
2023-04-12 19:23:17	INFO	imstat::AsciiRegionFileParser::_parse	The specified region will select all pixels that are included in the region. Full pixels will be included even when they are only partially covered by the region(s).
2023-04-12 19:23:17	INFO	imstat::CasacRegionManager::fromBCS	Region read from text string circle[[04h55m45.8549s, +30.33.03.733], 3.0arcsec]
2023-04-12 19:23:17	INFO	imstat::image::statistics 	Determining stats for image ABAur_continuum.clean.image.pbcor
2023-04-12 19:23:17	INFO	imstat::ImageRegion::fromRecord	Selected bounding box : 
2023-04-12 19:23:17	INFO	imstat::ImageRegion::fromRecord+	    [874, 874, 0, 0] to [1174, 1173, 0, 0]  (04:55:46.087, +30.33.00.733, I, 2.26769e+11Hz to 04:55:45.623, +30.33.06.713, I, 2.26769e+11Hz)
2023-04-12 19:23:17	INFO	imstat::ImageStatsCalculator::_logStartup	Statistics calculated using Classic algorithm
2023-04-12 19:23:17	INFO	imstat::ImageStatsCalculator::_logStartup	Regions --- 
2023-04-12 19:23:17	INFO	imstat::ImageStatsCalculator::_logStartup	         -- bottom-left corner (pixel) [blc]:  [874, 874, 0, 0]
2023-04-12 19:23:17	INFO	imstat::ImageStatsCalculator::_logStartup	         -- top-right corner (pixel) [trc]:    [1174, 1173, 0, 0]
2023-04-12 19:23:17	INFO	imstat::ImageStatsCalculator::_logStartup	         -- bottom-left corner (world) [blcf]: 04:55:46.087, +30.33.00.733, I, 2.26769e+11Hz
2023-04-12 19:23:17	INFO	imstat::ImageStatsCalculator::_logStartup	         -- top-right corner (world) [trcf]:   04:55:45.623, +30.33.06.713, I, 2.26769e+11Hz
2023-04-12 19:23:17	INFO	imstat::::	Values --- 
2023-04-12 19:23:17	INFO	imstat::::	         -- flux density [flux]:                    0.111841 Jy
2023-04-12 19:23:17	INFO	imstat::::	         -- number of points [npts]:                70674
2023-04-12 19:23:17	INFO	imstat::::	         -- maximum value [max]:                    0.00444005 Jy/beam
2023-04-12 19:23:17	INFO	imstat::::	         -- minimum value [min]:                    -2.1656e-05 Jy/beam
2023-04-12 19:23:17	INFO	imstat::::	         -- position of max value (pixel) [maxpos]: [1071, 1011, 0, 0]
2023-04-12 19:23:17	INFO	imstat::::	         -- position of min value (pixel) [minpos]: [921, 929, 0, 0]
2023-04-12 19:23:17	INFO	imstat::::	         -- position of max value (world) [maxposf]: 04:55:45.782, +30.33.03.473, I, 2.26769e+11Hz
2023-04-12 19:23:17	INFO	imstat::::	         -- position of min value (world) [minposf]: 04:55:46.014, +30.33.01.833, I, 2.26769e+11Hz
2023-04-12 19:23:17	INFO	imstat::::	         -- Sum of pixel values [sum]:               30.7719 Jy/beam
2023-04-12 19:23:17	INFO	imstat::::	         -- Sum of squared pixel values [sumsq]:     0.0512851 Jy/beam.Jy/beam
2023-04-12 19:23:17	INFO	imstat::::	Statistics --- 
2023-04-12 19:23:17	INFO	imstat::::	        -- Mean of the pixel values [mean]:         0.000435407 Jy/beam
2023-04-12 19:23:17	INFO	imstat::::	        -- Variance of the pixel values :           5.36086e-07 Jy/beam
2023-04-12 19:23:17	INFO	imstat::::	        -- Standard deviation of the Mean [sigma]:  0.000732179 Jy/beam
2023-04-12 19:23:17	INFO	imstat::::	        -- Root mean square [rms]:                  0.000851855 Jy/beam
2023-04-12 19:23:17	INFO	imstat::::	        -- Median of the pixel values [median]:     0.0001064 Jy/beam
2023-04-12 19:23:17	INFO	imstat::::	        -- Median of the deviations [medabsdevmed]: 8.21967e-05 Jy/beam
2023-04-12 19:23:17	INFO	imstat::::	        -- IQR [quartile]:                          0.000381537 Jy/beam
2023-04-12 19:23:17	INFO	imstat::::	        -- First quartile [q1]:                     4.45037e-05 Jy/beam
2023-04-12 19:23:17	INFO	imstat::::	        -- Third quartile [q3]:                     0.000426041 Jy/beam
2023-04-12 19:23:17	INFO	imstat::ImageStatsCalculator::statistics	Sum column unit = Jy/beam
2023-04-12 19:23:17	INFO	imstat::ImageStatsCalculator::statistics+	Mean column unit = Jy/beam
2023-04-12 19:23:17	INFO	imstat::ImageStatsCalculator::statistics+	Std_dev column unit = Jy/beam
2023-04-12 19:23:17	INFO	imstat::ImageStatsCalculator::statistics+	Minimum column unit = Jy/beam
2023-04-12 19:23:17	INFO	imstat::ImageStatsCalculator::statistics+	Maximum column unit = Jy/beam
2023-04-12 19:23:17	INFO	imstat::ImageStatsCalculator::statistics	Npts          Sum           Mean          Rms           Std_dev       Minimum       Maximum     
2023-04-12 19:23:17	INFO	imstat::ImageStatsCalculator::statistics	 7.067400e+04  3.077192e+01  4.354065e-04  8.518550e-04  7.321787e-04 -2.165598e-05  4.440054e-03
2023-04-12 19:23:17	INFO	imstat::::casa	Task imstat complete. Start time: 2023-04-12 19:23:17.235240 End time: 2023-04-12 19:23:17.330366
2023-04-12 19:23:17	INFO	imstat::::casa	##### End Task: imstat               #####
2023-04-12 19:23:17	INFO	imstat::::casa	##########################################
2023-04-12 19:23:17	INFO	imstat::::casa	##########################################
2023-04-12 19:23:17	INFO	imstat::::casa	##### Begin Task: imstat             #####
2023-04-12 19:23:17	INFO	imstat::::casa	imstat( imagename='/lustre/cv/users/jspeedie/data/images_continuum/robust1.0/ABAur_continuum.clean.image.pbcor', axes=[], region="annulus[[04h55m45.8549s, +30.33.03.733],['6.00arcsec', '10.0arcsec']]", box='', chans='', stokes='', listit=True, verbose=True, mask='', stretch=False, logfile='', append=True, algorithm='classic', fence=-1.0, center='mean', lside=True, zscore=-1.0, maxiter=-1, clmethod='auto', niter=3 )
2023-04-12 19:23:17	INFO	imstat::AsciiRegionFileParser::_parse	Combined 1 image regions (which excludes any annotation regions)
2023-04-12 19:23:17	INFO	imstat::AsciiRegionFileParser::_parse	The specified region will select all pixels that are included in the region. Full pixels will be included even when they are only partially covered by the region(s).
2023-04-12 19:23:17	INFO	imstat::CasacRegionManager::fromBCS	Region read from text string annulus[[04h55m45.8549s, +30.33.03.733],['6.00arcsec', '10.0arcsec']]
2023-04-12 19:23:17	INFO	imstat::image::statistics 	Determining stats for image ABAur_continuum.clean.image.pbcor
2023-04-12 19:23:17	INFO	imstat::ImageRegion::fromRecord	Selected bounding box : 
2023-04-12 19:23:17	INFO	imstat::ImageRegion::fromRecord+	    [524, 524, 0, 0] to [1524, 1524, 0, 0]  (04:55:46.629, +30.32.53.733, I, 2.26769e+11Hz to 04:55:45.081, +30.33.13.733, I, 2.26769e+11Hz)
2023-04-12 19:23:17	INFO	imstat::ImageStatsCalculator::_logStartup	Statistics calculated using Classic algorithm
2023-04-12 19:23:17	INFO	imstat::ImageStatsCalculator::_logStartup	Regions --- 
2023-04-12 19:23:17	INFO	imstat::ImageStatsCalculator::_logStartup	         -- bottom-left corner (pixel) [blc]:  [524, 524, 0, 0]
2023-04-12 19:23:17	INFO	imstat::ImageStatsCalculator::_logStartup	         -- top-right corner (pixel) [trc]:    [1524, 1524, 0, 0]
2023-04-12 19:23:17	INFO	imstat::ImageStatsCalculator::_logStartup	         -- bottom-left corner (world) [blcf]: 04:55:46.629, +30.32.53.733, I, 2.26769e+11Hz
2023-04-12 19:23:17	INFO	imstat::ImageStatsCalculator::_logStartup	         -- top-right corner (world) [trcf]:   04:55:45.081, +30.33.13.733, I, 2.26769e+11Hz
2023-04-12 19:23:17	INFO	imstat::::	Values --- 
2023-04-12 19:23:17	INFO	imstat::::	         -- flux density [flux]:                    -0.0379816 Jy
2023-04-12 19:23:17	INFO	imstat::::	         -- number of points [npts]:                502718
2023-04-12 19:23:17	INFO	imstat::::	         -- maximum value [max]:                    8.73873e-05 Jy/beam
2023-04-12 19:23:17	INFO	imstat::::	         -- minimum value [min]:                    -0.000121907 Jy/beam
2023-04-12 19:23:17	INFO	imstat::::	         -- position of max value (pixel) [maxpos]: [1273, 1439, 0, 0]
2023-04-12 19:23:17	INFO	imstat::::	         -- position of min value (pixel) [minpos]: [1489, 1171, 0, 0]
2023-04-12 19:23:17	INFO	imstat::::	         -- position of max value (world) [maxposf]: 04:55:45.469, +30.33.12.033, I, 2.26769e+11Hz
2023-04-12 19:23:17	INFO	imstat::::	         -- position of min value (world) [minposf]: 04:55:45.135, +30.33.06.673, I, 2.26769e+11Hz
2023-04-12 19:23:17	INFO	imstat::::	         -- Sum of pixel values [sum]:               -10.4503 Jy/beam
2023-04-12 19:23:17	INFO	imstat::::	         -- Sum of squared pixel values [sumsq]:     0.000509612 Jy/beam.Jy/beam
2023-04-12 19:23:17	INFO	imstat::::	Statistics --- 
2023-04-12 19:23:17	INFO	imstat::::	        -- Mean of the pixel values [mean]:         -2.07875e-05 Jy/beam
2023-04-12 19:23:17	INFO	imstat::::	        -- Variance of the pixel values :           5.81592e-10 Jy/beam
2023-04-12 19:23:17	INFO	imstat::::	        -- Standard deviation of the Mean [sigma]:  2.41162e-05 Jy/beam
2023-04-12 19:23:17	INFO	imstat::::	        -- Root mean square [rms]:                  3.18389e-05 Jy/beam
2023-04-12 19:23:17	INFO	imstat::::	        -- Median of the pixel values [median]:     -2.39237e-05 Jy/beam
2023-04-12 19:23:17	INFO	imstat::::	        -- Median of the deviations [medabsdevmed]: 1.57306e-05 Jy/beam
2023-04-12 19:23:17	INFO	imstat::::	        -- IQR [quartile]:                          3.24855e-05 Jy/beam
2023-04-12 19:23:17	INFO	imstat::::	        -- First quartile [q1]:                     -3.78579e-05 Jy/beam
2023-04-12 19:23:17	INFO	imstat::::	        -- Third quartile [q3]:                     -5.37244e-06 Jy/beam
2023-04-12 19:23:17	INFO	imstat::ImageStatsCalculator::statistics	Sum column unit = Jy/beam
2023-04-12 19:23:17	INFO	imstat::ImageStatsCalculator::statistics+	Mean column unit = Jy/beam
2023-04-12 19:23:17	INFO	imstat::ImageStatsCalculator::statistics+	Std_dev column unit = Jy/beam
2023-04-12 19:23:17	INFO	imstat::ImageStatsCalculator::statistics+	Minimum column unit = Jy/beam
2023-04-12 19:23:17	INFO	imstat::ImageStatsCalculator::statistics+	Maximum column unit = Jy/beam
2023-04-12 19:23:17	INFO	imstat::ImageStatsCalculator::statistics	Npts          Sum           Mean          Rms           Std_dev       Minimum       Maximum     
2023-04-12 19:23:17	INFO	imstat::ImageStatsCalculator::statistics	 5.027180e+05 -1.045027e+01 -2.078755e-05  3.183886e-05  2.411622e-05 -1.219070e-04  8.738729e-05
2023-04-12 19:23:17	INFO	imstat::::casa	Task imstat complete. Start time: 2023-04-12 19:23:17.333904 End time: 2023-04-12 19:23:17.415065
2023-04-12 19:23:17	INFO	imstat::::casa	##### End Task: imstat               #####
2023-04-12 19:23:17	INFO	imstat::::casa	##########################################
2023-04-12 19:23:17	INFO	imstat::::casa	##########################################
2023-04-12 19:23:17	INFO	imstat::::casa	##### Begin Task: imstat             #####
2023-04-12 19:23:17	INFO	imstat::::casa	imstat( imagename='/lustre/cv/users/jspeedie/data/images_continuum/robust1.0/ABAur_continuum.clean.JvMcorr.image.pbcor', axes=[], region='circle[[04h55m45.8549s, +30.33.03.733], 3.0arcsec]', box='', chans='', stokes='', listit=True, verbose=True, mask='', stretch=False, logfile='', append=True, algorithm='classic', fence=-1.0, center='mean', lside=True, zscore=-1.0, maxiter=-1, clmethod='auto', niter=3 )
2023-04-12 19:23:17	INFO	imstat::AsciiRegionFileParser::_parse	Combined 1 image regions (which excludes any annotation regions)
2023-04-12 19:23:17	INFO	imstat::AsciiRegionFileParser::_parse	The specified region will select all pixels that are included in the region. Full pixels will be included even when they are only partially covered by the region(s).
2023-04-12 19:23:17	INFO	imstat::CasacRegionManager::fromBCS	Region read from text string circle[[04h55m45.8549s, +30.33.03.733], 3.0arcsec]
2023-04-12 19:23:17	INFO	imstat::image::statistics 	Determining stats for image ABAur_continuum.clean.JvMcorr.image.pbcor
2023-04-12 19:23:17	INFO	imstat::ImageRegion::fromRecord	Selected bounding box : 
2023-04-12 19:23:17	INFO	imstat::ImageRegion::fromRecord+	    [874, 874, 0, 0] to [1174, 1173, 0, 0]  (04:55:46.087, +30.33.00.733, I, 2.26769e+11Hz to 04:55:45.623, +30.33.06.713, I, 2.26769e+11Hz)
2023-04-12 19:23:17	INFO	imstat::ImageStatsCalculator::_logStartup	Statistics calculated using Classic algorithm
2023-04-12 19:23:17	INFO	imstat::ImageStatsCalculator::_logStartup	Regions --- 
2023-04-12 19:23:17	INFO	imstat::ImageStatsCalculator::_logStartup	         -- bottom-left corner (pixel) [blc]:  [874, 874, 0, 0]
2023-04-12 19:23:17	INFO	imstat::ImageStatsCalculator::_logStartup	         -- top-right corner (pixel) [trc]:    [1174, 1173, 0, 0]
2023-04-12 19:23:17	INFO	imstat::ImageStatsCalculator::_logStartup	         -- bottom-left corner (world) [blcf]: 04:55:46.087, +30.33.00.733, I, 2.26769e+11Hz
2023-04-12 19:23:17	INFO	imstat::ImageStatsCalculator::_logStartup	         -- top-right corner (world) [trcf]:   04:55:45.623, +30.33.06.713, I, 2.26769e+11Hz
2023-04-12 19:23:18	INFO	imstat::::	Values --- 
2023-04-12 19:23:18	INFO	imstat::::	         -- flux density [flux]:                    0.0899607 Jy
2023-04-12 19:23:18	INFO	imstat::::	         -- number of points [npts]:                70674
2023-04-12 19:23:18	INFO	imstat::::	         -- maximum value [max]:                    0.00434596 Jy/beam
2023-04-12 19:23:18	INFO	imstat::::	         -- minimum value [min]:                    -7.64753e-06 Jy/beam
2023-04-12 19:23:18	INFO	imstat::::	         -- position of max value (pixel) [maxpos]: [1071, 1012, 0, 0]
2023-04-12 19:23:18	INFO	imstat::::	         -- position of min value (pixel) [minpos]: [921, 929, 0, 0]
2023-04-12 19:23:18	INFO	imstat::::	         -- position of max value (world) [maxposf]: 04:55:45.782, +30.33.03.493, I, 2.26769e+11Hz
2023-04-12 19:23:18	INFO	imstat::::	         -- position of min value (world) [minposf]: 04:55:46.014, +30.33.01.833, I, 2.26769e+11Hz
2023-04-12 19:23:18	INFO	imstat::::	         -- Sum of pixel values [sum]:               24.7519 Jy/beam
2023-04-12 19:23:18	INFO	imstat::::	         -- Sum of squared pixel values [sumsq]:     0.0429844 Jy/beam.Jy/beam
2023-04-12 19:23:18	INFO	imstat::::	Statistics --- 
2023-04-12 19:23:18	INFO	imstat::::	        -- Mean of the pixel values [mean]:         0.000350226 Jy/beam
2023-04-12 19:23:18	INFO	imstat::::	        -- Variance of the pixel values :           4.85555e-07 Jy/beam
2023-04-12 19:23:18	INFO	imstat::::	        -- Standard deviation of the Mean [sigma]:  0.000696818 Jy/beam
2023-04-12 19:23:18	INFO	imstat::::	        -- Root mean square [rms]:                  0.000779876 Jy/beam
2023-04-12 19:23:18	INFO	imstat::::	        -- Median of the pixel values [median]:     3.75908e-05 Jy/beam
2023-04-12 19:23:18	INFO	imstat::::	        -- Median of the deviations [medabsdevmed]: 2.94373e-05 Jy/beam
2023-04-12 19:23:18	INFO	imstat::::	        -- IQR [quartile]:                          0.000244059 Jy/beam
2023-04-12 19:23:18	INFO	imstat::::	        -- First quartile [q1]:                     1.57158e-05 Jy/beam
2023-04-12 19:23:18	INFO	imstat::::	        -- Third quartile [q3]:                     0.000259775 Jy/beam
2023-04-12 19:23:18	INFO	imstat::ImageStatsCalculator::statistics	Sum column unit = Jy/beam
2023-04-12 19:23:18	INFO	imstat::ImageStatsCalculator::statistics+	Mean column unit = Jy/beam
2023-04-12 19:23:18	INFO	imstat::ImageStatsCalculator::statistics+	Std_dev column unit = Jy/beam
2023-04-12 19:23:18	INFO	imstat::ImageStatsCalculator::statistics+	Minimum column unit = Jy/beam
2023-04-12 19:23:18	INFO	imstat::ImageStatsCalculator::statistics+	Maximum column unit = Jy/beam
2023-04-12 19:23:18	INFO	imstat::ImageStatsCalculator::statistics	Npts          Sum           Mean          Rms           Std_dev       Minimum       Maximum     
2023-04-12 19:23:18	INFO	imstat::ImageStatsCalculator::statistics	 7.067400e+04  2.475186e+01  3.502259e-04  7.798756e-04  6.968175e-04 -7.647528e-06  4.345955e-03
2023-04-12 19:23:18	INFO	imstat::::casa	Task imstat complete. Start time: 2023-04-12 19:23:17.419314 End time: 2023-04-12 19:23:17.507887
2023-04-12 19:23:18	INFO	imstat::::casa	##### End Task: imstat               #####
2023-04-12 19:23:18	INFO	imstat::::casa	##########################################
2023-04-12 19:23:18	INFO	imstat::::casa	##########################################
2023-04-12 19:23:18	INFO	imstat::::casa	##### Begin Task: imstat             #####
2023-04-12 19:23:18	INFO	imstat::::casa	imstat( imagename='/lustre/cv/users/jspeedie/data/images_continuum/robust1.0/ABAur_continuum.clean.JvMcorr.image.pbcor', axes=[], region='circle[[04h55m45.8549s, +30.33.03.733], 3.0arcsec]', box='', chans='', stokes='', listit=True, verbose=True, mask='', stretch=False, logfile='', append=True, algorithm='classic', fence=-1.0, center='mean', lside=True, zscore=-1.0, maxiter=-1, clmethod='auto', niter=3 )
2023-04-12 19:23:18	INFO	imstat::AsciiRegionFileParser::_parse	Combined 1 image regions (which excludes any annotation regions)
2023-04-12 19:23:18	INFO	imstat::AsciiRegionFileParser::_parse	The specified region will select all pixels that are included in the region. Full pixels will be included even when they are only partially covered by the region(s).
2023-04-12 19:23:18	INFO	imstat::CasacRegionManager::fromBCS	Region read from text string circle[[04h55m45.8549s, +30.33.03.733], 3.0arcsec]
2023-04-12 19:23:18	INFO	imstat::image::statistics 	Determining stats for image ABAur_continuum.clean.JvMcorr.image.pbcor
2023-04-12 19:23:18	INFO	imstat::ImageRegion::fromRecord	Selected bounding box : 
2023-04-12 19:23:18	INFO	imstat::ImageRegion::fromRecord+	    [874, 874, 0, 0] to [1174, 1173, 0, 0]  (04:55:46.087, +30.33.00.733, I, 2.26769e+11Hz to 04:55:45.623, +30.33.06.713, I, 2.26769e+11Hz)
2023-04-12 19:23:18	INFO	imstat::ImageStatsCalculator::_logStartup	Statistics calculated using Classic algorithm
2023-04-12 19:23:18	INFO	imstat::ImageStatsCalculator::_logStartup	Regions --- 
2023-04-12 19:23:18	INFO	imstat::ImageStatsCalculator::_logStartup	         -- bottom-left corner (pixel) [blc]:  [874, 874, 0, 0]
2023-04-12 19:23:18	INFO	imstat::ImageStatsCalculator::_logStartup	         -- top-right corner (pixel) [trc]:    [1174, 1173, 0, 0]
2023-04-12 19:23:18	INFO	imstat::ImageStatsCalculator::_logStartup	         -- bottom-left corner (world) [blcf]: 04:55:46.087, +30.33.00.733, I, 2.26769e+11Hz
2023-04-12 19:23:18	INFO	imstat::ImageStatsCalculator::_logStartup	         -- top-right corner (world) [trcf]:   04:55:45.623, +30.33.06.713, I, 2.26769e+11Hz
2023-04-12 19:23:18	INFO	imstat::::	Values --- 
2023-04-12 19:23:18	INFO	imstat::::	         -- flux density [flux]:                    0.0899607 Jy
2023-04-12 19:23:18	INFO	imstat::::	         -- number of points [npts]:                70674
2023-04-12 19:23:18	INFO	imstat::::	         -- maximum value [max]:                    0.00434596 Jy/beam
2023-04-12 19:23:18	INFO	imstat::::	         -- minimum value [min]:                    -7.64753e-06 Jy/beam
2023-04-12 19:23:18	INFO	imstat::::	         -- position of max value (pixel) [maxpos]: [1071, 1012, 0, 0]
2023-04-12 19:23:18	INFO	imstat::::	         -- position of min value (pixel) [minpos]: [921, 929, 0, 0]
2023-04-12 19:23:18	INFO	imstat::::	         -- position of max value (world) [maxposf]: 04:55:45.782, +30.33.03.493, I, 2.26769e+11Hz
2023-04-12 19:23:18	INFO	imstat::::	         -- position of min value (world) [minposf]: 04:55:46.014, +30.33.01.833, I, 2.26769e+11Hz
2023-04-12 19:23:18	INFO	imstat::::	         -- Sum of pixel values [sum]:               24.7519 Jy/beam
2023-04-12 19:23:18	INFO	imstat::::	         -- Sum of squared pixel values [sumsq]:     0.0429844 Jy/beam.Jy/beam
2023-04-12 19:23:18	INFO	imstat::::	Statistics --- 
2023-04-12 19:23:18	INFO	imstat::::	        -- Mean of the pixel values [mean]:         0.000350226 Jy/beam
2023-04-12 19:23:18	INFO	imstat::::	        -- Variance of the pixel values :           4.85555e-07 Jy/beam
2023-04-12 19:23:18	INFO	imstat::::	        -- Standard deviation of the Mean [sigma]:  0.000696818 Jy/beam
2023-04-12 19:23:18	INFO	imstat::::	        -- Root mean square [rms]:                  0.000779876 Jy/beam
2023-04-12 19:23:18	INFO	imstat::::	        -- Median of the pixel values [median]:     3.75908e-05 Jy/beam
2023-04-12 19:23:18	INFO	imstat::::	        -- Median of the deviations [medabsdevmed]: 2.94373e-05 Jy/beam
2023-04-12 19:23:18	INFO	imstat::::	        -- IQR [quartile]:                          0.000244059 Jy/beam
2023-04-12 19:23:18	INFO	imstat::::	        -- First quartile [q1]:                     1.57158e-05 Jy/beam
2023-04-12 19:23:18	INFO	imstat::::	        -- Third quartile [q3]:                     0.000259775 Jy/beam
2023-04-12 19:23:18	INFO	imstat::ImageStatsCalculator::statistics	Sum column unit = Jy/beam
2023-04-12 19:23:18	INFO	imstat::ImageStatsCalculator::statistics+	Mean column unit = Jy/beam
2023-04-12 19:23:18	INFO	imstat::ImageStatsCalculator::statistics+	Std_dev column unit = Jy/beam
2023-04-12 19:23:18	INFO	imstat::ImageStatsCalculator::statistics+	Minimum column unit = Jy/beam
2023-04-12 19:23:18	INFO	imstat::ImageStatsCalculator::statistics+	Maximum column unit = Jy/beam
2023-04-12 19:23:18	INFO	imstat::ImageStatsCalculator::statistics	Npts          Sum           Mean          Rms           Std_dev       Minimum       Maximum     
2023-04-12 19:23:18	INFO	imstat::ImageStatsCalculator::statistics	 7.067400e+04  2.475186e+01  3.502259e-04  7.798756e-04  6.968175e-04 -7.647528e-06  4.345955e-03
2023-04-12 19:23:18	INFO	imstat::::casa	Task imstat complete. Start time: 2023-04-12 19:23:17.511281 End time: 2023-04-12 19:23:17.555538
2023-04-12 19:23:18	INFO	imstat::::casa	##### End Task: imstat               #####
2023-04-12 19:23:18	INFO	imstat::::casa	##########################################
2023-04-12 19:23:18	INFO	imstat::::casa	##########################################
2023-04-12 19:23:18	INFO	imstat::::casa	##### Begin Task: imstat             #####
2023-04-12 19:23:18	INFO	imstat::::casa	imstat( imagename='/lustre/cv/users/jspeedie/data/images_continuum/robust1.0/ABAur_continuum.clean.JvMcorr.image.pbcor', axes=[], region="annulus[[04h55m45.8549s, +30.33.03.733],['6.00arcsec', '10.0arcsec']]", box='', chans='', stokes='', listit=True, verbose=True, mask='', stretch=False, logfile='', append=True, algorithm='classic', fence=-1.0, center='mean', lside=True, zscore=-1.0, maxiter=-1, clmethod='auto', niter=3 )
2023-04-12 19:23:18	INFO	imstat::AsciiRegionFileParser::_parse	Combined 1 image regions (which excludes any annotation regions)
2023-04-12 19:23:18	INFO	imstat::AsciiRegionFileParser::_parse	The specified region will select all pixels that are included in the region. Full pixels will be included even when they are only partially covered by the region(s).
2023-04-12 19:23:18	INFO	imstat::CasacRegionManager::fromBCS	Region read from text string annulus[[04h55m45.8549s, +30.33.03.733],['6.00arcsec', '10.0arcsec']]
2023-04-12 19:23:18	INFO	imstat::image::statistics 	Determining stats for image ABAur_continuum.clean.JvMcorr.image.pbcor
2023-04-12 19:23:18	INFO	imstat::ImageRegion::fromRecord	Selected bounding box : 
2023-04-12 19:23:18	INFO	imstat::ImageRegion::fromRecord+	    [524, 524, 0, 0] to [1524, 1524, 0, 0]  (04:55:46.629, +30.32.53.733, I, 2.26769e+11Hz to 04:55:45.081, +30.33.13.733, I, 2.26769e+11Hz)
2023-04-12 19:23:18	INFO	imstat::ImageStatsCalculator::_logStartup	Statistics calculated using Classic algorithm
2023-04-12 19:23:18	INFO	imstat::ImageStatsCalculator::_logStartup	Regions --- 
2023-04-12 19:23:18	INFO	imstat::ImageStatsCalculator::_logStartup	         -- bottom-left corner (pixel) [blc]:  [524, 524, 0, 0]
2023-04-12 19:23:18	INFO	imstat::ImageStatsCalculator::_logStartup	         -- top-right corner (pixel) [trc]:    [1524, 1524, 0, 0]
2023-04-12 19:23:18	INFO	imstat::ImageStatsCalculator::_logStartup	         -- bottom-left corner (world) [blcf]: 04:55:46.629, +30.32.53.733, I, 2.26769e+11Hz
2023-04-12 19:23:18	INFO	imstat::ImageStatsCalculator::_logStartup	         -- top-right corner (world) [trcf]:   04:55:45.081, +30.33.13.733, I, 2.26769e+11Hz
2023-04-12 19:23:18	INFO	imstat::::	Values --- 
2023-04-12 19:23:18	INFO	imstat::::	         -- flux density [flux]:                    -0.0134127 Jy
2023-04-12 19:23:18	INFO	imstat::::	         -- number of points [npts]:                502718
2023-04-12 19:23:18	INFO	imstat::::	         -- maximum value [max]:                    3.08596e-05 Jy/beam
2023-04-12 19:23:18	INFO	imstat::::	         -- minimum value [min]:                    -4.30498e-05 Jy/beam
2023-04-12 19:23:18	INFO	imstat::::	         -- position of max value (pixel) [maxpos]: [1273, 1439, 0, 0]
2023-04-12 19:23:18	INFO	imstat::::	         -- position of min value (pixel) [minpos]: [1489, 1171, 0, 0]
2023-04-12 19:23:18	INFO	imstat::::	         -- position of max value (world) [maxposf]: 04:55:45.469, +30.33.12.033, I, 2.26769e+11Hz
2023-04-12 19:23:18	INFO	imstat::::	         -- position of min value (world) [minposf]: 04:55:45.135, +30.33.06.673, I, 2.26769e+11Hz
2023-04-12 19:23:18	INFO	imstat::::	         -- Sum of pixel values [sum]:               -3.69037 Jy/beam
2023-04-12 19:23:18	INFO	imstat::::	         -- Sum of squared pixel values [sumsq]:     6.35513e-05 Jy/beam.Jy/beam
2023-04-12 19:23:18	INFO	imstat::::	Statistics --- 
2023-04-12 19:23:18	INFO	imstat::::	        -- Mean of the pixel values [mean]:         -7.34084e-06 Jy/beam
2023-04-12 19:23:18	INFO	imstat::::	        -- Variance of the pixel values :           7.25276e-11 Jy/beam
2023-04-12 19:23:18	INFO	imstat::::	        -- Standard deviation of the Mean [sigma]:  8.51632e-06 Jy/beam
2023-04-12 19:23:18	INFO	imstat::::	        -- Root mean square [rms]:                  1.12435e-05 Jy/beam
2023-04-12 19:23:18	INFO	imstat::::	        -- Median of the pixel values [median]:     -8.44835e-06 Jy/beam
2023-04-12 19:23:18	INFO	imstat::::	        -- Median of the deviations [medabsdevmed]: 5.55509e-06 Jy/beam
2023-04-12 19:23:18	INFO	imstat::::	        -- IQR [quartile]:                          1.14718e-05 Jy/beam
2023-04-12 19:23:18	INFO	imstat::::	        -- First quartile [q1]:                     -1.3369e-05 Jy/beam
2023-04-12 19:23:18	INFO	imstat::::	        -- Third quartile [q3]:                     -1.89716e-06 Jy/beam
2023-04-12 19:23:18	INFO	imstat::ImageStatsCalculator::statistics	Sum column unit = Jy/beam
2023-04-12 19:23:18	INFO	imstat::ImageStatsCalculator::statistics+	Mean column unit = Jy/beam
2023-04-12 19:23:18	INFO	imstat::ImageStatsCalculator::statistics+	Std_dev column unit = Jy/beam
2023-04-12 19:23:18	INFO	imstat::ImageStatsCalculator::statistics+	Minimum column unit = Jy/beam
2023-04-12 19:23:18	INFO	imstat::ImageStatsCalculator::statistics+	Maximum column unit = Jy/beam
2023-04-12 19:23:18	INFO	imstat::ImageStatsCalculator::statistics	Npts          Sum           Mean          Rms           Std_dev       Minimum       Maximum     
2023-04-12 19:23:18	INFO	imstat::ImageStatsCalculator::statistics	 5.027180e+05 -3.690373e+00 -7.340840e-06  1.124346e-05  8.516316e-06 -4.304981e-05  3.085961e-05
2023-04-12 19:23:18	INFO	imstat::::casa	Task imstat complete. Start time: 2023-04-12 19:23:17.558783 End time: 2023-04-12 19:23:17.634619
2023-04-12 19:23:18	INFO	imstat::::casa	##### End Task: imstat               #####
2023-04-12 19:23:18	INFO	imstat::::casa	##########################################
2023-04-12 19:23:18	INFO	imstat::::casa	##########################################
2023-04-12 19:23:18	INFO	imstat::::casa	##### Begin Task: imstat             #####
2023-04-12 19:23:18	INFO	imstat::::casa	imstat( imagename='/lustre/cv/users/jspeedie/data/images_continuum/robust1.0/ABAur_continuum.clean.JvMcorr.image.pbcor', axes=[], region='circle[[04h55m45.8549s, +30.33.03.733], 3.0arcsec]', box='', chans='', stokes='', listit=True, verbose=True, mask='', stretch=False, logfile='', append=True, algorithm='classic', fence=-1.0, center='mean', lside=True, zscore=-1.0, maxiter=-1, clmethod='auto', niter=3 )
2023-04-12 19:23:18	INFO	imstat::AsciiRegionFileParser::_parse	Combined 1 image regions (which excludes any annotation regions)
2023-04-12 19:23:18	INFO	imstat::AsciiRegionFileParser::_parse	The specified region will select all pixels that are included in the region. Full pixels will be included even when they are only partially covered by the region(s).
2023-04-12 19:23:18	INFO	imstat::CasacRegionManager::fromBCS	Region read from text string circle[[04h55m45.8549s, +30.33.03.733], 3.0arcsec]
2023-04-12 19:23:18	INFO	imstat::image::statistics 	Determining stats for image ABAur_continuum.clean.JvMcorr.image.pbcor
2023-04-12 19:23:18	INFO	imstat::ImageRegion::fromRecord	Selected bounding box : 
2023-04-12 19:23:18	INFO	imstat::ImageRegion::fromRecord+	    [874, 874, 0, 0] to [1174, 1173, 0, 0]  (04:55:46.087, +30.33.00.733, I, 2.26769e+11Hz to 04:55:45.623, +30.33.06.713, I, 2.26769e+11Hz)
2023-04-12 19:23:18	INFO	imstat::ImageStatsCalculator::_logStartup	Statistics calculated using Classic algorithm
2023-04-12 19:23:18	INFO	imstat::ImageStatsCalculator::_logStartup	Regions --- 
2023-04-12 19:23:18	INFO	imstat::ImageStatsCalculator::_logStartup	         -- bottom-left corner (pixel) [blc]:  [874, 874, 0, 0]
2023-04-12 19:23:18	INFO	imstat::ImageStatsCalculator::_logStartup	         -- top-right corner (pixel) [trc]:    [1174, 1173, 0, 0]
2023-04-12 19:23:18	INFO	imstat::ImageStatsCalculator::_logStartup	         -- bottom-left corner (world) [blcf]: 04:55:46.087, +30.33.00.733, I, 2.26769e+11Hz
2023-04-12 19:23:18	INFO	imstat::ImageStatsCalculator::_logStartup	         -- top-right corner (world) [trcf]:   04:55:45.623, +30.33.06.713, I, 2.26769e+11Hz
2023-04-12 19:23:18	INFO	imstat::::	Values --- 
2023-04-12 19:23:18	INFO	imstat::::	         -- flux density [flux]:                    0.0899607 Jy
2023-04-12 19:23:18	INFO	imstat::::	         -- number of points [npts]:                70674
2023-04-12 19:23:18	INFO	imstat::::	         -- maximum value [max]:                    0.00434596 Jy/beam
2023-04-12 19:23:18	INFO	imstat::::	         -- minimum value [min]:                    -7.64753e-06 Jy/beam
2023-04-12 19:23:18	INFO	imstat::::	         -- position of max value (pixel) [maxpos]: [1071, 1012, 0, 0]
2023-04-12 19:23:18	INFO	imstat::::	         -- position of min value (pixel) [minpos]: [921, 929, 0, 0]
2023-04-12 19:23:18	INFO	imstat::::	         -- position of max value (world) [maxposf]: 04:55:45.782, +30.33.03.493, I, 2.26769e+11Hz
2023-04-12 19:23:18	INFO	imstat::::	         -- position of min value (world) [minposf]: 04:55:46.014, +30.33.01.833, I, 2.26769e+11Hz
2023-04-12 19:23:18	INFO	imstat::::	         -- Sum of pixel values [sum]:               24.7519 Jy/beam
2023-04-12 19:23:18	INFO	imstat::::	         -- Sum of squared pixel values [sumsq]:     0.0429844 Jy/beam.Jy/beam
2023-04-12 19:23:18	INFO	imstat::::	Statistics --- 
2023-04-12 19:23:18	INFO	imstat::::	        -- Mean of the pixel values [mean]:         0.000350226 Jy/beam
2023-04-12 19:23:18	INFO	imstat::::	        -- Variance of the pixel values :           4.85555e-07 Jy/beam
2023-04-12 19:23:18	INFO	imstat::::	        -- Standard deviation of the Mean [sigma]:  0.000696818 Jy/beam
2023-04-12 19:23:18	INFO	imstat::::	        -- Root mean square [rms]:                  0.000779876 Jy/beam
2023-04-12 19:23:18	INFO	imstat::::	        -- Median of the pixel values [median]:     3.75908e-05 Jy/beam
2023-04-12 19:23:18	INFO	imstat::::	        -- Median of the deviations [medabsdevmed]: 2.94373e-05 Jy/beam
2023-04-12 19:23:18	INFO	imstat::::	        -- IQR [quartile]:                          0.000244059 Jy/beam
2023-04-12 19:23:18	INFO	imstat::::	        -- First quartile [q1]:                     1.57158e-05 Jy/beam
2023-04-12 19:23:18	INFO	imstat::::	        -- Third quartile [q3]:                     0.000259775 Jy/beam
2023-04-12 19:23:18	INFO	imstat::ImageStatsCalculator::statistics	Sum column unit = Jy/beam
2023-04-12 19:23:18	INFO	imstat::ImageStatsCalculator::statistics+	Mean column unit = Jy/beam
2023-04-12 19:23:18	INFO	imstat::ImageStatsCalculator::statistics+	Std_dev column unit = Jy/beam
2023-04-12 19:23:18	INFO	imstat::ImageStatsCalculator::statistics+	Minimum column unit = Jy/beam
2023-04-12 19:23:18	INFO	imstat::ImageStatsCalculator::statistics+	Maximum column unit = Jy/beam
2023-04-12 19:23:18	INFO	imstat::ImageStatsCalculator::statistics	Npts          Sum           Mean          Rms           Std_dev       Minimum       Maximum     
2023-04-12 19:23:18	INFO	imstat::ImageStatsCalculator::statistics	 7.067400e+04  2.475186e+01  3.502259e-04  7.798756e-04  6.968175e-04 -7.647528e-06  4.345955e-03
2023-04-12 19:23:18	INFO	imstat::::casa	Task imstat complete. Start time: 2023-04-12 19:23:17.638017 End time: 2023-04-12 19:23:17.714305
2023-04-12 19:23:18	INFO	imstat::::casa	##### End Task: imstat               #####
2023-04-12 19:23:18	INFO	imstat::::casa	##########################################
2023-04-12 19:23:18	INFO	imstat::::casa	##########################################
2023-04-12 19:23:18	INFO	imstat::::casa	##### Begin Task: imstat             #####
2023-04-12 19:23:18	INFO	imstat::::casa	imstat( imagename='/lustre/cv/users/jspeedie/data/images_continuum/robust1.0/ABAur_continuum.clean.JvMcorr.image.pbcor', axes=[], region="annulus[[04h55m45.8549s, +30.33.03.733],['6.00arcsec', '10.0arcsec']]", box='', chans='', stokes='', listit=True, verbose=True, mask='', stretch=False, logfile='', append=True, algorithm='classic', fence=-1.0, center='mean', lside=True, zscore=-1.0, maxiter=-1, clmethod='auto', niter=3 )
2023-04-12 19:23:18	INFO	imstat::AsciiRegionFileParser::_parse	Combined 1 image regions (which excludes any annotation regions)
2023-04-12 19:23:18	INFO	imstat::AsciiRegionFileParser::_parse	The specified region will select all pixels that are included in the region. Full pixels will be included even when they are only partially covered by the region(s).
2023-04-12 19:23:18	INFO	imstat::CasacRegionManager::fromBCS	Region read from text string annulus[[04h55m45.8549s, +30.33.03.733],['6.00arcsec', '10.0arcsec']]
2023-04-12 19:23:18	INFO	imstat::image::statistics 	Determining stats for image ABAur_continuum.clean.JvMcorr.image.pbcor
2023-04-12 19:23:18	INFO	imstat::ImageRegion::fromRecord	Selected bounding box : 
2023-04-12 19:23:18	INFO	imstat::ImageRegion::fromRecord+	    [524, 524, 0, 0] to [1524, 1524, 0, 0]  (04:55:46.629, +30.32.53.733, I, 2.26769e+11Hz to 04:55:45.081, +30.33.13.733, I, 2.26769e+11Hz)
2023-04-12 19:23:18	INFO	imstat::ImageStatsCalculator::_logStartup	Statistics calculated using Classic algorithm
2023-04-12 19:23:18	INFO	imstat::ImageStatsCalculator::_logStartup	Regions --- 
2023-04-12 19:23:18	INFO	imstat::ImageStatsCalculator::_logStartup	         -- bottom-left corner (pixel) [blc]:  [524, 524, 0, 0]
2023-04-12 19:23:18	INFO	imstat::ImageStatsCalculator::_logStartup	         -- top-right corner (pixel) [trc]:    [1524, 1524, 0, 0]
2023-04-12 19:23:18	INFO	imstat::ImageStatsCalculator::_logStartup	         -- bottom-left corner (world) [blcf]: 04:55:46.629, +30.32.53.733, I, 2.26769e+11Hz
2023-04-12 19:23:18	INFO	imstat::ImageStatsCalculator::_logStartup	         -- top-right corner (world) [trcf]:   04:55:45.081, +30.33.13.733, I, 2.26769e+11Hz
2023-04-12 19:23:18	INFO	imstat::::	Values --- 
2023-04-12 19:23:18	INFO	imstat::::	         -- flux density [flux]:                    -0.0134127 Jy
2023-04-12 19:23:18	INFO	imstat::::	         -- number of points [npts]:                502718
2023-04-12 19:23:18	INFO	imstat::::	         -- maximum value [max]:                    3.08596e-05 Jy/beam
2023-04-12 19:23:18	INFO	imstat::::	         -- minimum value [min]:                    -4.30498e-05 Jy/beam
2023-04-12 19:23:18	INFO	imstat::::	         -- position of max value (pixel) [maxpos]: [1273, 1439, 0, 0]
2023-04-12 19:23:18	INFO	imstat::::	         -- position of min value (pixel) [minpos]: [1489, 1171, 0, 0]
2023-04-12 19:23:18	INFO	imstat::::	         -- position of max value (world) [maxposf]: 04:55:45.469, +30.33.12.033, I, 2.26769e+11Hz
2023-04-12 19:23:18	INFO	imstat::::	         -- position of min value (world) [minposf]: 04:55:45.135, +30.33.06.673, I, 2.26769e+11Hz
2023-04-12 19:23:18	INFO	imstat::::	         -- Sum of pixel values [sum]:               -3.69037 Jy/beam
2023-04-12 19:23:18	INFO	imstat::::	         -- Sum of squared pixel values [sumsq]:     6.35513e-05 Jy/beam.Jy/beam
2023-04-12 19:23:18	INFO	imstat::::	Statistics --- 
2023-04-12 19:23:18	INFO	imstat::::	        -- Mean of the pixel values [mean]:         -7.34084e-06 Jy/beam
2023-04-12 19:23:18	INFO	imstat::::	        -- Variance of the pixel values :           7.25276e-11 Jy/beam
2023-04-12 19:23:18	INFO	imstat::::	        -- Standard deviation of the Mean [sigma]:  8.51632e-06 Jy/beam
2023-04-12 19:23:18	INFO	imstat::::	        -- Root mean square [rms]:                  1.12435e-05 Jy/beam
2023-04-12 19:23:18	INFO	imstat::::	        -- Median of the pixel values [median]:     -8.44835e-06 Jy/beam
2023-04-12 19:23:18	INFO	imstat::::	        -- Median of the deviations [medabsdevmed]: 5.55509e-06 Jy/beam
2023-04-12 19:23:18	INFO	imstat::::	        -- IQR [quartile]:                          1.14718e-05 Jy/beam
2023-04-12 19:23:18	INFO	imstat::::	        -- First quartile [q1]:                     -1.3369e-05 Jy/beam
2023-04-12 19:23:18	INFO	imstat::::	        -- Third quartile [q3]:                     -1.89716e-06 Jy/beam
2023-04-12 19:23:18	INFO	imstat::ImageStatsCalculator::statistics	Sum column unit = Jy/beam
2023-04-12 19:23:18	INFO	imstat::ImageStatsCalculator::statistics+	Mean column unit = Jy/beam
2023-04-12 19:23:18	INFO	imstat::ImageStatsCalculator::statistics+	Std_dev column unit = Jy/beam
2023-04-12 19:23:18	INFO	imstat::ImageStatsCalculator::statistics+	Minimum column unit = Jy/beam
2023-04-12 19:23:18	INFO	imstat::ImageStatsCalculator::statistics+	Maximum column unit = Jy/beam
2023-04-12 19:23:18	INFO	imstat::ImageStatsCalculator::statistics	Npts          Sum           Mean          Rms           Std_dev       Minimum       Maximum     
2023-04-12 19:23:18	INFO	imstat::ImageStatsCalculator::statistics	 5.027180e+05 -3.690373e+00 -7.340840e-06  1.124346e-05  8.516316e-06 -4.304981e-05  3.085961e-05
2023-04-12 19:23:18	INFO	imstat::::casa	Task imstat complete. Start time: 2023-04-12 19:23:17.717580 End time: 2023-04-12 19:23:17.840409
2023-04-12 19:23:18	INFO	imstat::::casa	##### End Task: imstat               #####
2023-04-12 19:23:18	INFO	imstat::::casa	##########################################
2023-04-12 19:23:18	INFO	imstat::::casa	##########################################
2023-04-12 19:23:18	INFO	imstat::::casa	##### Begin Task: imstat             #####
2023-04-12 19:23:18	INFO	imstat::::casa	imstat( imagename='/lustre/cv/users/jspeedie/data/images_continuum/robust1.0/ABAur_continuum.clean.JvMcorr_lowres.image.pbcor', axes=[], region='circle[[04h55m45.8549s, +30.33.03.733], 3.0arcsec]', box='', chans='', stokes='', listit=True, verbose=True, mask='', stretch=False, logfile='', append=True, algorithm='classic', fence=-1.0, center='mean', lside=True, zscore=-1.0, maxiter=-1, clmethod='auto', niter=3 )
2023-04-12 19:23:18	INFO	imstat::AsciiRegionFileParser::_parse	Combined 1 image regions (which excludes any annotation regions)
2023-04-12 19:23:18	INFO	imstat::AsciiRegionFileParser::_parse	The specified region will select all pixels that are included in the region. Full pixels will be included even when they are only partially covered by the region(s).
2023-04-12 19:23:18	INFO	imstat::CasacRegionManager::fromBCS	Region read from text string circle[[04h55m45.8549s, +30.33.03.733], 3.0arcsec]
2023-04-12 19:23:18	INFO	imstat::image::statistics 	Determining stats for image ABAur_continuum.clean.JvMcorr_lowres.image.pbcor
2023-04-12 19:23:18	INFO	imstat::ImageRegion::fromRecord	Selected bounding box : 
2023-04-12 19:23:18	INFO	imstat::ImageRegion::fromRecord+	    [874, 874, 0, 0] to [1174, 1173, 0, 0]  (04:55:46.087, +30.33.00.733, I, 2.26769e+11Hz to 04:55:45.623, +30.33.06.713, I, 2.26769e+11Hz)
2023-04-12 19:23:18	INFO	imstat::ImageStatsCalculator::_logStartup	Statistics calculated using Classic algorithm
2023-04-12 19:23:18	INFO	imstat::ImageStatsCalculator::_logStartup	Regions --- 
2023-04-12 19:23:18	INFO	imstat::ImageStatsCalculator::_logStartup	         -- bottom-left corner (pixel) [blc]:  [874, 874, 0, 0]
2023-04-12 19:23:18	INFO	imstat::ImageStatsCalculator::_logStartup	         -- top-right corner (pixel) [trc]:    [1174, 1173, 0, 0]
2023-04-12 19:23:18	INFO	imstat::ImageStatsCalculator::_logStartup	         -- bottom-left corner (world) [blcf]: 04:55:46.087, +30.33.00.733, I, 2.26769e+11Hz
2023-04-12 19:23:18	INFO	imstat::ImageStatsCalculator::_logStartup	         -- top-right corner (world) [trcf]:   04:55:45.623, +30.33.06.713, I, 2.26769e+11Hz
2023-04-12 19:23:18	INFO	imstat::::	Values --- 
2023-04-12 19:23:18	INFO	imstat::::	         -- flux density [flux]:                    0.0899706 Jy
2023-04-12 19:23:18	INFO	imstat::::	         -- number of points [npts]:                70674
2023-04-12 19:23:18	INFO	imstat::::	         -- maximum value [max]:                    0.00921791 Jy/beam
2023-04-12 19:23:18	INFO	imstat::::	         -- minimum value [min]:                    -2.16559e-05 Jy/beam
2023-04-12 19:23:18	INFO	imstat::::	         -- position of max value (pixel) [maxpos]: [1072, 1022, 0, 0]
2023-04-12 19:23:18	INFO	imstat::::	         -- position of min value (pixel) [minpos]: [921, 929, 0, 0]
2023-04-12 19:23:18	INFO	imstat::::	         -- position of max value (world) [maxposf]: 04:55:45.781, +30.33.03.693, I, 2.26769e+11Hz
2023-04-12 19:23:18	INFO	imstat::::	         -- position of min value (world) [minposf]: 04:55:46.014, +30.33.01.833, I, 2.26769e+11Hz
2023-04-12 19:23:18	INFO	imstat::::	         -- Sum of pixel values [sum]:               70.0992 Jy/beam
2023-04-12 19:23:18	INFO	imstat::::	         -- Sum of squared pixel values [sumsq]:     0.272437 Jy/beam.Jy/beam
2023-04-12 19:23:18	INFO	imstat::::	Statistics --- 
2023-04-12 19:23:18	INFO	imstat::::	        -- Mean of the pixel values [mean]:         0.000991867 Jy/beam
2023-04-12 19:23:18	INFO	imstat::::	        -- Variance of the pixel values :           2.87108e-06 Jy/beam
2023-04-12 19:23:18	INFO	imstat::::	        -- Standard deviation of the Mean [sigma]:  0.00169442 Jy/beam
2023-04-12 19:23:18	INFO	imstat::::	        -- Root mean square [rms]:                  0.00196337 Jy/beam
2023-04-12 19:23:18	INFO	imstat::::	        -- Median of the pixel values [median]:     0.000111921 Jy/beam
2023-04-12 19:23:18	INFO	imstat::::	        -- Median of the deviations [medabsdevmed]: 9.44336e-05 Jy/beam
2023-04-12 19:23:18	INFO	imstat::::	        -- IQR [quartile]:                          0.00118464 Jy/beam
2023-04-12 19:23:18	INFO	imstat::::	        -- First quartile [q1]:                     4.45783e-05 Jy/beam
2023-04-12 19:23:18	INFO	imstat::::	        -- Third quartile [q3]:                     0.00122921 Jy/beam
2023-04-12 19:23:18	INFO	imstat::ImageStatsCalculator::statistics	Sum column unit = Jy/beam
2023-04-12 19:23:18	INFO	imstat::ImageStatsCalculator::statistics+	Mean column unit = Jy/beam
2023-04-12 19:23:18	INFO	imstat::ImageStatsCalculator::statistics+	Std_dev column unit = Jy/beam
2023-04-12 19:23:18	INFO	imstat::ImageStatsCalculator::statistics+	Minimum column unit = Jy/beam
2023-04-12 19:23:18	INFO	imstat::ImageStatsCalculator::statistics+	Maximum column unit = Jy/beam
2023-04-12 19:23:18	INFO	imstat::ImageStatsCalculator::statistics	Npts          Sum           Mean          Rms           Std_dev       Minimum       Maximum     
2023-04-12 19:23:18	INFO	imstat::ImageStatsCalculator::statistics	 7.067400e+04  7.009922e+01  9.918672e-04  1.963373e-03  1.694425e-03 -2.165590e-05  9.217907e-03
2023-04-12 19:23:18	INFO	imstat::::casa	Task imstat complete. Start time: 2023-04-12 19:23:17.844289 End time: 2023-04-12 19:23:17.931999
2023-04-12 19:23:18	INFO	imstat::::casa	##### End Task: imstat               #####
2023-04-12 19:23:18	INFO	imstat::::casa	##########################################
2023-04-12 19:23:18	INFO	imstat::::casa	##########################################
2023-04-12 19:23:18	INFO	imstat::::casa	##### Begin Task: imstat             #####
2023-04-12 19:23:18	INFO	imstat::::casa	imstat( imagename='/lustre/cv/users/jspeedie/data/images_continuum/robust1.0/ABAur_continuum.clean.JvMcorr_lowres.image.pbcor', axes=[], region='circle[[04h55m45.8549s, +30.33.03.733], 3.0arcsec]', box='', chans='', stokes='', listit=True, verbose=True, mask='', stretch=False, logfile='', append=True, algorithm='classic', fence=-1.0, center='mean', lside=True, zscore=-1.0, maxiter=-1, clmethod='auto', niter=3 )
2023-04-12 19:23:18	INFO	imstat::AsciiRegionFileParser::_parse	Combined 1 image regions (which excludes any annotation regions)
2023-04-12 19:23:18	INFO	imstat::AsciiRegionFileParser::_parse	The specified region will select all pixels that are included in the region. Full pixels will be included even when they are only partially covered by the region(s).
2023-04-12 19:23:18	INFO	imstat::CasacRegionManager::fromBCS	Region read from text string circle[[04h55m45.8549s, +30.33.03.733], 3.0arcsec]
2023-04-12 19:23:18	INFO	imstat::image::statistics 	Determining stats for image ABAur_continuum.clean.JvMcorr_lowres.image.pbcor
2023-04-12 19:23:18	INFO	imstat::ImageRegion::fromRecord	Selected bounding box : 
2023-04-12 19:23:18	INFO	imstat::ImageRegion::fromRecord+	    [874, 874, 0, 0] to [1174, 1173, 0, 0]  (04:55:46.087, +30.33.00.733, I, 2.26769e+11Hz to 04:55:45.623, +30.33.06.713, I, 2.26769e+11Hz)
2023-04-12 19:23:18	INFO	imstat::ImageStatsCalculator::_logStartup	Statistics calculated using Classic algorithm
2023-04-12 19:23:18	INFO	imstat::ImageStatsCalculator::_logStartup	Regions --- 
2023-04-12 19:23:18	INFO	imstat::ImageStatsCalculator::_logStartup	         -- bottom-left corner (pixel) [blc]:  [874, 874, 0, 0]
2023-04-12 19:23:18	INFO	imstat::ImageStatsCalculator::_logStartup	         -- top-right corner (pixel) [trc]:    [1174, 1173, 0, 0]
2023-04-12 19:23:18	INFO	imstat::ImageStatsCalculator::_logStartup	         -- bottom-left corner (world) [blcf]: 04:55:46.087, +30.33.00.733, I, 2.26769e+11Hz
2023-04-12 19:23:18	INFO	imstat::ImageStatsCalculator::_logStartup	         -- top-right corner (world) [trcf]:   04:55:45.623, +30.33.06.713, I, 2.26769e+11Hz
2023-04-12 19:23:18	INFO	imstat::::	Values --- 
2023-04-12 19:23:18	INFO	imstat::::	         -- flux density [flux]:                    0.0899706 Jy
2023-04-12 19:23:18	INFO	imstat::::	         -- number of points [npts]:                70674
2023-04-12 19:23:18	INFO	imstat::::	         -- maximum value [max]:                    0.00921791 Jy/beam
2023-04-12 19:23:18	INFO	imstat::::	         -- minimum value [min]:                    -2.16559e-05 Jy/beam
2023-04-12 19:23:18	INFO	imstat::::	         -- position of max value (pixel) [maxpos]: [1072, 1022, 0, 0]
2023-04-12 19:23:18	INFO	imstat::::	         -- position of min value (pixel) [minpos]: [921, 929, 0, 0]
2023-04-12 19:23:18	INFO	imstat::::	         -- position of max value (world) [maxposf]: 04:55:45.781, +30.33.03.693, I, 2.26769e+11Hz
2023-04-12 19:23:18	INFO	imstat::::	         -- position of min value (world) [minposf]: 04:55:46.014, +30.33.01.833, I, 2.26769e+11Hz
2023-04-12 19:23:18	INFO	imstat::::	         -- Sum of pixel values [sum]:               70.0992 Jy/beam
2023-04-12 19:23:18	INFO	imstat::::	         -- Sum of squared pixel values [sumsq]:     0.272437 Jy/beam.Jy/beam
2023-04-12 19:23:18	INFO	imstat::::	Statistics --- 
2023-04-12 19:23:18	INFO	imstat::::	        -- Mean of the pixel values [mean]:         0.000991867 Jy/beam
2023-04-12 19:23:18	INFO	imstat::::	        -- Variance of the pixel values :           2.87108e-06 Jy/beam
2023-04-12 19:23:18	INFO	imstat::::	        -- Standard deviation of the Mean [sigma]:  0.00169442 Jy/beam
2023-04-12 19:23:18	INFO	imstat::::	        -- Root mean square [rms]:                  0.00196337 Jy/beam
2023-04-12 19:23:18	INFO	imstat::::	        -- Median of the pixel values [median]:     0.000111921 Jy/beam
2023-04-12 19:23:18	INFO	imstat::::	        -- Median of the deviations [medabsdevmed]: 9.44336e-05 Jy/beam
2023-04-12 19:23:18	INFO	imstat::::	        -- IQR [quartile]:                          0.00118464 Jy/beam
2023-04-12 19:23:18	INFO	imstat::::	        -- First quartile [q1]:                     4.45783e-05 Jy/beam
2023-04-12 19:23:18	INFO	imstat::::	        -- Third quartile [q3]:                     0.00122921 Jy/beam
2023-04-12 19:23:18	INFO	imstat::ImageStatsCalculator::statistics	Sum column unit = Jy/beam
2023-04-12 19:23:18	INFO	imstat::ImageStatsCalculator::statistics+	Mean column unit = Jy/beam
2023-04-12 19:23:18	INFO	imstat::ImageStatsCalculator::statistics+	Std_dev column unit = Jy/beam
2023-04-12 19:23:18	INFO	imstat::ImageStatsCalculator::statistics+	Minimum column unit = Jy/beam
2023-04-12 19:23:18	INFO	imstat::ImageStatsCalculator::statistics+	Maximum column unit = Jy/beam
2023-04-12 19:23:18	INFO	imstat::ImageStatsCalculator::statistics	Npts          Sum           Mean          Rms           Std_dev       Minimum       Maximum     
2023-04-12 19:23:18	INFO	imstat::ImageStatsCalculator::statistics	 7.067400e+04  7.009922e+01  9.918672e-04  1.963373e-03  1.694425e-03 -2.165590e-05  9.217907e-03
2023-04-12 19:23:18	INFO	imstat::::casa	Task imstat complete. Start time: 2023-04-12 19:23:17.935296 End time: 2023-04-12 19:23:18.027972
2023-04-12 19:23:18	INFO	imstat::::casa	##### End Task: imstat               #####
2023-04-12 19:23:18	INFO	imstat::::casa	##########################################
2023-04-12 19:23:18	INFO	imstat::::casa	##########################################
2023-04-12 19:23:18	INFO	imstat::::casa	##### Begin Task: imstat             #####
2023-04-12 19:23:18	INFO	imstat::::casa	imstat( imagename='/lustre/cv/users/jspeedie/data/images_continuum/robust1.0/ABAur_continuum.clean.JvMcorr_lowres.image.pbcor', axes=[], region="annulus[[04h55m45.8549s, +30.33.03.733],['6.00arcsec', '10.0arcsec']]", box='', chans='', stokes='', listit=True, verbose=True, mask='', stretch=False, logfile='', append=True, algorithm='classic', fence=-1.0, center='mean', lside=True, zscore=-1.0, maxiter=-1, clmethod='auto', niter=3 )
2023-04-12 19:23:18	INFO	imstat::AsciiRegionFileParser::_parse	Combined 1 image regions (which excludes any annotation regions)
2023-04-12 19:23:18	INFO	imstat::AsciiRegionFileParser::_parse	The specified region will select all pixels that are included in the region. Full pixels will be included even when they are only partially covered by the region(s).
2023-04-12 19:23:18	INFO	imstat::CasacRegionManager::fromBCS	Region read from text string annulus[[04h55m45.8549s, +30.33.03.733],['6.00arcsec', '10.0arcsec']]
2023-04-12 19:23:18	INFO	imstat::image::statistics 	Determining stats for image ABAur_continuum.clean.JvMcorr_lowres.image.pbcor
2023-04-12 19:23:18	INFO	imstat::ImageRegion::fromRecord	Selected bounding box : 
2023-04-12 19:23:18	INFO	imstat::ImageRegion::fromRecord+	    [524, 524, 0, 0] to [1524, 1524, 0, 0]  (04:55:46.629, +30.32.53.733, I, 2.26769e+11Hz to 04:55:45.081, +30.33.13.733, I, 2.26769e+11Hz)
2023-04-12 19:23:18	INFO	imstat::ImageStatsCalculator::_logStartup	Statistics calculated using Classic algorithm
2023-04-12 19:23:18	INFO	imstat::ImageStatsCalculator::_logStartup	Regions --- 
2023-04-12 19:23:18	INFO	imstat::ImageStatsCalculator::_logStartup	         -- bottom-left corner (pixel) [blc]:  [524, 524, 0, 0]
2023-04-12 19:23:18	INFO	imstat::ImageStatsCalculator::_logStartup	         -- top-right corner (pixel) [trc]:    [1524, 1524, 0, 0]
2023-04-12 19:23:18	INFO	imstat::ImageStatsCalculator::_logStartup	         -- bottom-left corner (world) [blcf]: 04:55:46.629, +30.32.53.733, I, 2.26769e+11Hz
2023-04-12 19:23:18	INFO	imstat::ImageStatsCalculator::_logStartup	         -- top-right corner (world) [trcf]:   04:55:45.081, +30.33.13.733, I, 2.26769e+11Hz
2023-04-12 19:23:18	INFO	imstat::::	Values --- 
2023-04-12 19:23:18	INFO	imstat::::	         -- flux density [flux]:                    -0.0134127 Jy
2023-04-12 19:23:18	INFO	imstat::::	         -- number of points [npts]:                502718
2023-04-12 19:23:18	INFO	imstat::::	         -- maximum value [max]:                    8.73873e-05 Jy/beam
2023-04-12 19:23:18	INFO	imstat::::	         -- minimum value [min]:                    -0.000121907 Jy/beam
2023-04-12 19:23:18	INFO	imstat::::	         -- position of max value (pixel) [maxpos]: [1273, 1439, 0, 0]
2023-04-12 19:23:18	INFO	imstat::::	         -- position of min value (pixel) [minpos]: [1489, 1171, 0, 0]
2023-04-12 19:23:18	INFO	imstat::::	         -- position of max value (world) [maxposf]: 04:55:45.469, +30.33.12.033, I, 2.26769e+11Hz
2023-04-12 19:23:18	INFO	imstat::::	         -- position of min value (world) [minposf]: 04:55:45.135, +30.33.06.673, I, 2.26769e+11Hz
2023-04-12 19:23:18	INFO	imstat::::	         -- Sum of pixel values [sum]:               -10.4503 Jy/beam
2023-04-12 19:23:18	INFO	imstat::::	         -- Sum of squared pixel values [sumsq]:     0.000509612 Jy/beam.Jy/beam
2023-04-12 19:23:18	INFO	imstat::::	Statistics --- 
2023-04-12 19:23:18	INFO	imstat::::	        -- Mean of the pixel values [mean]:         -2.07875e-05 Jy/beam
2023-04-12 19:23:18	INFO	imstat::::	        -- Variance of the pixel values :           5.81592e-10 Jy/beam
2023-04-12 19:23:18	INFO	imstat::::	        -- Standard deviation of the Mean [sigma]:  2.41162e-05 Jy/beam
2023-04-12 19:23:18	INFO	imstat::::	        -- Root mean square [rms]:                  3.18389e-05 Jy/beam
2023-04-12 19:23:18	INFO	imstat::::	        -- Median of the pixel values [median]:     -2.39237e-05 Jy/beam
2023-04-12 19:23:18	INFO	imstat::::	        -- Median of the deviations [medabsdevmed]: 1.57306e-05 Jy/beam
2023-04-12 19:23:18	INFO	imstat::::	        -- IQR [quartile]:                          3.24855e-05 Jy/beam
2023-04-12 19:23:18	INFO	imstat::::	        -- First quartile [q1]:                     -3.78579e-05 Jy/beam
2023-04-12 19:23:18	INFO	imstat::::	        -- Third quartile [q3]:                     -5.37245e-06 Jy/beam
2023-04-12 19:23:18	INFO	imstat::ImageStatsCalculator::statistics	Sum column unit = Jy/beam
2023-04-12 19:23:18	INFO	imstat::ImageStatsCalculator::statistics+	Mean column unit = Jy/beam
2023-04-12 19:23:18	INFO	imstat::ImageStatsCalculator::statistics+	Std_dev column unit = Jy/beam
2023-04-12 19:23:18	INFO	imstat::ImageStatsCalculator::statistics+	Minimum column unit = Jy/beam
2023-04-12 19:23:18	INFO	imstat::ImageStatsCalculator::statistics+	Maximum column unit = Jy/beam
2023-04-12 19:23:18	INFO	imstat::ImageStatsCalculator::statistics	Npts          Sum           Mean          Rms           Std_dev       Minimum       Maximum     
2023-04-12 19:23:18	INFO	imstat::ImageStatsCalculator::statistics	 5.027180e+05 -1.045027e+01 -2.078755e-05  3.183886e-05  2.411623e-05 -1.219070e-04  8.738729e-05
2023-04-12 19:23:18	INFO	imstat::::casa	Task imstat complete. Start time: 2023-04-12 19:23:18.031636 End time: 2023-04-12 19:23:18.126842
2023-04-12 19:23:18	INFO	imstat::::casa	##### End Task: imstat               #####
2023-04-12 19:23:18	INFO	imstat::::casa	##########################################
2023-04-12 19:23:18	INFO	imstat::::casa	##########################################
2023-04-12 19:23:18	INFO	imstat::::casa	##### Begin Task: imstat             #####
2023-04-12 19:23:18	INFO	imstat::::casa	imstat( imagename='/lustre/cv/users/jspeedie/data/images_continuum/robust1.0/ABAur_continuum.clean.JvMcorr_lowres.image.pbcor', axes=[], region='circle[[04h55m45.8549s, +30.33.03.733], 3.0arcsec]', box='', chans='', stokes='', listit=True, verbose=True, mask='', stretch=False, logfile='', append=True, algorithm='classic', fence=-1.0, center='mean', lside=True, zscore=-1.0, maxiter=-1, clmethod='auto', niter=3 )
2023-04-12 19:23:18	INFO	imstat::AsciiRegionFileParser::_parse	Combined 1 image regions (which excludes any annotation regions)
2023-04-12 19:23:18	INFO	imstat::AsciiRegionFileParser::_parse	The specified region will select all pixels that are included in the region. Full pixels will be included even when they are only partially covered by the region(s).
2023-04-12 19:23:18	INFO	imstat::CasacRegionManager::fromBCS	Region read from text string circle[[04h55m45.8549s, +30.33.03.733], 3.0arcsec]
2023-04-12 19:23:18	INFO	imstat::image::statistics 	Determining stats for image ABAur_continuum.clean.JvMcorr_lowres.image.pbcor
2023-04-12 19:23:18	INFO	imstat::ImageRegion::fromRecord	Selected bounding box : 
2023-04-12 19:23:18	INFO	imstat::ImageRegion::fromRecord+	    [874, 874, 0, 0] to [1174, 1173, 0, 0]  (04:55:46.087, +30.33.00.733, I, 2.26769e+11Hz to 04:55:45.623, +30.33.06.713, I, 2.26769e+11Hz)
2023-04-12 19:23:18	INFO	imstat::ImageStatsCalculator::_logStartup	Statistics calculated using Classic algorithm
2023-04-12 19:23:18	INFO	imstat::ImageStatsCalculator::_logStartup	Regions --- 
2023-04-12 19:23:18	INFO	imstat::ImageStatsCalculator::_logStartup	         -- bottom-left corner (pixel) [blc]:  [874, 874, 0, 0]
2023-04-12 19:23:18	INFO	imstat::ImageStatsCalculator::_logStartup	         -- top-right corner (pixel) [trc]:    [1174, 1173, 0, 0]
2023-04-12 19:23:18	INFO	imstat::ImageStatsCalculator::_logStartup	         -- bottom-left corner (world) [blcf]: 04:55:46.087, +30.33.00.733, I, 2.26769e+11Hz
2023-04-12 19:23:18	INFO	imstat::ImageStatsCalculator::_logStartup	         -- top-right corner (world) [trcf]:   04:55:45.623, +30.33.06.713, I, 2.26769e+11Hz
2023-04-12 19:23:18	INFO	imstat::::	Values --- 
2023-04-12 19:23:18	INFO	imstat::::	         -- flux density [flux]:                    0.0899706 Jy
2023-04-12 19:23:18	INFO	imstat::::	         -- number of points [npts]:                70674
2023-04-12 19:23:18	INFO	imstat::::	         -- maximum value [max]:                    0.00921791 Jy/beam
2023-04-12 19:23:18	INFO	imstat::::	         -- minimum value [min]:                    -2.16559e-05 Jy/beam
2023-04-12 19:23:18	INFO	imstat::::	         -- position of max value (pixel) [maxpos]: [1072, 1022, 0, 0]
2023-04-12 19:23:18	INFO	imstat::::	         -- position of min value (pixel) [minpos]: [921, 929, 0, 0]
2023-04-12 19:23:18	INFO	imstat::::	         -- position of max value (world) [maxposf]: 04:55:45.781, +30.33.03.693, I, 2.26769e+11Hz
2023-04-12 19:23:18	INFO	imstat::::	         -- position of min value (world) [minposf]: 04:55:46.014, +30.33.01.833, I, 2.26769e+11Hz
2023-04-12 19:23:18	INFO	imstat::::	         -- Sum of pixel values [sum]:               70.0992 Jy/beam
2023-04-12 19:23:18	INFO	imstat::::	         -- Sum of squared pixel values [sumsq]:     0.272437 Jy/beam.Jy/beam
2023-04-12 19:23:18	INFO	imstat::::	Statistics --- 
2023-04-12 19:23:18	INFO	imstat::::	        -- Mean of the pixel values [mean]:         0.000991867 Jy/beam
2023-04-12 19:23:18	INFO	imstat::::	        -- Variance of the pixel values :           2.87108e-06 Jy/beam
2023-04-12 19:23:18	INFO	imstat::::	        -- Standard deviation of the Mean [sigma]:  0.00169442 Jy/beam
2023-04-12 19:23:18	INFO	imstat::::	        -- Root mean square [rms]:                  0.00196337 Jy/beam
2023-04-12 19:23:18	INFO	imstat::::	        -- Median of the pixel values [median]:     0.000111921 Jy/beam
2023-04-12 19:23:18	INFO	imstat::::	        -- Median of the deviations [medabsdevmed]: 9.44336e-05 Jy/beam
2023-04-12 19:23:18	INFO	imstat::::	        -- IQR [quartile]:                          0.00118464 Jy/beam
2023-04-12 19:23:18	INFO	imstat::::	        -- First quartile [q1]:                     4.45783e-05 Jy/beam
2023-04-12 19:23:18	INFO	imstat::::	        -- Third quartile [q3]:                     0.00122921 Jy/beam
2023-04-12 19:23:18	INFO	imstat::ImageStatsCalculator::statistics	Sum column unit = Jy/beam
2023-04-12 19:23:18	INFO	imstat::ImageStatsCalculator::statistics+	Mean column unit = Jy/beam
2023-04-12 19:23:18	INFO	imstat::ImageStatsCalculator::statistics+	Std_dev column unit = Jy/beam
2023-04-12 19:23:18	INFO	imstat::ImageStatsCalculator::statistics+	Minimum column unit = Jy/beam
2023-04-12 19:23:18	INFO	imstat::ImageStatsCalculator::statistics+	Maximum column unit = Jy/beam
2023-04-12 19:23:18	INFO	imstat::ImageStatsCalculator::statistics	Npts          Sum           Mean          Rms           Std_dev       Minimum       Maximum     
2023-04-12 19:23:18	INFO	imstat::ImageStatsCalculator::statistics	 7.067400e+04  7.009922e+01  9.918672e-04  1.963373e-03  1.694425e-03 -2.165590e-05  9.217907e-03
2023-04-12 19:23:18	INFO	imstat::::casa	Task imstat complete. Start time: 2023-04-12 19:23:18.130736 End time: 2023-04-12 19:23:18.206214
2023-04-12 19:23:18	INFO	imstat::::casa	##### End Task: imstat               #####
2023-04-12 19:23:18	INFO	imstat::::casa	##########################################
2023-04-12 19:23:18	INFO	imstat::::casa	##########################################
2023-04-12 19:23:18	INFO	imstat::::casa	##### Begin Task: imstat             #####
2023-04-12 19:23:18	INFO	imstat::::casa	imstat( imagename='/lustre/cv/users/jspeedie/data/images_continuum/robust1.0/ABAur_continuum.clean.JvMcorr_lowres.image.pbcor', axes=[], region="annulus[[04h55m45.8549s, +30.33.03.733],['6.00arcsec', '10.0arcsec']]", box='', chans='', stokes='', listit=True, verbose=True, mask='', stretch=False, logfile='', append=True, algorithm='classic', fence=-1.0, center='mean', lside=True, zscore=-1.0, maxiter=-1, clmethod='auto', niter=3 )
2023-04-12 19:23:18	INFO	imstat::AsciiRegionFileParser::_parse	Combined 1 image regions (which excludes any annotation regions)
2023-04-12 19:23:18	INFO	imstat::AsciiRegionFileParser::_parse	The specified region will select all pixels that are included in the region. Full pixels will be included even when they are only partially covered by the region(s).
2023-04-12 19:23:18	INFO	imstat::CasacRegionManager::fromBCS	Region read from text string annulus[[04h55m45.8549s, +30.33.03.733],['6.00arcsec', '10.0arcsec']]
2023-04-12 19:23:18	INFO	imstat::image::statistics 	Determining stats for image ABAur_continuum.clean.JvMcorr_lowres.image.pbcor
2023-04-12 19:23:18	INFO	imstat::ImageRegion::fromRecord	Selected bounding box : 
2023-04-12 19:23:18	INFO	imstat::ImageRegion::fromRecord+	    [524, 524, 0, 0] to [1524, 1524, 0, 0]  (04:55:46.629, +30.32.53.733, I, 2.26769e+11Hz to 04:55:45.081, +30.33.13.733, I, 2.26769e+11Hz)
2023-04-12 19:23:18	INFO	imstat::ImageStatsCalculator::_logStartup	Statistics calculated using Classic algorithm
2023-04-12 19:23:18	INFO	imstat::ImageStatsCalculator::_logStartup	Regions --- 
2023-04-12 19:23:18	INFO	imstat::ImageStatsCalculator::_logStartup	         -- bottom-left corner (pixel) [blc]:  [524, 524, 0, 0]
2023-04-12 19:23:18	INFO	imstat::ImageStatsCalculator::_logStartup	         -- top-right corner (pixel) [trc]:    [1524, 1524, 0, 0]
2023-04-12 19:23:18	INFO	imstat::ImageStatsCalculator::_logStartup	         -- bottom-left corner (world) [blcf]: 04:55:46.629, +30.32.53.733, I, 2.26769e+11Hz
2023-04-12 19:23:18	INFO	imstat::ImageStatsCalculator::_logStartup	         -- top-right corner (world) [trcf]:   04:55:45.081, +30.33.13.733, I, 2.26769e+11Hz
2023-04-12 19:23:18	INFO	imstat::::	Values --- 
2023-04-12 19:23:18	INFO	imstat::::	         -- flux density [flux]:                    -0.0134127 Jy
2023-04-12 19:23:18	INFO	imstat::::	         -- number of points [npts]:                502718
2023-04-12 19:23:18	INFO	imstat::::	         -- maximum value [max]:                    8.73873e-05 Jy/beam
2023-04-12 19:23:18	INFO	imstat::::	         -- minimum value [min]:                    -0.000121907 Jy/beam
2023-04-12 19:23:18	INFO	imstat::::	         -- position of max value (pixel) [maxpos]: [1273, 1439, 0, 0]
2023-04-12 19:23:18	INFO	imstat::::	         -- position of min value (pixel) [minpos]: [1489, 1171, 0, 0]
2023-04-12 19:23:18	INFO	imstat::::	         -- position of max value (world) [maxposf]: 04:55:45.469, +30.33.12.033, I, 2.26769e+11Hz
2023-04-12 19:23:18	INFO	imstat::::	         -- position of min value (world) [minposf]: 04:55:45.135, +30.33.06.673, I, 2.26769e+11Hz
2023-04-12 19:23:18	INFO	imstat::::	         -- Sum of pixel values [sum]:               -10.4503 Jy/beam
2023-04-12 19:23:18	INFO	imstat::::	         -- Sum of squared pixel values [sumsq]:     0.000509612 Jy/beam.Jy/beam
2023-04-12 19:23:18	INFO	imstat::::	Statistics --- 
2023-04-12 19:23:18	INFO	imstat::::	        -- Mean of the pixel values [mean]:         -2.07875e-05 Jy/beam
2023-04-12 19:23:18	INFO	imstat::::	        -- Variance of the pixel values :           5.81592e-10 Jy/beam
2023-04-12 19:23:18	INFO	imstat::::	        -- Standard deviation of the Mean [sigma]:  2.41162e-05 Jy/beam
2023-04-12 19:23:18	INFO	imstat::::	        -- Root mean square [rms]:                  3.18389e-05 Jy/beam
2023-04-12 19:23:18	INFO	imstat::::	        -- Median of the pixel values [median]:     -2.39237e-05 Jy/beam
2023-04-12 19:23:18	INFO	imstat::::	        -- Median of the deviations [medabsdevmed]: 1.57306e-05 Jy/beam
2023-04-12 19:23:18	INFO	imstat::::	        -- IQR [quartile]:                          3.24855e-05 Jy/beam
2023-04-12 19:23:18	INFO	imstat::::	        -- First quartile [q1]:                     -3.78579e-05 Jy/beam
2023-04-12 19:23:18	INFO	imstat::::	        -- Third quartile [q3]:                     -5.37245e-06 Jy/beam
2023-04-12 19:23:18	INFO	imstat::ImageStatsCalculator::statistics	Sum column unit = Jy/beam
2023-04-12 19:23:18	INFO	imstat::ImageStatsCalculator::statistics+	Mean column unit = Jy/beam
2023-04-12 19:23:18	INFO	imstat::ImageStatsCalculator::statistics+	Std_dev column unit = Jy/beam
2023-04-12 19:23:18	INFO	imstat::ImageStatsCalculator::statistics+	Minimum column unit = Jy/beam
2023-04-12 19:23:18	INFO	imstat::ImageStatsCalculator::statistics+	Maximum column unit = Jy/beam
2023-04-12 19:23:18	INFO	imstat::ImageStatsCalculator::statistics	Npts          Sum           Mean          Rms           Std_dev       Minimum       Maximum     
2023-04-12 19:23:18	INFO	imstat::ImageStatsCalculator::statistics	 5.027180e+05 -1.045027e+01 -2.078755e-05  3.183886e-05  2.411623e-05 -1.219070e-04  8.738729e-05
2023-04-12 19:23:18	INFO	imstat::::casa	Task imstat complete. Start time: 2023-04-12 19:23:18.209466 End time: 2023-04-12 19:23:18.285884
2023-04-12 19:23:18	INFO	imstat::::casa	##### End Task: imstat               #####
2023-04-12 19:23:18	INFO	imstat::::casa	##########################################
