2023-04-12 17:25:41	INFO	::casa	
2023-04-12 17:25:42	INFO	::casa	CASA Version MODULAR 6.4.3.27
2023-04-12 17:25:42	INFO	::casa	Can't import casatelemetry module.
2023-04-12 19:23:18	INFO	tclean::::casa	##########################################
2023-04-12 19:23:18	INFO	tclean::::casa	##### Begin Task: tclean             #####
2023-04-12 19:23:18	INFO	tclean::::casa	tclean( vis='workflow/step3/ABAur_continuum.ms', selectdata=True, field='', spw='', timerange='', uvrange='', antenna='', scan='', observation='', intent='', datacolumn='corrected', imagename='/lustre/cv/users/jspeedie/data/images_continuum/robust1.5/ABAur_continuum.dirty', imsize=[2048], cell=['0.02arcsec'], phasecenter='', stokes='I', projection='SIN', startmodel='', specmode='mfs', reffreq='', nchan=-1, start='', width='', outframe='LSRK', veltype='radio', restfreq=[], interpolation='linear', perchanweightdensity=True, gridder='standard', facets=1, psfphasecenter='', wprojplanes=1, vptable='', mosweight=True, aterm=True, psterm=False, wbawp=True, conjbeams=False, cfcache='', usepointing=False, computepastep=360.0, rotatepastep=360.0, pointingoffsetsigdev=[], pblimit=0.2, normtype='flatnoise', deconvolver='hogbom', scales=[], nterms=1, smallscalebias=0.6, restoration=True, restoringbeam=[], pbcor=False, outlierfile='', weighting='briggs', robust=1.5, noise='1.0Jy', npixels=0, uvtaper=[], niter=0, gain=0.1, threshold=0.0, nsigma=0.0, cycleniter=300, cyclefactor=1.0, minpsffraction=0.05, maxpsffraction=0.8, interactive=False, usemask='user', mask='circle[[04h55m45.8549s, +30.33.03.733], 3.0arcsec]', pbmask=0.0, sidelobethreshold=3.0, noisethreshold=5.0, lownoisethreshold=1.5, negativethreshold=0.0, smoothfactor=1.0, minbeamfrac=0.3, cutthreshold=0.01, growiterations=75, dogrowprune=True, minpercentchange=-1.0, verbose=False, fastnoise=True, restart=True, savemodel='none', calcres=True, calcpsf=True, psfcutoff=0.35, parallel=False )
2023-04-12 19:23:18	INFO	tclean::::casa	Verifying Input Parameters
2023-04-12 19:23:18	INFO	tclean::::casa	Making directory : /lustre/cv/users/jspeedie/data/images_continuum/robust1.5/
2023-04-12 19:23:20	INFO	SynthesisImagerVi2::selectData 	MS : workflow/step3/ABAur_continuum.ms | [Opened in readonly mode]
2023-04-12 19:23:27	INFO	SynthesisImagerVi2::selectData 	  NRows selected : 13623405
2023-04-12 19:23:52	INFO	SynthesisImagerVi2::defineImage 	Define image coordinates for [/lustre/cv/users/jspeedie/data/images_continuum/robust1.5/ABAur_continuum.dirty] : 
2023-04-12 19:23:56	INFO	SynthesisImagerVi2::defineImage 	Impars : start 
2023-04-12 19:23:56	INFO	SynthesisImagerVi2::defineImage 	Shape : [2048, 2048, 1, 1]Spectral : [2.26769e+11] at [0] with increment [1.44749e+10]
2023-04-12 19:23:56	INFO	SynthesisImagerVi2::defineImage 	Set Gridding options for [/lustre/cv/users/jspeedie/data/images_continuum/robust1.5/ABAur_continuum.dirty] with ftmachine : gridft
2023-04-12 19:23:56	INFO	SynthesisImagerVi2::nSubCubeFitInMemory	Required memory: 0.2095 GB. Available mem.: 198.5 GB (rc, mem. fraction: 80%, memory: -) => Subcubes: 1. Processes on node: 1.
2023-04-12 19:23:56	INFO	SynthesisImagerVi2::weight() 	Set imaging weights : Briggs weighting: sidelobes will be suppressed over full image
2023-04-12 19:24:35	INFO	VisSetUtil::VisImagingWeight() 	Normal robustness, robust = 1.5
2023-04-12 19:24:35	INFO	task_tclean::SynthesisDeconvolver::setupDeconvolution 	Set Deconvolution Options for [/lustre/cv/users/jspeedie/data/images_continuum/robust1.5/ABAur_continuum.dirty] : hogbom
2023-04-12 19:24:35	INFO	SynthesisImager::makePSF 	----------------------------------------------------------- Make PSF ---------------------------------------------
2023-04-12 19:29:42	INFO	SIImageStore::calcSensitivity 	[/lustre/cv/users/jspeedie/data/images_continuum/robust1.5/ABAur_continuum.dirty] Theoretical sensitivity (Jy/bm):2.39838e-06 
2023-04-12 19:29:42	INFO	SIImageStore::getPSFGaussian 	Time to fit Gaussian to PSF 0.09
2023-04-12 19:29:42	INFO	SIImageStore::printBeamSet 	Beam : 0.448111 arcsec, 0.304973 arcsec, -6.01086 deg
2023-04-12 19:29:42	INFO	task_tclean::SynthesisImagerVi2::makePrimaryBeam 	vi2 : Evaluating Primary Beam model onto image grid(s)
2023-04-12 19:29:52	INFO	task_tclean::SynthesisImager::executeMajorCycle 	----------------------------------------------------------- Run (Last) Major Cycle 1 -------------------------------------
2023-04-12 19:34:02	INFO	task_tclean::SDAlgorithmBase::restore 	[/lustre/cv/users/jspeedie/data/images_continuum/robust1.5/ABAur_continuum.dirty] : Restoring model image.
2023-04-12 19:34:02	WARN	task_tclean::SIImageStore::restore (file src/code/synthesis/ImagerObjects/SIImageStore.cc, line 2246)	Restoring with an empty model image. Only residuals will be processed to form the output restored image.
2023-04-12 19:34:02	INFO	task_tclean::SIImageStore::restore 	Beam for chan : 0 : 0.448111 arcsec, 0.304973 arcsec, -6.01086 deg
2023-04-12 19:34:02	INFO	tclean::::casa	Searching for images with prefix '/lustre/cv/users/jspeedie/data/images_continuum/robust1.5/ABAur_continuum.dirty'... Found these, writing history into them: ['/lustre/cv/users/jspeedie/data/images_continuum/robust1.5/ABAur_continuum.dirty.image', '/lustre/cv/users/jspeedie/data/images_continuum/robust1.5/ABAur_continuum.dirty.model', '/lustre/cv/users/jspeedie/data/images_continuum/robust1.5/ABAur_continuum.dirty.pb', '/lustre/cv/users/jspeedie/data/images_continuum/robust1.5/ABAur_continuum.dirty.psf', '/lustre/cv/users/jspeedie/data/images_continuum/robust1.5/ABAur_continuum.dirty.sumwt', '/lustre/cv/users/jspeedie/data/images_continuum/robust1.5/ABAur_continuum.dirty.residual']
2023-04-12 19:34:03	INFO	tclean::::casa	Task tclean complete. Start time: 2023-04-12 19:23:18.440987 End time: 2023-04-12 19:34:02.819923
2023-04-12 19:34:03	INFO	tclean::::casa	##### End Task: tclean               #####
2023-04-12 19:34:03	INFO	tclean::::casa	##########################################
2023-04-12 19:34:03	INFO	exportfits::::casa	##########################################
2023-04-12 19:34:03	INFO	exportfits::::casa	##### Begin Task: exportfits         #####
2023-04-12 19:34:03	INFO	exportfits::::casa	exportfits( imagename='/lustre/cv/users/jspeedie/data/images_continuum/robust1.5/ABAur_continuum.dirty.image', fitsimage='/lustre/cv/users/jspeedie/data/images_continuum/robust1.5/ABAur_continuum.dirty.image.fits', velocity=False, optical=False, bitpix=-32, minpix=0, maxpix=-1, overwrite=True, dropstokes=True, stokeslast=True, history=True, dropdeg=False )
2023-04-12 19:34:03	INFO	exportfits::ImageFactory::toFITS	Applying mask of name 'mask0'
2023-04-12 19:34:03	INFO	exportfits::ImageRegion::fromRecord	Selected bounding box : 
2023-04-12 19:34:03	INFO	exportfits::ImageRegion::fromRecord+	    [0, 0, 0, 0] to [2047, 2047, 0, 0]  (04:55:47.440, +30.32.43.253, I, 2.26769e+11Hz to 04:55:44.271, +30.33.24.193, I, 2.26769e+11Hz)
2023-04-12 19:34:03	INFO	exportfits::ImageFitsConverter::ImageHeaderToFITS 	Truncating miscinfo field useweightimage to useweigh
2023-04-12 19:34:03	INFO	exportfits::::casa	Task exportfits complete. Start time: 2023-04-12 19:34:02.824099 End time: 2023-04-12 19:34:02.932439
2023-04-12 19:34:03	INFO	exportfits::::casa	##### End Task: exportfits           #####
2023-04-12 19:34:03	INFO	exportfits::::casa	##########################################
2023-04-12 19:34:03	INFO	exportfits::::casa	##########################################
2023-04-12 19:34:03	INFO	exportfits::::casa	##### Begin Task: exportfits         #####
2023-04-12 19:34:03	INFO	exportfits::::casa	exportfits( imagename='/lustre/cv/users/jspeedie/data/images_continuum/robust1.5/ABAur_continuum.dirty.psf', fitsimage='/lustre/cv/users/jspeedie/data/images_continuum/robust1.5/ABAur_continuum.dirty.psf.fits', velocity=False, optical=False, bitpix=-32, minpix=0, maxpix=-1, overwrite=True, dropstokes=True, stokeslast=True, history=True, dropdeg=False )
2023-04-12 19:34:03	INFO	exportfits::ImageRegion::fromRecord	Selected bounding box : 
2023-04-12 19:34:03	INFO	exportfits::ImageRegion::fromRecord+	    [0, 0, 0, 0] to [2047, 2047, 0, 0]  (04:55:47.440, +30.32.43.253, I, 2.26769e+11Hz to 04:55:44.271, +30.33.24.193, I, 2.26769e+11Hz)
2023-04-12 19:34:03	INFO	exportfits::::casa	Task exportfits complete. Start time: 2023-04-12 19:34:02.934547 End time: 2023-04-12 19:34:02.994858
2023-04-12 19:34:03	INFO	exportfits::::casa	##### End Task: exportfits           #####
2023-04-12 19:34:03	INFO	exportfits::::casa	##########################################
2023-04-12 19:34:03	INFO	imstat::::casa	##########################################
2023-04-12 19:34:03	INFO	imstat::::casa	##### Begin Task: imstat             #####
2023-04-12 19:34:03	INFO	imstat::::casa	imstat( imagename='/lustre/cv/users/jspeedie/data/images_continuum/robust1.5/ABAur_continuum.dirty.image', axes=[], region="annulus[[04h55m45.8549s, +30.33.03.733],['6.00arcsec', '10.0arcsec']]", box='', chans='', stokes='', listit=True, verbose=True, mask='', stretch=False, logfile='', append=True, algorithm='classic', fence=-1.0, center='mean', lside=True, zscore=-1.0, maxiter=-1, clmethod='auto', niter=3 )
2023-04-12 19:34:03	INFO	imstat::AsciiRegionFileParser::_parse	Combined 1 image regions (which excludes any annotation regions)
2023-04-12 19:34:03	INFO	imstat::AsciiRegionFileParser::_parse	The specified region will select all pixels that are included in the region. Full pixels will be included even when they are only partially covered by the region(s).
2023-04-12 19:34:03	INFO	imstat::CasacRegionManager::fromBCS	Region read from text string annulus[[04h55m45.8549s, +30.33.03.733],['6.00arcsec', '10.0arcsec']]
2023-04-12 19:34:03	INFO	imstat::image::statistics 	Determining stats for image ABAur_continuum.dirty.image
2023-04-12 19:34:03	INFO	imstat::ImageRegion::fromRecord	Selected bounding box : 
2023-04-12 19:34:03	INFO	imstat::ImageRegion::fromRecord+	    [524, 524, 0, 0] to [1524, 1524, 0, 0]  (04:55:46.629, +30.32.53.733, I, 2.26769e+11Hz to 04:55:45.081, +30.33.13.733, I, 2.26769e+11Hz)
2023-04-12 19:34:03	INFO	imstat::ImageStatsCalculator::_logStartup	Statistics calculated using Classic algorithm
2023-04-12 19:34:03	INFO	imstat::ImageStatsCalculator::_logStartup	Regions --- 
2023-04-12 19:34:03	INFO	imstat::ImageStatsCalculator::_logStartup	         -- bottom-left corner (pixel) [blc]:  [524, 524, 0, 0]
2023-04-12 19:34:03	INFO	imstat::ImageStatsCalculator::_logStartup	         -- top-right corner (pixel) [trc]:    [1524, 1524, 0, 0]
2023-04-12 19:34:03	INFO	imstat::ImageStatsCalculator::_logStartup	         -- bottom-left corner (world) [blcf]: 04:55:46.629, +30.32.53.733, I, 2.26769e+11Hz
2023-04-12 19:34:03	INFO	imstat::ImageStatsCalculator::_logStartup	         -- top-right corner (world) [trcf]:   04:55:45.081, +30.33.13.733, I, 2.26769e+11Hz
2023-04-12 19:34:03	INFO	imstat::::	Values --- 
2023-04-12 19:34:03	INFO	imstat::::	         -- flux density [flux]:                    -0.195101 Jy
2023-04-12 19:34:03	INFO	imstat::::	         -- number of points [npts]:                502718
2023-04-12 19:34:03	INFO	imstat::::	         -- maximum value [max]:                    0.000459061 Jy/beam
2023-04-12 19:34:03	INFO	imstat::::	         -- minimum value [min]:                    -0.000598267 Jy/beam
2023-04-12 19:34:03	INFO	imstat::::	         -- position of max value (pixel) [maxpos]: [1292, 1446, 0, 0]
2023-04-12 19:34:03	INFO	imstat::::	         -- position of min value (pixel) [minpos]: [1491, 1183, 0, 0]
2023-04-12 19:34:03	INFO	imstat::::	         -- position of max value (world) [maxposf]: 04:55:45.440, +30.33.12.173, I, 2.26769e+11Hz
2023-04-12 19:34:03	INFO	imstat::::	         -- position of min value (world) [minposf]: 04:55:45.132, +30.33.06.913, I, 2.26769e+11Hz
2023-04-12 19:34:03	INFO	imstat::::	         -- Sum of pixel values [sum]:               -75.5287 Jy/beam
2023-04-12 19:34:03	INFO	imstat::::	         -- Sum of squared pixel values [sumsq]:     0.0322281 Jy/beam.Jy/beam
2023-04-12 19:34:03	INFO	imstat::::	Statistics --- 
2023-04-12 19:34:03	INFO	imstat::::	        -- Mean of the pixel values [mean]:         -0.000150241 Jy/beam
2023-04-12 19:34:03	INFO	imstat::::	        -- Variance of the pixel values :           4.15355e-08 Jy/beam
2023-04-12 19:34:03	INFO	imstat::::	        -- Standard deviation of the Mean [sigma]:  0.000203803 Jy/beam
2023-04-12 19:34:03	INFO	imstat::::	        -- Root mean square [rms]:                  0.000253195 Jy/beam
2023-04-12 19:34:03	INFO	imstat::::	        -- Median of the pixel values [median]:     -0.000190891 Jy/beam
2023-04-12 19:34:03	INFO	imstat::::	        -- Median of the deviations [medabsdevmed]: 0.000128462 Jy/beam
2023-04-12 19:34:03	INFO	imstat::::	        -- IQR [quartile]:                          0.000278589 Jy/beam
2023-04-12 19:34:03	INFO	imstat::::	        -- First quartile [q1]:                     -0.000301599 Jy/beam
2023-04-12 19:34:03	INFO	imstat::::	        -- Third quartile [q3]:                     -2.30101e-05 Jy/beam
2023-04-12 19:34:03	INFO	imstat::ImageStatsCalculator::statistics	Sum column unit = Jy/beam
2023-04-12 19:34:03	INFO	imstat::ImageStatsCalculator::statistics+	Mean column unit = Jy/beam
2023-04-12 19:34:03	INFO	imstat::ImageStatsCalculator::statistics+	Std_dev column unit = Jy/beam
2023-04-12 19:34:03	INFO	imstat::ImageStatsCalculator::statistics+	Minimum column unit = Jy/beam
2023-04-12 19:34:03	INFO	imstat::ImageStatsCalculator::statistics+	Maximum column unit = Jy/beam
2023-04-12 19:34:03	INFO	imstat::ImageStatsCalculator::statistics	Npts          Sum           Mean          Rms           Std_dev       Minimum       Maximum     
2023-04-12 19:34:03	INFO	imstat::ImageStatsCalculator::statistics	 5.027180e+05 -7.552867e+01 -1.502406e-04  2.531950e-04  2.038027e-04 -5.982669e-04  4.590609e-04
2023-04-12 19:34:03	INFO	imstat::::casa	Task imstat complete. Start time: 2023-04-12 19:34:03.109210 End time: 2023-04-12 19:34:03.258571
2023-04-12 19:34:03	INFO	imstat::::casa	##### End Task: imstat               #####
2023-04-12 19:34:03	INFO	imstat::::casa	##########################################
2023-04-12 19:34:03	INFO	tclean::::casa	##########################################
2023-04-12 19:34:03	INFO	tclean::::casa	##### Begin Task: tclean             #####
2023-04-12 19:34:03	INFO	tclean::::casa	tclean( vis='workflow/step3/ABAur_continuum.ms', selectdata=True, field='', spw='', timerange='', uvrange='', antenna='', scan='', observation='', intent='', datacolumn='corrected', imagename='/lustre/cv/users/jspeedie/data/images_continuum/robust1.5/ABAur_continuum.clean', imsize=[2048], cell=['0.02arcsec'], phasecenter='', stokes='I', projection='SIN', startmodel='', specmode='mfs', reffreq='', nchan=-1, start='', width='', outframe='LSRK', veltype='radio', restfreq=[], interpolation='linear', perchanweightdensity=True, gridder='standard', facets=1, psfphasecenter='', wprojplanes=1, vptable='', mosweight=True, aterm=True, psterm=False, wbawp=True, conjbeams=False, cfcache='', usepointing=False, computepastep=360.0, rotatepastep=360.0, pointingoffsetsigdev=[], pblimit=0.2, normtype='flatnoise', deconvolver='hogbom', scales=[], nterms=1, smallscalebias=0.6, restoration=True, restoringbeam=[], pbcor=False, outlierfile='', weighting='briggs', robust=1.5, noise='1.0Jy', npixels=0, uvtaper=[], niter=100000, gain=0.2, threshold='0.50638993mJy', nsigma=0.0, cycleniter=300, cyclefactor=1.0, minpsffraction=0.05, maxpsffraction=0.8, interactive=False, usemask='user', mask='circle[[04h55m45.8549s, +30.33.03.733], 3.0arcsec]', pbmask=0.0, sidelobethreshold=3.0, noisethreshold=5.0, lownoisethreshold=1.5, negativethreshold=0.0, smoothfactor=1.0, minbeamfrac=0.3, cutthreshold=0.01, growiterations=75, dogrowprune=True, minpercentchange=-1.0, verbose=False, fastnoise=True, restart=True, savemodel='none', calcres=True, calcpsf=True, psfcutoff=0.35, parallel=False )
2023-04-12 19:34:03	INFO	tclean::::casa	Verifying Input Parameters
2023-04-12 19:34:03	INFO	SynthesisImagerVi2::selectData 	MS : workflow/step3/ABAur_continuum.ms | [Opened in readonly mode]
2023-04-12 19:34:10	INFO	SynthesisImagerVi2::selectData 	  NRows selected : 13623405
2023-04-12 19:34:34	INFO	SynthesisImagerVi2::defineImage 	Define image coordinates for [/lustre/cv/users/jspeedie/data/images_continuum/robust1.5/ABAur_continuum.clean] : 
2023-04-12 19:34:38	INFO	SynthesisImagerVi2::defineImage 	Impars : start 
2023-04-12 19:34:38	INFO	SynthesisImagerVi2::defineImage 	Shape : [2048, 2048, 1, 1]Spectral : [2.26769e+11] at [0] with increment [1.44749e+10]
2023-04-12 19:34:38	INFO	SynthesisImagerVi2::defineImage 	Set Gridding options for [/lustre/cv/users/jspeedie/data/images_continuum/robust1.5/ABAur_continuum.clean] with ftmachine : gridft
2023-04-12 19:34:38	INFO	SynthesisImagerVi2::nSubCubeFitInMemory	Required memory: 0.2095 GB. Available mem.: 181.9 GB (rc, mem. fraction: 80%, memory: -) => Subcubes: 1. Processes on node: 1.
2023-04-12 19:34:38	INFO	SynthesisImagerVi2::weight() 	Set imaging weights : Briggs weighting: sidelobes will be suppressed over full image
2023-04-12 19:35:17	INFO	VisSetUtil::VisImagingWeight() 	Normal robustness, robust = 1.5
2023-04-12 19:35:17	INFO	task_tclean::SynthesisDeconvolver::setupDeconvolution 	Set Deconvolution Options for [/lustre/cv/users/jspeedie/data/images_continuum/robust1.5/ABAur_continuum.clean] : hogbom
2023-04-12 19:35:17	INFO	task_tclean::SynthesisImager::makePSF 	----------------------------------------------------------- Make PSF ---------------------------------------------
2023-04-12 19:48:46	INFO	task_tclean::SIImageStore::calcSensitivity 	[/lustre/cv/users/jspeedie/data/images_continuum/robust1.5/ABAur_continuum.clean] Theoretical sensitivity (Jy/bm):2.39838e-06 
2023-04-12 19:48:46	INFO	task_tclean::SIImageStore::getPSFGaussian 	Time to fit Gaussian to PSF 0.08
2023-04-12 19:48:46	INFO	task_tclean::SIImageStore::printBeamSet 	Beam : 0.448111 arcsec, 0.304973 arcsec, -6.01086 deg
2023-04-12 19:48:46	INFO	task_tclean::SynthesisImagerVi2::makePrimaryBeam 	vi2 : Evaluating Primary Beam model onto image grid(s)
2023-04-12 19:48:57	INFO	task_tclean::SynthesisImager::executeMajorCycle 	----------------------------------------------------------- Run Major Cycle 1 -------------------------------------
2023-04-12 19:52:32	INFO	task_tclean::SynthesisDeconvolver::initMinorCycle 	 Absolute Peak residual within mask : 0.00867389, over full image : 0.00867389
2023-04-12 19:52:32	INFO	SynthesisDeconvolver::setupMask 	[/lustre/cv/users/jspeedie/data/images_continuum/robust1.5/ABAur_continuum.clean] Setting up a mask from [circle[[04h55m45.8549s, +30.33.03.733], 3.0arcsec]]
2023-04-12 19:52:32	INFO	CasacRegionManager::fromBCS	No directional region specified. Using full positional plane.
2023-04-12 19:52:32	INFO	CasacRegionManager::fromBCS	Using all spectral channels.
2023-04-12 19:52:32	INFO	CasacRegionManager::fromBCS	Using polarizations ALL
2023-04-12 19:52:32	INFO		You've specified explicitly that the spectral axis should be regridded. However, the input image has a degenerate spectral axis and so it cannot be regridded. Instead, the resulting single output channel will be replicated 1 times in the output image.
2023-04-12 19:52:32	INFO	ImageMaskAttacher::makeMask	Created and initialized mask `mask0'
2023-04-12 19:52:32	INFO	SDMaskHandler::fillMask 	IT'S A CONCATImage
2023-04-12 19:52:32	INFO	SDMaskHandler::fillMask 	Reading text mask: circle[[04h55m45.8549s, +30.33.03.733], 3.0arcsec]
2023-04-12 19:52:32	INFO	AsciiRegionFileParser::_parse	Combined 1 image regions (which excludes any annotation regions)
2023-04-12 19:52:32	INFO	AsciiRegionFileParser::_parse	The specified region will select all pixels that are included in the region. Full pixels will be included even when they are only partially covered by the region(s).
2023-04-12 19:52:32	INFO	SynthesisDeconvolver::setupMask 	----------------------------------------------------------------------------------------------------------------------------------------
2023-04-12 19:52:32	INFO	SynthesisDeconvolver::setupMask 	[/lustre/cv/users/jspeedie/data/images_continuum/robust1.5/ABAur_continuum.clean] Number of pixels in the clean mask : 70674 out of a total of 4.1943e+06 pixels. [ 1.685 % ]
2023-04-12 19:52:33	INFO	SynthesisDeconvolver::initMinorCycle 	 Absolute Peak residual within mask : 0.00867389, over full image : 0.00867389
2023-04-12 19:52:33	INFO	task_tclean::SDAlgorithmBase::deconvolve 	[/lustre/cv/users/jspeedie/data/images_continuum/robust1.5/ABAur_continuum.clean] Run Hogbom minor-cycle | CycleThreshold=0.00181033, CycleNiter=300, Gain=0.2
2023-04-12 19:52:35	INFO	task_tclean::SDAlgorithmBase::deconvolve 	[/lustre/cv/users/jspeedie/data/images_continuum/robust1.5/ABAur_continuum.clean] iters=0->76 [76], model=0->0.0522555, peakres=0.00867389->0.00175745, Reached cyclethreshold.
2023-04-12 19:52:35	INFO	task_tclean::grpcInteractiveCleanManager::mergeCycleExecutionRecord 	Completed 76 iterations.
2023-04-12 19:52:35	INFO	task_tclean::SynthesisImager::executeMajorCycle 	----------------------------------------------------------- Run Major Cycle 2 -------------------------------------
2023-04-12 19:59:45	INFO	task_tclean::SynthesisDeconvolver::initMinorCycle 	 Absolute Peak residual within mask : 0.00175745, over full image : 0.00175745
2023-04-12 19:59:45	INFO	SDAlgorithmBase::deconvolve 	[/lustre/cv/users/jspeedie/data/images_continuum/robust1.5/ABAur_continuum.clean] Run Hogbom minor-cycle | CycleThreshold=0.00050639, CycleNiter=300, Gain=0.2
2023-04-12 19:59:46	INFO	SDAlgorithmBase::deconvolve 	[/lustre/cv/users/jspeedie/data/images_continuum/robust1.5/ABAur_continuum.clean] iters=0->121 [121], model=0.0522555->0.0762071, peakres=0.00175745->0.000506365, Reached cyclethreshold.
2023-04-12 19:59:46	INFO	grpcInteractiveCleanManager::mergeCycleExecutionRecord 	Completed 197 iterations.
2023-04-12 19:59:46	INFO	task_tclean::SynthesisImager::executeMajorCycle 	----------------------------------------------------------- Run (Last) Major Cycle 3 -------------------------------------
2023-04-12 20:06:36	INFO	task_tclean::SynthesisDeconvolver::initMinorCycle 	 Absolute Peak residual within mask : 0.000506363, over full image : 0.000506363
2023-04-12 20:06:36	INFO	tclean::::casa	Reached global stopping criterion : threshold
2023-04-12 20:06:36	INFO	SDAlgorithmBase::restore 	[/lustre/cv/users/jspeedie/data/images_continuum/robust1.5/ABAur_continuum.clean] : Restoring model image.
2023-04-12 20:06:38	INFO	SIImageStore::restore 	Beam for chan : 0 : 0.448111 arcsec, 0.304973 arcsec, -6.01086 deg
2023-04-12 20:06:39	INFO	tclean::::casa	Searching for images with prefix '/lustre/cv/users/jspeedie/data/images_continuum/robust1.5/ABAur_continuum.clean'... Found these, writing history into them: ['/lustre/cv/users/jspeedie/data/images_continuum/robust1.5/ABAur_continuum.clean.image', '/lustre/cv/users/jspeedie/data/images_continuum/robust1.5/ABAur_continuum.clean.residual', '/lustre/cv/users/jspeedie/data/images_continuum/robust1.5/ABAur_continuum.clean.psf', '/lustre/cv/users/jspeedie/data/images_continuum/robust1.5/ABAur_continuum.clean.pb', '/lustre/cv/users/jspeedie/data/images_continuum/robust1.5/ABAur_continuum.clean.sumwt', '/lustre/cv/users/jspeedie/data/images_continuum/robust1.5/ABAur_continuum.clean.model', '/lustre/cv/users/jspeedie/data/images_continuum/robust1.5/ABAur_continuum.clean.mask']
2023-04-12 20:06:40	INFO	tclean::::casa	Task tclean complete. Start time: 2023-04-12 19:34:03.374570 End time: 2023-04-12 20:06:40.051063
2023-04-12 20:06:40	INFO	tclean::::casa	##### End Task: tclean               #####
2023-04-12 20:06:40	INFO	tclean::::casa	##########################################
2023-04-12 20:06:40	INFO	exportfits::::casa	##########################################
2023-04-12 20:06:40	INFO	exportfits::::casa	##### Begin Task: exportfits         #####
2023-04-12 20:06:40	INFO	exportfits::::casa	exportfits( imagename='/lustre/cv/users/jspeedie/data/images_continuum/robust1.5/ABAur_continuum.clean.residual', fitsimage='/lustre/cv/users/jspeedie/data/images_continuum/robust1.5/ABAur_continuum.clean.residual.fits', velocity=False, optical=False, bitpix=-32, minpix=0, maxpix=-1, overwrite=True, dropstokes=True, stokeslast=True, history=True, dropdeg=False )
2023-04-12 20:06:40	INFO	exportfits::ImageFactory::toFITS	Applying mask of name 'mask0'
2023-04-12 20:06:40	INFO	exportfits::ImageRegion::fromRecord	Selected bounding box : 
2023-04-12 20:06:40	INFO	exportfits::ImageRegion::fromRecord+	    [0, 0, 0, 0] to [2047, 2047, 0, 0]  (04:55:47.440, +30.32.43.253, I, 2.26769e+11Hz to 04:55:44.271, +30.33.24.193, I, 2.26769e+11Hz)
2023-04-12 20:06:40	INFO	exportfits::::casa	Task exportfits complete. Start time: 2023-04-12 20:06:40.060018 End time: 2023-04-12 20:06:40.412860
2023-04-12 20:06:40	INFO	exportfits::::casa	##### End Task: exportfits           #####
2023-04-12 20:06:40	INFO	exportfits::::casa	##########################################
2023-04-12 20:06:40	INFO	exportfits::::casa	##########################################
2023-04-12 20:06:40	INFO	exportfits::::casa	##### Begin Task: exportfits         #####
2023-04-12 20:06:40	INFO	exportfits::::casa	exportfits( imagename='/lustre/cv/users/jspeedie/data/images_continuum/robust1.5/ABAur_continuum.clean.psf', fitsimage='/lustre/cv/users/jspeedie/data/images_continuum/robust1.5/ABAur_continuum.clean.psf.fits', velocity=False, optical=False, bitpix=-32, minpix=0, maxpix=-1, overwrite=True, dropstokes=True, stokeslast=True, history=True, dropdeg=False )
2023-04-12 20:06:40	INFO	exportfits::ImageRegion::fromRecord	Selected bounding box : 
2023-04-12 20:06:40	INFO	exportfits::ImageRegion::fromRecord+	    [0, 0, 0, 0] to [2047, 2047, 0, 0]  (04:55:47.440, +30.32.43.253, I, 2.26769e+11Hz to 04:55:44.271, +30.33.24.193, I, 2.26769e+11Hz)
2023-04-12 20:06:41	INFO	exportfits::::casa	Task exportfits complete. Start time: 2023-04-12 20:06:40.415721 End time: 2023-04-12 20:06:40.507674
2023-04-12 20:06:41	INFO	exportfits::::casa	##### End Task: exportfits           #####
2023-04-12 20:06:41	INFO	exportfits::::casa	##########################################
2023-04-12 20:06:41	INFO	exportfits::::casa	##########################################
2023-04-12 20:06:41	INFO	exportfits::::casa	##### Begin Task: exportfits         #####
2023-04-12 20:06:41	INFO	exportfits::::casa	exportfits( imagename='/lustre/cv/users/jspeedie/data/images_continuum/robust1.5/ABAur_continuum.clean.model', fitsimage='/lustre/cv/users/jspeedie/data/images_continuum/robust1.5/ABAur_continuum.clean.model.fits', velocity=False, optical=False, bitpix=-32, minpix=0, maxpix=-1, overwrite=True, dropstokes=True, stokeslast=True, history=True, dropdeg=False )
2023-04-12 20:06:41	INFO	exportfits::ImageRegion::fromRecord	Selected bounding box : 
2023-04-12 20:06:41	INFO	exportfits::ImageRegion::fromRecord+	    [0, 0, 0, 0] to [2047, 2047, 0, 0]  (04:55:47.440, +30.32.43.253, I, 2.26769e+11Hz to 04:55:44.271, +30.33.24.193, I, 2.26769e+11Hz)
2023-04-12 20:06:41	INFO	exportfits::ImageFitsConverter::ImageHeaderToFITS 	Truncating miscinfo field useweightimage to useweigh
2023-04-12 20:06:41	INFO	exportfits::::casa	Task exportfits complete. Start time: 2023-04-12 20:06:40.509791 End time: 2023-04-12 20:06:40.587999
2023-04-12 20:06:41	INFO	exportfits::::casa	##### End Task: exportfits           #####
2023-04-12 20:06:41	INFO	exportfits::::casa	##########################################
2023-04-12 20:06:41	INFO	imsmooth::::casa	##########################################
2023-04-12 20:06:41	INFO	imsmooth::::casa	##### Begin Task: imsmooth           #####
2023-04-12 20:06:41	INFO	imsmooth::::casa	imsmooth( imagename='/lustre/cv/users/jspeedie/data/images_continuum/robust1.5/ABAur_continuum.clean.model', kernel='gauss', major='0.44811132550239563arcsec', minor='0.3049732744693756arcsec', pa='-6.0108642578125deg', targetres=True, kimage='', scale=-1.0, region='', box='', chans='', stokes='', mask='', outfile='/lustre/cv/users/jspeedie/data/images_continuum/robust1.5/ABAur_continuum.clean_convolved_model_temp.image', stretch=False, overwrite=False, beam='' )
2023-04-12 20:06:41	INFO	imsmooth::CasacRegionManager::fromBCS	No directional region specified. Using full positional plane.
2023-04-12 20:06:41	INFO	imsmooth::CasacRegionManager::fromBCS	Using all spectral channels.
2023-04-12 20:06:41	INFO	imsmooth::CasacRegionManager::fromBCS	Using polarizations ALL
2023-04-12 20:06:41	INFO	imsmooth::Image2DConvolver<T>::_doSingleBeam	Convolving image that has a beam of major: 0 arcsec, minor: 0 arcsec, pa: 0 deg with a Gaussian of major: 0.448111 arcsec, minor: 0.304973 arcsec, pa: -6.01086 deg to reach a target resolution of major: 0.448111 arcsec, minor: 0.304973 arcsec, pa: -6.01086 deg
2023-04-12 20:06:41	INFO	imsmooth::Image2DConvolver::_dealWithRestoringBeam	You are convolving the sky
2023-04-12 20:06:41	INFO	imsmooth::Image2DConvolver::_dealWithRestoringBeam	Scaling pixel values by 1
2023-04-12 20:06:43	INFO	imsmooth::Image2DConvolver::_dealWithRestoringBeam	Original /lustre/cv/users/jspeedie/data/images_continuum/robust1.5/ABAur_continuum.clean.model has no beam
2023-04-12 20:06:43	INFO	imsmooth::Image2DConvolver::_dealWithRestoringBeam	Output /lustre/cv/users/jspeedie/data/images_continuum/robust1.5/ABAur_continuum.clean_convolved_model_temp.image resolution major: 0.448111 arcsec, minor: 0.304973 arcsec, pa: -6.01086 deg
2023-04-12 20:06:43	INFO	imsmooth::SubImageFactory::createImage	Creating image '/lustre/cv/users/jspeedie/data/images_continuum/robust1.5/ABAur_continuum.clean_convolved_model_temp.image' of shape [2048, 2048, 1, 1]
2023-04-12 20:06:43	INFO	imsmooth::::casa	Task imsmooth complete. Start time: 2023-04-12 20:06:40.744664 End time: 2023-04-12 20:06:42.961321
2023-04-12 20:06:43	INFO	imsmooth::::casa	##### End Task: imsmooth             #####
2023-04-12 20:06:43	INFO	imsmooth::::casa	##########################################
2023-04-12 20:06:43	INFO	immath::::casa	##########################################
2023-04-12 20:06:43	INFO	immath::::casa	##### Begin Task: immath             #####
2023-04-12 20:06:43	INFO	immath::::casa	immath( imagename=['/lustre/cv/users/jspeedie/data/images_continuum/robust1.5/ABAur_continuum.clean_convolved_model_temp.image', '/lustre/cv/users/jspeedie/data/images_continuum/robust1.5/ABAur_continuum.clean.residual'], mode='evalexpr', outfile='/lustre/cv/users/jspeedie/data/images_continuum/robust1.5/ABAur_continuum.clean.JvMcorr.image', expr='IM0 + 0.33829886621781335*IM1', varnames='', sigma='0.0mJy/beam', polithresh='', mask='', region='', box='', chans='', stokes='', stretch=False, imagemd='/lustre/cv/users/jspeedie/data/images_continuum/robust1.5/ABAur_continuum.clean_convolved_model_temp.image', prec='float' )
2023-04-12 20:06:43	WARN	ImageExprCalculator::compute	image units are not the same: 'Jy/beam' vs ''. Proceed with caution. Output image metadata will be copied from image /lustre/cv/users/jspeedie/data/images_continuum/robust1.5/ABAur_continuum.clean_convolved_model_temp.image
2023-04-12 20:06:43	INFO	ImageExprCalculator::_imagecalc	Creating image `/lustre/cv/users/jspeedie/data/images_continuum/robust1.5/ABAur_continuum.clean.JvMcorr.image' of shape [2048, 2048, 1, 1]
2023-04-12 20:06:43	INFO	ImageMaskAttacher::makeMask	Created mask `mask0'
2023-04-12 20:06:44	INFO	immath::::casa	Task immath complete. Start time: 2023-04-12 20:06:42.964135 End time: 2023-04-12 20:06:44.089707
2023-04-12 20:06:44	INFO	immath::::casa	##### End Task: immath               #####
2023-04-12 20:06:44	INFO	immath::::casa	##########################################
2023-04-12 20:06:44	INFO	exportfits::::casa	##########################################
2023-04-12 20:06:44	INFO	exportfits::::casa	##### Begin Task: exportfits         #####
2023-04-12 20:06:44	INFO	exportfits::::casa	exportfits( imagename='/lustre/cv/users/jspeedie/data/images_continuum/robust1.5/ABAur_continuum.clean_convolved_model_temp.image', fitsimage='/lustre/cv/users/jspeedie/data/images_continuum/robust1.5/ABAur_continuum.clean_convolved_model_temp.image.fits', velocity=False, optical=False, bitpix=-32, minpix=0, maxpix=-1, overwrite=True, dropstokes=True, stokeslast=True, history=True, dropdeg=False )
2023-04-12 20:06:44	INFO	exportfits::ImageRegion::fromRecord	Selected bounding box : 
2023-04-12 20:06:44	INFO	exportfits::ImageRegion::fromRecord+	    [0, 0, 0, 0] to [2047, 2047, 0, 0]  (04:55:47.440, +30.32.43.253, I, 2.26769e+11Hz to 04:55:44.271, +30.33.24.193, I, 2.26769e+11Hz)
2023-04-12 20:06:44	INFO	exportfits::ImageFitsConverter::ImageHeaderToFITS 	Truncating miscinfo field useweightimage to useweigh
2023-04-12 20:06:44	INFO	exportfits::::casa	Task exportfits complete. Start time: 2023-04-12 20:06:44.093661 End time: 2023-04-12 20:06:44.211049
2023-04-12 20:06:44	INFO	exportfits::::casa	##### End Task: exportfits           #####
2023-04-12 20:06:44	INFO	exportfits::::casa	##########################################
2023-04-12 20:06:44	INFO	imsmooth::::casa	##########################################
2023-04-12 20:06:44	INFO	imsmooth::::casa	##### Begin Task: imsmooth           #####
2023-04-12 20:06:44	INFO	imsmooth::::casa	imsmooth( imagename='/lustre/cv/users/jspeedie/data/images_continuum/robust1.5/ABAur_continuum.clean.model', kernel='gauss', major='0.7704343704618252arcsec', minor='0.5243382154201739arcsec', pa='-6.0108642578125deg', targetres=True, kimage='', scale=-1.0, region='', box='', chans='', stokes='', mask='', outfile='/lustre/cv/users/jspeedie/data/images_continuum/robust1.5/ABAur_continuum.clean_convolved_model_temp.image', stretch=False, overwrite=False, beam='' )
2023-04-12 20:06:44	INFO	imsmooth::CasacRegionManager::fromBCS	No directional region specified. Using full positional plane.
2023-04-12 20:06:44	INFO	imsmooth::CasacRegionManager::fromBCS	Using all spectral channels.
2023-04-12 20:06:44	INFO	imsmooth::CasacRegionManager::fromBCS	Using polarizations ALL
2023-04-12 20:06:44	INFO	imsmooth::Image2DConvolver<T>::_doSingleBeam	Convolving image that has a beam of major: 0 arcsec, minor: 0 arcsec, pa: 0 deg with a Gaussian of major: 0.770434 arcsec, minor: 0.524338 arcsec, pa: -6.01086 deg to reach a target resolution of major: 0.770434 arcsec, minor: 0.524338 arcsec, pa: -6.01086 deg
2023-04-12 20:06:44	INFO	imsmooth::Image2DConvolver::_dealWithRestoringBeam	You are convolving the sky
2023-04-12 20:06:44	INFO	imsmooth::Image2DConvolver::_dealWithRestoringBeam	Scaling pixel values by 1
2023-04-12 20:06:46	INFO	imsmooth::Image2DConvolver::_dealWithRestoringBeam	Original /lustre/cv/users/jspeedie/data/images_continuum/robust1.5/ABAur_continuum.clean.model has no beam
2023-04-12 20:06:46	INFO	imsmooth::Image2DConvolver::_dealWithRestoringBeam	Output /lustre/cv/users/jspeedie/data/images_continuum/robust1.5/ABAur_continuum.clean_convolved_model_temp.image resolution major: 0.770434 arcsec, minor: 0.524338 arcsec, pa: -6.01086 deg
2023-04-12 20:06:46	INFO	imsmooth::SubImageFactory::createImage	Creating image '/lustre/cv/users/jspeedie/data/images_continuum/robust1.5/ABAur_continuum.clean_convolved_model_temp.image' of shape [2048, 2048, 1, 1]
2023-04-12 20:06:47	INFO	imsmooth::::casa	Task imsmooth complete. Start time: 2023-04-12 20:06:44.224012 End time: 2023-04-12 20:06:46.647000
2023-04-12 20:06:47	INFO	imsmooth::::casa	##### End Task: imsmooth             #####
2023-04-12 20:06:47	INFO	imsmooth::::casa	##########################################
2023-04-12 20:06:47	INFO	immath::::casa	##########################################
2023-04-12 20:06:47	INFO	immath::::casa	##### Begin Task: immath             #####
2023-04-12 20:06:47	INFO	immath::::casa	immath( imagename=['/lustre/cv/users/jspeedie/data/images_continuum/robust1.5/ABAur_continuum.clean_convolved_model_temp.image', '/lustre/cv/users/jspeedie/data/images_continuum/robust1.5/ABAur_continuum.clean.residual'], mode='evalexpr', outfile='/lustre/cv/users/jspeedie/data/images_continuum/robust1.5/ABAur_continuum.clean.JvMcorr_lowres.image', expr='IM0 + IM1', varnames='', sigma='0.0mJy/beam', polithresh='', mask='', region='', box='', chans='', stokes='', stretch=False, imagemd='/lustre/cv/users/jspeedie/data/images_continuum/robust1.5/ABAur_continuum.clean_convolved_model_temp.image', prec='float' )
2023-04-12 20:06:47	WARN	ImageExprCalculator::compute	image units are not the same: 'Jy/beam' vs ''. Proceed with caution. Output image metadata will be copied from image /lustre/cv/users/jspeedie/data/images_continuum/robust1.5/ABAur_continuum.clean_convolved_model_temp.image
2023-04-12 20:06:47	INFO	ImageExprCalculator::_imagecalc	Creating image `/lustre/cv/users/jspeedie/data/images_continuum/robust1.5/ABAur_continuum.clean.JvMcorr_lowres.image' of shape [2048, 2048, 1, 1]
2023-04-12 20:06:47	INFO	ImageMaskAttacher::makeMask	Created mask `mask0'
2023-04-12 20:06:47	INFO	immath::::casa	Task immath complete. Start time: 2023-04-12 20:06:46.651072 End time: 2023-04-12 20:06:47.070490
2023-04-12 20:06:47	INFO	immath::::casa	##### End Task: immath               #####
2023-04-12 20:06:47	INFO	immath::::casa	##########################################
2023-04-12 20:06:47	INFO	impbcor::::casa	##########################################
2023-04-12 20:06:47	INFO	impbcor::::casa	##### Begin Task: impbcor            #####
2023-04-12 20:06:47	INFO	impbcor::::casa	impbcor( imagename='/lustre/cv/users/jspeedie/data/images_continuum/robust1.5/ABAur_continuum.clean.image', pbimage='/lustre/cv/users/jspeedie/data/images_continuum/robust1.5/ABAur_continuum.clean.pb', outfile='/lustre/cv/users/jspeedie/data/images_continuum/robust1.5/ABAur_continuum.clean.image.pbcor', overwrite=True, box='', region='', chans='', stokes='', mask='', mode='divide', cutoff=-1.0, stretch=False )
2023-04-12 20:06:47	INFO	impbcor::CasacRegionManager::fromBCS	No directional region specified. Using full positional plane.
2023-04-12 20:06:47	INFO	impbcor::CasacRegionManager::fromBCS	Using all spectral channels.
2023-04-12 20:06:47	INFO	impbcor::CasacRegionManager::fromBCS	Using polarizations ALL
2023-04-12 20:06:47	INFO	impbcor::ImageRegion::fromRecord	Selected bounding box : 
2023-04-12 20:06:47	INFO	impbcor::ImageRegion::fromRecord+	    [0, 0, 0, 0] to [2047, 2047, 0, 0]  (04:55:47.440, +30.32.43.253, I, 2.26769e+11Hz to 04:55:44.271, +30.33.24.193, I, 2.26769e+11Hz)
2023-04-12 20:06:47	INFO	impbcor::ImageRegion::fromRecord	Selected bounding box : 
2023-04-12 20:06:47	INFO	impbcor::ImageRegion::fromRecord+	    [0, 0, 0, 0] to [2047, 2047, 0, 0]  (04:55:47.440, +30.32.43.253, I, 2.26769e+11Hz to 04:55:44.271, +30.33.24.193, I, 2.26769e+11Hz)
2023-04-12 20:06:48	INFO	impbcor::SubImageFactory::createImage	Creating image '/lustre/cv/users/jspeedie/data/images_continuum/robust1.5/ABAur_continuum.clean.image.pbcor' of shape [2048, 2048, 1, 1]
2023-04-12 20:06:49	INFO	impbcor::ImageMaskAttacher::makeMask	Created mask `mask0'
2023-04-12 20:06:50	INFO	impbcor::::casa	Task impbcor complete. Start time: 2023-04-12 20:06:47.084845 End time: 2023-04-12 20:06:50.186987
2023-04-12 20:06:50	INFO	impbcor::::casa	##### End Task: impbcor              #####
2023-04-12 20:06:50	INFO	impbcor::::casa	##########################################
2023-04-12 20:06:50	INFO	impbcor::::casa	##########################################
2023-04-12 20:06:50	INFO	impbcor::::casa	##### Begin Task: impbcor            #####
2023-04-12 20:06:50	INFO	impbcor::::casa	impbcor( imagename='/lustre/cv/users/jspeedie/data/images_continuum/robust1.5/ABAur_continuum.clean.JvMcorr.image', pbimage='/lustre/cv/users/jspeedie/data/images_continuum/robust1.5/ABAur_continuum.clean.pb', outfile='/lustre/cv/users/jspeedie/data/images_continuum/robust1.5/ABAur_continuum.clean.JvMcorr.image.pbcor', overwrite=True, box='', region='', chans='', stokes='', mask='', mode='divide', cutoff=-1.0, stretch=False )
2023-04-12 20:06:50	INFO	impbcor::CasacRegionManager::fromBCS	No directional region specified. Using full positional plane.
2023-04-12 20:06:50	INFO	impbcor::CasacRegionManager::fromBCS	Using all spectral channels.
2023-04-12 20:06:50	INFO	impbcor::CasacRegionManager::fromBCS	Using polarizations ALL
2023-04-12 20:06:50	INFO	impbcor::ImageRegion::fromRecord	Selected bounding box : 
2023-04-12 20:06:50	INFO	impbcor::ImageRegion::fromRecord+	    [0, 0, 0, 0] to [2047, 2047, 0, 0]  (04:55:47.440, +30.32.43.253, I, 2.26769e+11Hz to 04:55:44.271, +30.33.24.193, I, 2.26769e+11Hz)
2023-04-12 20:06:50	INFO	impbcor::ImageRegion::fromRecord	Selected bounding box : 
2023-04-12 20:06:50	INFO	impbcor::ImageRegion::fromRecord+	    [0, 0, 0, 0] to [2047, 2047, 0, 0]  (04:55:47.440, +30.32.43.253, I, 2.26769e+11Hz to 04:55:44.271, +30.33.24.193, I, 2.26769e+11Hz)
2023-04-12 20:06:51	INFO	impbcor::SubImageFactory::createImage	Creating image '/lustre/cv/users/jspeedie/data/images_continuum/robust1.5/ABAur_continuum.clean.JvMcorr.image.pbcor' of shape [2048, 2048, 1, 1]
2023-04-12 20:06:51	INFO	impbcor::ImageMaskAttacher::makeMask	Created mask `mask0'
2023-04-12 20:06:52	INFO	impbcor::::casa	Task impbcor complete. Start time: 2023-04-12 20:06:50.190379 End time: 2023-04-12 20:06:52.219753
2023-04-12 20:06:52	INFO	impbcor::::casa	##### End Task: impbcor              #####
2023-04-12 20:06:52	INFO	impbcor::::casa	##########################################
2023-04-12 20:06:52	INFO	impbcor::::casa	##########################################
2023-04-12 20:06:52	INFO	impbcor::::casa	##### Begin Task: impbcor            #####
2023-04-12 20:06:52	INFO	impbcor::::casa	impbcor( imagename='/lustre/cv/users/jspeedie/data/images_continuum/robust1.5/ABAur_continuum.clean.JvMcorr_lowres.image', pbimage='/lustre/cv/users/jspeedie/data/images_continuum/robust1.5/ABAur_continuum.clean.pb', outfile='/lustre/cv/users/jspeedie/data/images_continuum/robust1.5/ABAur_continuum.clean.JvMcorr_lowres.image.pbcor', overwrite=True, box='', region='', chans='', stokes='', mask='', mode='divide', cutoff=-1.0, stretch=False )
2023-04-12 20:06:52	INFO	impbcor::CasacRegionManager::fromBCS	No directional region specified. Using full positional plane.
2023-04-12 20:06:52	INFO	impbcor::CasacRegionManager::fromBCS	Using all spectral channels.
2023-04-12 20:06:52	INFO	impbcor::CasacRegionManager::fromBCS	Using polarizations ALL
2023-04-12 20:06:52	INFO	impbcor::ImageRegion::fromRecord	Selected bounding box : 
2023-04-12 20:06:52	INFO	impbcor::ImageRegion::fromRecord+	    [0, 0, 0, 0] to [2047, 2047, 0, 0]  (04:55:47.440, +30.32.43.253, I, 2.26769e+11Hz to 04:55:44.271, +30.33.24.193, I, 2.26769e+11Hz)
2023-04-12 20:06:52	INFO	impbcor::ImageRegion::fromRecord	Selected bounding box : 
2023-04-12 20:06:52	INFO	impbcor::ImageRegion::fromRecord+	    [0, 0, 0, 0] to [2047, 2047, 0, 0]  (04:55:47.440, +30.32.43.253, I, 2.26769e+11Hz to 04:55:44.271, +30.33.24.193, I, 2.26769e+11Hz)
2023-04-12 20:06:52	INFO	impbcor::SubImageFactory::createImage	Creating image '/lustre/cv/users/jspeedie/data/images_continuum/robust1.5/ABAur_continuum.clean.JvMcorr_lowres.image.pbcor' of shape [2048, 2048, 1, 1]
2023-04-12 20:06:52	INFO	impbcor::ImageMaskAttacher::makeMask	Created mask `mask0'
2023-04-12 20:06:53	INFO	impbcor::::casa	Task impbcor complete. Start time: 2023-04-12 20:06:52.223214 End time: 2023-04-12 20:06:52.701040
2023-04-12 20:06:53	INFO	impbcor::::casa	##### End Task: impbcor              #####
2023-04-12 20:06:53	INFO	impbcor::::casa	##########################################
2023-04-12 20:06:53	INFO	exportfits::::casa	##########################################
2023-04-12 20:06:53	INFO	exportfits::::casa	##### Begin Task: exportfits         #####
2023-04-12 20:06:53	INFO	exportfits::::casa	exportfits( imagename='/lustre/cv/users/jspeedie/data/images_continuum/robust1.5/ABAur_continuum.clean.image', fitsimage='/lustre/cv/users/jspeedie/data/images_continuum/robust1.5/ABAur_continuum.clean.image.fits', velocity=False, optical=False, bitpix=-32, minpix=0, maxpix=-1, overwrite=True, dropstokes=True, stokeslast=True, history=True, dropdeg=False )
2023-04-12 20:06:53	INFO	exportfits::ImageFactory::toFITS	Applying mask of name 'mask0'
2023-04-12 20:06:53	INFO	exportfits::ImageRegion::fromRecord	Selected bounding box : 
2023-04-12 20:06:53	INFO	exportfits::ImageRegion::fromRecord+	    [0, 0, 0, 0] to [2047, 2047, 0, 0]  (04:55:47.440, +30.32.43.253, I, 2.26769e+11Hz to 04:55:44.271, +30.33.24.193, I, 2.26769e+11Hz)
2023-04-12 20:06:53	INFO	exportfits::ImageFitsConverter::ImageHeaderToFITS 	Truncating miscinfo field useweightimage to useweigh
2023-04-12 20:06:53	INFO	exportfits::::casa	Task exportfits complete. Start time: 2023-04-12 20:06:52.704753 End time: 2023-04-12 20:06:52.829113
2023-04-12 20:06:53	INFO	exportfits::::casa	##### End Task: exportfits           #####
2023-04-12 20:06:53	INFO	exportfits::::casa	##########################################
2023-04-12 20:06:53	INFO	exportfits::::casa	##########################################
2023-04-12 20:06:53	INFO	exportfits::::casa	##### Begin Task: exportfits         #####
2023-04-12 20:06:53	INFO	exportfits::::casa	exportfits( imagename='/lustre/cv/users/jspeedie/data/images_continuum/robust1.5/ABAur_continuum.clean.JvMcorr.image', fitsimage='/lustre/cv/users/jspeedie/data/images_continuum/robust1.5/ABAur_continuum.clean.JvMcorr.image.fits', velocity=False, optical=False, bitpix=-32, minpix=0, maxpix=-1, overwrite=True, dropstokes=True, stokeslast=True, history=True, dropdeg=False )
2023-04-12 20:06:53	INFO	exportfits::ImageFactory::toFITS	Applying mask of name 'mask0'
2023-04-12 20:06:53	INFO	exportfits::ImageRegion::fromRecord	Selected bounding box : 
2023-04-12 20:06:53	INFO	exportfits::ImageRegion::fromRecord+	    [0, 0, 0, 0] to [2047, 2047, 0, 0]  (04:55:47.440, +30.32.43.253, I, 2.26769e+11Hz to 04:55:44.271, +30.33.24.193, I, 2.26769e+11Hz)
2023-04-12 20:06:53	INFO	exportfits::ImageFitsConverter::ImageHeaderToFITS 	Truncating miscinfo field useweightimage to useweigh
2023-04-12 20:06:53	INFO	exportfits::::casa	Task exportfits complete. Start time: 2023-04-12 20:06:52.832746 End time: 2023-04-12 20:06:52.977395
2023-04-12 20:06:53	INFO	exportfits::::casa	##### End Task: exportfits           #####
2023-04-12 20:06:53	INFO	exportfits::::casa	##########################################
2023-04-12 20:06:53	INFO	exportfits::::casa	##########################################
2023-04-12 20:06:53	INFO	exportfits::::casa	##### Begin Task: exportfits         #####
2023-04-12 20:06:53	INFO	exportfits::::casa	exportfits( imagename='/lustre/cv/users/jspeedie/data/images_continuum/robust1.5/ABAur_continuum.clean.JvMcorr_lowres.image', fitsimage='/lustre/cv/users/jspeedie/data/images_continuum/robust1.5/ABAur_continuum.clean.JvMcorr_lowres.image.fits', velocity=False, optical=False, bitpix=-32, minpix=0, maxpix=-1, overwrite=True, dropstokes=True, stokeslast=True, history=True, dropdeg=False )
2023-04-12 20:06:53	INFO	exportfits::ImageFactory::toFITS	Applying mask of name 'mask0'
2023-04-12 20:06:53	INFO	exportfits::ImageRegion::fromRecord	Selected bounding box : 
2023-04-12 20:06:53	INFO	exportfits::ImageRegion::fromRecord+	    [0, 0, 0, 0] to [2047, 2047, 0, 0]  (04:55:47.440, +30.32.43.253, I, 2.26769e+11Hz to 04:55:44.271, +30.33.24.193, I, 2.26769e+11Hz)
2023-04-12 20:06:53	INFO	exportfits::ImageFitsConverter::ImageHeaderToFITS 	Truncating miscinfo field useweightimage to useweigh
2023-04-12 20:06:53	INFO	exportfits::::casa	Task exportfits complete. Start time: 2023-04-12 20:06:52.979442 End time: 2023-04-12 20:06:53.075331
2023-04-12 20:06:53	INFO	exportfits::::casa	##### End Task: exportfits           #####
2023-04-12 20:06:53	INFO	exportfits::::casa	##########################################
2023-04-12 20:06:53	INFO	exportfits::::casa	##########################################
2023-04-12 20:06:53	INFO	exportfits::::casa	##### Begin Task: exportfits         #####
2023-04-12 20:06:53	INFO	exportfits::::casa	exportfits( imagename='/lustre/cv/users/jspeedie/data/images_continuum/robust1.5/ABAur_continuum.clean.image.pbcor', fitsimage='/lustre/cv/users/jspeedie/data/images_continuum/robust1.5/ABAur_continuum.clean.image.pbcor.fits', velocity=False, optical=False, bitpix=-32, minpix=0, maxpix=-1, overwrite=True, dropstokes=True, stokeslast=True, history=True, dropdeg=False )
2023-04-12 20:06:53	INFO	exportfits::ImageFactory::toFITS	Applying mask of name 'mask0'
2023-04-12 20:06:53	INFO	exportfits::ImageRegion::fromRecord	Selected bounding box : 
2023-04-12 20:06:53	INFO	exportfits::ImageRegion::fromRecord+	    [0, 0, 0, 0] to [2047, 2047, 0, 0]  (04:55:47.440, +30.32.43.253, I, 2.26769e+11Hz to 04:55:44.271, +30.33.24.193, I, 2.26769e+11Hz)
2023-04-12 20:06:53	INFO	exportfits::ImageFitsConverter::ImageHeaderToFITS 	Truncating miscinfo field useweightimage to useweigh
2023-04-12 20:06:53	INFO	exportfits::::casa	Task exportfits complete. Start time: 2023-04-12 20:06:53.078672 End time: 2023-04-12 20:06:53.183963
2023-04-12 20:06:53	INFO	exportfits::::casa	##### End Task: exportfits           #####
2023-04-12 20:06:53	INFO	exportfits::::casa	##########################################
2023-04-12 20:06:53	INFO	exportfits::::casa	##########################################
2023-04-12 20:06:53	INFO	exportfits::::casa	##### Begin Task: exportfits         #####
2023-04-12 20:06:53	INFO	exportfits::::casa	exportfits( imagename='/lustre/cv/users/jspeedie/data/images_continuum/robust1.5/ABAur_continuum.clean.JvMcorr.image.pbcor', fitsimage='/lustre/cv/users/jspeedie/data/images_continuum/robust1.5/ABAur_continuum.clean.JvMcorr.image.pbcor.fits', velocity=False, optical=False, bitpix=-32, minpix=0, maxpix=-1, overwrite=True, dropstokes=True, stokeslast=True, history=True, dropdeg=False )
2023-04-12 20:06:53	INFO	exportfits::ImageFactory::toFITS	Applying mask of name 'mask0'
2023-04-12 20:06:53	INFO	exportfits::ImageRegion::fromRecord	Selected bounding box : 
2023-04-12 20:06:53	INFO	exportfits::ImageRegion::fromRecord+	    [0, 0, 0, 0] to [2047, 2047, 0, 0]  (04:55:47.440, +30.32.43.253, I, 2.26769e+11Hz to 04:55:44.271, +30.33.24.193, I, 2.26769e+11Hz)
2023-04-12 20:06:53	INFO	exportfits::ImageFitsConverter::ImageHeaderToFITS 	Truncating miscinfo field useweightimage to useweigh
2023-04-12 20:06:53	INFO	exportfits::::casa	Task exportfits complete. Start time: 2023-04-12 20:06:53.185814 End time: 2023-04-12 20:06:53.321501
2023-04-12 20:06:53	INFO	exportfits::::casa	##### End Task: exportfits           #####
2023-04-12 20:06:53	INFO	exportfits::::casa	##########################################
2023-04-12 20:06:53	INFO	exportfits::::casa	##########################################
2023-04-12 20:06:53	INFO	exportfits::::casa	##### Begin Task: exportfits         #####
2023-04-12 20:06:53	INFO	exportfits::::casa	exportfits( imagename='/lustre/cv/users/jspeedie/data/images_continuum/robust1.5/ABAur_continuum.clean.JvMcorr_lowres.image.pbcor', fitsimage='/lustre/cv/users/jspeedie/data/images_continuum/robust1.5/ABAur_continuum.clean.JvMcorr_lowres.image.pbcor.fits', velocity=False, optical=False, bitpix=-32, minpix=0, maxpix=-1, overwrite=True, dropstokes=True, stokeslast=True, history=True, dropdeg=False )
2023-04-12 20:06:53	INFO	exportfits::ImageFactory::toFITS	Applying mask of name 'mask0'
2023-04-12 20:06:53	INFO	exportfits::ImageRegion::fromRecord	Selected bounding box : 
2023-04-12 20:06:53	INFO	exportfits::ImageRegion::fromRecord+	    [0, 0, 0, 0] to [2047, 2047, 0, 0]  (04:55:47.440, +30.32.43.253, I, 2.26769e+11Hz to 04:55:44.271, +30.33.24.193, I, 2.26769e+11Hz)
2023-04-12 20:06:53	INFO	exportfits::ImageFitsConverter::ImageHeaderToFITS 	Truncating miscinfo field useweightimage to useweigh
2023-04-12 20:06:54	INFO	exportfits::::casa	Task exportfits complete. Start time: 2023-04-12 20:06:53.324631 End time: 2023-04-12 20:06:53.513587
2023-04-12 20:06:54	INFO	exportfits::::casa	##### End Task: exportfits           #####
2023-04-12 20:06:54	INFO	exportfits::::casa	##########################################
2023-04-12 20:06:54	INFO	exportfits::::casa	##########################################
2023-04-12 20:06:54	INFO	exportfits::::casa	##### Begin Task: exportfits         #####
2023-04-12 20:06:54	INFO	exportfits::::casa	exportfits( imagename='/lustre/cv/users/jspeedie/data/images_continuum/robust1.5/ABAur_continuum.clean.mask', fitsimage='/lustre/cv/users/jspeedie/data/images_continuum/robust1.5/ABAur_continuum.clean.mask.fits', velocity=False, optical=False, bitpix=-32, minpix=0, maxpix=-1, overwrite=True, dropstokes=True, stokeslast=True, history=True, dropdeg=False )
2023-04-12 20:06:54	INFO	exportfits::ImageRegion::fromRecord	Selected bounding box : 
2023-04-12 20:06:54	INFO	exportfits::ImageRegion::fromRecord+	    [0, 0, 0, 0] to [2047, 2047, 0, 0]  (04:55:47.440, +30.32.43.253, I, 2.26769e+11Hz to 04:55:44.271, +30.33.24.193, I, 2.26769e+11Hz)
2023-04-12 20:06:54	INFO	exportfits::ImageFitsConverter::ImageHeaderToFITS 	Truncating miscinfo field useweightimage to useweigh
2023-04-12 20:06:54	INFO	exportfits::::casa	Task exportfits complete. Start time: 2023-04-12 20:06:53.517415 End time: 2023-04-12 20:06:53.603608
2023-04-12 20:06:54	INFO	exportfits::::casa	##### End Task: exportfits           #####
2023-04-12 20:06:54	INFO	exportfits::::casa	##########################################
2023-04-12 20:06:54	INFO	imstat::::casa	##########################################
2023-04-12 20:06:54	INFO	imstat::::casa	##### Begin Task: imstat             #####
2023-04-12 20:06:54	INFO	imstat::::casa	imstat( imagename='/lustre/cv/users/jspeedie/data/images_continuum/robust1.5/ABAur_continuum.clean.residual', axes=[], region='circle[[04h55m45.8549s, +30.33.03.733], 3.0arcsec]', box='', chans='', stokes='', listit=True, verbose=True, mask='', stretch=False, logfile='', append=True, algorithm='classic', fence=-1.0, center='mean', lside=True, zscore=-1.0, maxiter=-1, clmethod='auto', niter=3 )
2023-04-12 20:06:54	INFO	imstat::AsciiRegionFileParser::_parse	Combined 1 image regions (which excludes any annotation regions)
2023-04-12 20:06:54	INFO	imstat::AsciiRegionFileParser::_parse	The specified region will select all pixels that are included in the region. Full pixels will be included even when they are only partially covered by the region(s).
2023-04-12 20:06:54	INFO	imstat::CasacRegionManager::fromBCS	Region read from text string circle[[04h55m45.8549s, +30.33.03.733], 3.0arcsec]
2023-04-12 20:06:54	INFO	imstat::image::statistics 	Determining stats for image ABAur_continuum.clean.residual
2023-04-12 20:06:54	INFO	imstat::ImageRegion::fromRecord	Selected bounding box : 
2023-04-12 20:06:54	INFO	imstat::ImageRegion::fromRecord+	    [874, 874, 0, 0] to [1174, 1173, 0, 0]  (04:55:46.087, +30.33.00.733, I, 2.26769e+11Hz to 04:55:45.623, +30.33.06.713, I, 2.26769e+11Hz)
2023-04-12 20:06:54	INFO	imstat::ImageStatsCalculator::_logStartup	Statistics calculated using Classic algorithm
2023-04-12 20:06:54	INFO	imstat::ImageStatsCalculator::_logStartup	Regions --- 
2023-04-12 20:06:54	INFO	imstat::ImageStatsCalculator::_logStartup	         -- bottom-left corner (pixel) [blc]:  [874, 874, 0, 0]
2023-04-12 20:06:54	INFO	imstat::ImageStatsCalculator::_logStartup	         -- top-right corner (pixel) [trc]:    [1174, 1173, 0, 0]
2023-04-12 20:06:54	INFO	imstat::ImageStatsCalculator::_logStartup	         -- bottom-left corner (world) [blcf]: 04:55:46.087, +30.33.00.733, I, 2.26769e+11Hz
2023-04-12 20:06:54	INFO	imstat::ImageStatsCalculator::_logStartup	         -- top-right corner (world) [trcf]:   04:55:45.623, +30.33.06.713, I, 2.26769e+11Hz
2023-04-12 20:06:54	INFO	imstat::::	Values --- 
2023-04-12 20:06:54	INFO	imstat::::	         -- number of points [npts]:                70674
2023-04-12 20:06:54	INFO	imstat::::	         -- maximum value [max]:                    0.000506363 
2023-04-12 20:06:54	INFO	imstat::::	         -- minimum value [min]:                    -1.94759e-05 
2023-04-12 20:06:54	INFO	imstat::::	         -- position of max value (pixel) [maxpos]: [1043, 1057, 0, 0]
2023-04-12 20:06:54	INFO	imstat::::	         -- position of min value (pixel) [minpos]: [921, 930, 0, 0]
2023-04-12 20:06:54	INFO	imstat::::	         -- position of max value (world) [maxposf]: 04:55:45.825, +30.33.04.393, I, 2.26769e+11Hz
2023-04-12 20:06:54	INFO	imstat::::	         -- position of min value (world) [minposf]: 04:55:46.014, +30.33.01.853, I, 2.26769e+11Hz
2023-04-12 20:06:54	INFO	imstat::::	         -- Sum of pixel values [sum]:               15.9374 
2023-04-12 20:06:54	INFO	imstat::::	         -- Sum of squared pixel values [sumsq]:     0.00537469 
2023-04-12 20:06:54	INFO	imstat::::	Statistics --- 
2023-04-12 20:06:54	INFO	imstat::::	        -- Mean of the pixel values [mean]:         0.000225506 
2023-04-12 20:06:54	INFO	imstat::::	        -- Variance of the pixel values :           2.51966e-08 
2023-04-12 20:06:54	INFO	imstat::::	        -- Standard deviation of the Mean [sigma]:  0.000158734 
2023-04-12 20:06:54	INFO	imstat::::	        -- Root mean square [rms]:                  0.00027577 
2023-04-12 20:06:54	INFO	imstat::::	        -- Median of the pixel values [median]:     0.000181987 
2023-04-12 20:06:54	INFO	imstat::::	        -- Median of the deviations [medabsdevmed]: 0.000132618 
2023-04-12 20:06:54	INFO	imstat::::	        -- IQR [quartile]:                          0.000324585 
2023-04-12 20:06:54	INFO	imstat::::	        -- First quartile [q1]:                     7.91971e-05 
2023-04-12 20:06:54	INFO	imstat::::	        -- Third quartile [q3]:                     0.000403782 
2023-04-12 20:06:54	INFO	imstat::ImageStatsCalculator::statistics	Sum column unit = 
2023-04-12 20:06:54	INFO	imstat::ImageStatsCalculator::statistics+	Mean column unit = 
2023-04-12 20:06:54	INFO	imstat::ImageStatsCalculator::statistics+	Std_dev column unit = 
2023-04-12 20:06:54	INFO	imstat::ImageStatsCalculator::statistics+	Minimum column unit = 
2023-04-12 20:06:54	INFO	imstat::ImageStatsCalculator::statistics+	Maximum column unit = 
2023-04-12 20:06:54	INFO	imstat::ImageStatsCalculator::statistics	Npts          Sum           Mean          Rms           Std_dev       Minimum       Maximum     
2023-04-12 20:06:54	INFO	imstat::ImageStatsCalculator::statistics	 7.067400e+04  1.593738e+01  2.255056e-04  2.757699e-04  1.587344e-04 -1.947591e-05  5.063630e-04
2023-04-12 20:06:54	INFO	imstat::::casa	Task imstat complete. Start time: 2023-04-12 20:06:53.675809 End time: 2023-04-12 20:06:53.832138
2023-04-12 20:06:54	INFO	imstat::::casa	##### End Task: imstat               #####
2023-04-12 20:06:54	INFO	imstat::::casa	##########################################
2023-04-12 20:06:54	INFO	imstat::::casa	##########################################
2023-04-12 20:06:54	INFO	imstat::::casa	##### Begin Task: imstat             #####
2023-04-12 20:06:54	INFO	imstat::::casa	imstat( imagename='/lustre/cv/users/jspeedie/data/images_continuum/robust1.5/ABAur_continuum.clean.image', axes=[], region='circle[[04h55m45.8549s, +30.33.03.733], 3.0arcsec]', box='', chans='', stokes='', listit=True, verbose=True, mask='', stretch=False, logfile='', append=True, algorithm='classic', fence=-1.0, center='mean', lside=True, zscore=-1.0, maxiter=-1, clmethod='auto', niter=3 )
2023-04-12 20:06:54	INFO	imstat::AsciiRegionFileParser::_parse	Combined 1 image regions (which excludes any annotation regions)
2023-04-12 20:06:54	INFO	imstat::AsciiRegionFileParser::_parse	The specified region will select all pixels that are included in the region. Full pixels will be included even when they are only partially covered by the region(s).
2023-04-12 20:06:54	INFO	imstat::CasacRegionManager::fromBCS	Region read from text string circle[[04h55m45.8549s, +30.33.03.733], 3.0arcsec]
2023-04-12 20:06:54	INFO	imstat::image::statistics 	Determining stats for image ABAur_continuum.clean.image
2023-04-12 20:06:54	INFO	imstat::ImageRegion::fromRecord	Selected bounding box : 
2023-04-12 20:06:54	INFO	imstat::ImageRegion::fromRecord+	    [874, 874, 0, 0] to [1174, 1173, 0, 0]  (04:55:46.087, +30.33.00.733, I, 2.26769e+11Hz to 04:55:45.623, +30.33.06.713, I, 2.26769e+11Hz)
2023-04-12 20:06:54	INFO	imstat::ImageStatsCalculator::_logStartup	Statistics calculated using Classic algorithm
2023-04-12 20:06:54	INFO	imstat::ImageStatsCalculator::_logStartup	Regions --- 
2023-04-12 20:06:54	INFO	imstat::ImageStatsCalculator::_logStartup	         -- bottom-left corner (pixel) [blc]:  [874, 874, 0, 0]
2023-04-12 20:06:54	INFO	imstat::ImageStatsCalculator::_logStartup	         -- top-right corner (pixel) [trc]:    [1174, 1173, 0, 0]
2023-04-12 20:06:54	INFO	imstat::ImageStatsCalculator::_logStartup	         -- bottom-left corner (world) [blcf]: 04:55:46.087, +30.33.00.733, I, 2.26769e+11Hz
2023-04-12 20:06:54	INFO	imstat::ImageStatsCalculator::_logStartup	         -- top-right corner (world) [trcf]:   04:55:45.623, +30.33.06.713, I, 2.26769e+11Hz
2023-04-12 20:06:54	INFO	imstat::::	Values --- 
2023-04-12 20:06:54	INFO	imstat::::	         -- flux density [flux]:                    0.117376 Jy
2023-04-12 20:06:54	INFO	imstat::::	         -- number of points [npts]:                70674
2023-04-12 20:06:54	INFO	imstat::::	         -- maximum value [max]:                    0.00593135 Jy/beam
2023-04-12 20:06:54	INFO	imstat::::	         -- minimum value [min]:                    -1.94759e-05 Jy/beam
2023-04-12 20:06:54	INFO	imstat::::	         -- position of max value (pixel) [maxpos]: [1070, 1011, 0, 0]
2023-04-12 20:06:54	INFO	imstat::::	         -- position of min value (pixel) [minpos]: [921, 930, 0, 0]
2023-04-12 20:06:54	INFO	imstat::::	         -- position of max value (world) [maxposf]: 04:55:45.784, +30.33.03.473, I, 2.26769e+11Hz
2023-04-12 20:06:54	INFO	imstat::::	         -- position of min value (world) [minposf]: 04:55:46.014, +30.33.01.853, I, 2.26769e+11Hz
2023-04-12 20:06:54	INFO	imstat::::	         -- Sum of pixel values [sum]:               45.4391 Jy/beam
2023-04-12 20:06:54	INFO	imstat::::	         -- Sum of squared pixel values [sumsq]:     0.100891 Jy/beam.Jy/beam
2023-04-12 20:06:54	INFO	imstat::::	Statistics --- 
2023-04-12 20:06:54	INFO	imstat::::	        -- Mean of the pixel values [mean]:         0.00064294 Jy/beam
2023-04-12 20:06:54	INFO	imstat::::	        -- Variance of the pixel values :           1.0142e-06 Jy/beam
2023-04-12 20:06:54	INFO	imstat::::	        -- Standard deviation of the Mean [sigma]:  0.00100708 Jy/beam
2023-04-12 20:06:54	INFO	imstat::::	        -- Root mean square [rms]:                  0.0011948 Jy/beam
2023-04-12 20:06:54	INFO	imstat::::	        -- Median of the pixel values [median]:     0.000182094 Jy/beam
2023-04-12 20:06:54	INFO	imstat::::	        -- Median of the deviations [medabsdevmed]: 0.000135763 Jy/beam
2023-04-12 20:06:54	INFO	imstat::::	        -- IQR [quartile]:                          0.00061568 Jy/beam
2023-04-12 20:06:54	INFO	imstat::::	        -- First quartile [q1]:                     7.91971e-05 Jy/beam
2023-04-12 20:06:54	INFO	imstat::::	        -- Third quartile [q3]:                     0.000694878 Jy/beam
2023-04-12 20:06:54	INFO	imstat::ImageStatsCalculator::statistics	Sum column unit = Jy/beam
2023-04-12 20:06:54	INFO	imstat::ImageStatsCalculator::statistics+	Mean column unit = Jy/beam
2023-04-12 20:06:54	INFO	imstat::ImageStatsCalculator::statistics+	Std_dev column unit = Jy/beam
2023-04-12 20:06:54	INFO	imstat::ImageStatsCalculator::statistics+	Minimum column unit = Jy/beam
2023-04-12 20:06:54	INFO	imstat::ImageStatsCalculator::statistics+	Maximum column unit = Jy/beam
2023-04-12 20:06:54	INFO	imstat::ImageStatsCalculator::statistics	Npts          Sum           Mean          Rms           Std_dev       Minimum       Maximum     
2023-04-12 20:06:54	INFO	imstat::ImageStatsCalculator::statistics	 7.067400e+04  4.543911e+01  6.429395e-04  1.194804e-03  1.007075e-03 -1.947593e-05  5.931354e-03
2023-04-12 20:06:54	INFO	imstat::::casa	Task imstat complete. Start time: 2023-04-12 20:06:54.386789 End time: 2023-04-12 20:06:54.477590
2023-04-12 20:06:54	INFO	imstat::::casa	##### End Task: imstat               #####
2023-04-12 20:06:54	INFO	imstat::::casa	##########################################
2023-04-12 20:06:54	INFO	imstat::::casa	##########################################
2023-04-12 20:06:54	INFO	imstat::::casa	##### Begin Task: imstat             #####
2023-04-12 20:06:54	INFO	imstat::::casa	imstat( imagename='/lustre/cv/users/jspeedie/data/images_continuum/robust1.5/ABAur_continuum.clean.image', axes=[], region='circle[[04h55m45.8549s, +30.33.03.733], 3.0arcsec]', box='', chans='', stokes='', listit=True, verbose=True, mask='', stretch=False, logfile='', append=True, algorithm='classic', fence=-1.0, center='mean', lside=True, zscore=-1.0, maxiter=-1, clmethod='auto', niter=3 )
2023-04-12 20:06:54	INFO	imstat::AsciiRegionFileParser::_parse	Combined 1 image regions (which excludes any annotation regions)
2023-04-12 20:06:55	INFO	imstat::AsciiRegionFileParser::_parse	The specified region will select all pixels that are included in the region. Full pixels will be included even when they are only partially covered by the region(s).
2023-04-12 20:06:55	INFO	imstat::CasacRegionManager::fromBCS	Region read from text string circle[[04h55m45.8549s, +30.33.03.733], 3.0arcsec]
2023-04-12 20:06:55	INFO	imstat::image::statistics 	Determining stats for image ABAur_continuum.clean.image
2023-04-12 20:06:55	INFO	imstat::ImageRegion::fromRecord	Selected bounding box : 
2023-04-12 20:06:55	INFO	imstat::ImageRegion::fromRecord+	    [874, 874, 0, 0] to [1174, 1173, 0, 0]  (04:55:46.087, +30.33.00.733, I, 2.26769e+11Hz to 04:55:45.623, +30.33.06.713, I, 2.26769e+11Hz)
2023-04-12 20:06:55	INFO	imstat::ImageStatsCalculator::_logStartup	Statistics calculated using Classic algorithm
2023-04-12 20:06:55	INFO	imstat::ImageStatsCalculator::_logStartup	Regions --- 
2023-04-12 20:06:55	INFO	imstat::ImageStatsCalculator::_logStartup	         -- bottom-left corner (pixel) [blc]:  [874, 874, 0, 0]
2023-04-12 20:06:55	INFO	imstat::ImageStatsCalculator::_logStartup	         -- top-right corner (pixel) [trc]:    [1174, 1173, 0, 0]
2023-04-12 20:06:55	INFO	imstat::ImageStatsCalculator::_logStartup	         -- bottom-left corner (world) [blcf]: 04:55:46.087, +30.33.00.733, I, 2.26769e+11Hz
2023-04-12 20:06:55	INFO	imstat::ImageStatsCalculator::_logStartup	         -- top-right corner (world) [trcf]:   04:55:45.623, +30.33.06.713, I, 2.26769e+11Hz
2023-04-12 20:06:55	INFO	imstat::::	Values --- 
2023-04-12 20:06:55	INFO	imstat::::	         -- flux density [flux]:                    0.117376 Jy
2023-04-12 20:06:55	INFO	imstat::::	         -- number of points [npts]:                70674
2023-04-12 20:06:55	INFO	imstat::::	         -- maximum value [max]:                    0.00593135 Jy/beam
2023-04-12 20:06:55	INFO	imstat::::	         -- minimum value [min]:                    -1.94759e-05 Jy/beam
2023-04-12 20:06:55	INFO	imstat::::	         -- position of max value (pixel) [maxpos]: [1070, 1011, 0, 0]
2023-04-12 20:06:55	INFO	imstat::::	         -- position of min value (pixel) [minpos]: [921, 930, 0, 0]
2023-04-12 20:06:55	INFO	imstat::::	         -- position of max value (world) [maxposf]: 04:55:45.784, +30.33.03.473, I, 2.26769e+11Hz
2023-04-12 20:06:55	INFO	imstat::::	         -- position of min value (world) [minposf]: 04:55:46.014, +30.33.01.853, I, 2.26769e+11Hz
2023-04-12 20:06:55	INFO	imstat::::	         -- Sum of pixel values [sum]:               45.4391 Jy/beam
2023-04-12 20:06:55	INFO	imstat::::	         -- Sum of squared pixel values [sumsq]:     0.100891 Jy/beam.Jy/beam
2023-04-12 20:06:55	INFO	imstat::::	Statistics --- 
2023-04-12 20:06:55	INFO	imstat::::	        -- Mean of the pixel values [mean]:         0.00064294 Jy/beam
2023-04-12 20:06:55	INFO	imstat::::	        -- Variance of the pixel values :           1.0142e-06 Jy/beam
2023-04-12 20:06:55	INFO	imstat::::	        -- Standard deviation of the Mean [sigma]:  0.00100708 Jy/beam
2023-04-12 20:06:55	INFO	imstat::::	        -- Root mean square [rms]:                  0.0011948 Jy/beam
2023-04-12 20:06:55	INFO	imstat::::	        -- Median of the pixel values [median]:     0.000182094 Jy/beam
2023-04-12 20:06:55	INFO	imstat::::	        -- Median of the deviations [medabsdevmed]: 0.000135763 Jy/beam
2023-04-12 20:06:55	INFO	imstat::::	        -- IQR [quartile]:                          0.00061568 Jy/beam
2023-04-12 20:06:55	INFO	imstat::::	        -- First quartile [q1]:                     7.91971e-05 Jy/beam
2023-04-12 20:06:55	INFO	imstat::::	        -- Third quartile [q3]:                     0.000694878 Jy/beam
2023-04-12 20:06:55	INFO	imstat::ImageStatsCalculator::statistics	Sum column unit = Jy/beam
2023-04-12 20:06:55	INFO	imstat::ImageStatsCalculator::statistics+	Mean column unit = Jy/beam
2023-04-12 20:06:55	INFO	imstat::ImageStatsCalculator::statistics+	Std_dev column unit = Jy/beam
2023-04-12 20:06:55	INFO	imstat::ImageStatsCalculator::statistics+	Minimum column unit = Jy/beam
2023-04-12 20:06:55	INFO	imstat::ImageStatsCalculator::statistics+	Maximum column unit = Jy/beam
2023-04-12 20:06:55	INFO	imstat::ImageStatsCalculator::statistics	Npts          Sum           Mean          Rms           Std_dev       Minimum       Maximum     
2023-04-12 20:06:55	INFO	imstat::ImageStatsCalculator::statistics	 7.067400e+04  4.543911e+01  6.429395e-04  1.194804e-03  1.007075e-03 -1.947593e-05  5.931354e-03
2023-04-12 20:06:55	INFO	imstat::::casa	Task imstat complete. Start time: 2023-04-12 20:06:54.483429 End time: 2023-04-12 20:06:54.564455
2023-04-12 20:06:55	INFO	imstat::::casa	##### End Task: imstat               #####
2023-04-12 20:06:55	INFO	imstat::::casa	##########################################
2023-04-12 20:06:55	INFO	imstat::::casa	##########################################
2023-04-12 20:06:55	INFO	imstat::::casa	##### Begin Task: imstat             #####
2023-04-12 20:06:55	INFO	imstat::::casa	imstat( imagename='/lustre/cv/users/jspeedie/data/images_continuum/robust1.5/ABAur_continuum.clean.image', axes=[], region="annulus[[04h55m45.8549s, +30.33.03.733],['6.00arcsec', '10.0arcsec']]", box='', chans='', stokes='', listit=True, verbose=True, mask='', stretch=False, logfile='', append=True, algorithm='classic', fence=-1.0, center='mean', lside=True, zscore=-1.0, maxiter=-1, clmethod='auto', niter=3 )
2023-04-12 20:06:55	INFO	imstat::AsciiRegionFileParser::_parse	Combined 1 image regions (which excludes any annotation regions)
2023-04-12 20:06:55	INFO	imstat::AsciiRegionFileParser::_parse	The specified region will select all pixels that are included in the region. Full pixels will be included even when they are only partially covered by the region(s).
2023-04-12 20:06:55	INFO	imstat::CasacRegionManager::fromBCS	Region read from text string annulus[[04h55m45.8549s, +30.33.03.733],['6.00arcsec', '10.0arcsec']]
2023-04-12 20:06:55	INFO	imstat::image::statistics 	Determining stats for image ABAur_continuum.clean.image
2023-04-12 20:06:55	INFO	imstat::ImageRegion::fromRecord	Selected bounding box : 
2023-04-12 20:06:55	INFO	imstat::ImageRegion::fromRecord+	    [524, 524, 0, 0] to [1524, 1524, 0, 0]  (04:55:46.629, +30.32.53.733, I, 2.26769e+11Hz to 04:55:45.081, +30.33.13.733, I, 2.26769e+11Hz)
2023-04-12 20:06:55	INFO	imstat::ImageStatsCalculator::_logStartup	Statistics calculated using Classic algorithm
2023-04-12 20:06:55	INFO	imstat::ImageStatsCalculator::_logStartup	Regions --- 
2023-04-12 20:06:55	INFO	imstat::ImageStatsCalculator::_logStartup	         -- bottom-left corner (pixel) [blc]:  [524, 524, 0, 0]
2023-04-12 20:06:55	INFO	imstat::ImageStatsCalculator::_logStartup	         -- top-right corner (pixel) [trc]:    [1524, 1524, 0, 0]
2023-04-12 20:06:55	INFO	imstat::ImageStatsCalculator::_logStartup	         -- bottom-left corner (world) [blcf]: 04:55:46.629, +30.32.53.733, I, 2.26769e+11Hz
2023-04-12 20:06:55	INFO	imstat::ImageStatsCalculator::_logStartup	         -- top-right corner (world) [trcf]:   04:55:45.081, +30.33.13.733, I, 2.26769e+11Hz
2023-04-12 20:06:55	INFO	imstat::::	Values --- 
2023-04-12 20:06:55	INFO	imstat::::	         -- flux density [flux]:                    -0.0390023 Jy
2023-04-12 20:06:55	INFO	imstat::::	         -- number of points [npts]:                502718
2023-04-12 20:06:55	INFO	imstat::::	         -- maximum value [max]:                    8.50213e-05 Jy/beam
2023-04-12 20:06:55	INFO	imstat::::	         -- minimum value [min]:                    -0.000117168 Jy/beam
2023-04-12 20:06:55	INFO	imstat::::	         -- position of max value (pixel) [maxpos]: [1226, 1311, 0, 0]
2023-04-12 20:06:55	INFO	imstat::::	         -- position of min value (pixel) [minpos]: [1489, 1172, 0, 0]
2023-04-12 20:06:55	INFO	imstat::::	         -- position of max value (world) [maxposf]: 04:55:45.542, +30.33.09.473, I, 2.26769e+11Hz
2023-04-12 20:06:55	INFO	imstat::::	         -- position of min value (world) [minposf]: 04:55:45.135, +30.33.06.693, I, 2.26769e+11Hz
2023-04-12 20:06:55	INFO	imstat::::	         -- Sum of pixel values [sum]:               -15.0988 Jy/beam
2023-04-12 20:06:55	INFO	imstat::::	         -- Sum of squared pixel values [sumsq]:     0.000945729 Jy/beam.Jy/beam
2023-04-12 20:06:55	INFO	imstat::::	Statistics --- 
2023-04-12 20:06:55	INFO	imstat::::	        -- Mean of the pixel values [mean]:         -3.00343e-05 Jy/beam
2023-04-12 20:06:55	INFO	imstat::::	        -- Variance of the pixel values :           9.79172e-10 Jy/beam
2023-04-12 20:06:55	INFO	imstat::::	        -- Standard deviation of the Mean [sigma]:  3.12917e-05 Jy/beam
2023-04-12 20:06:55	INFO	imstat::::	        -- Root mean square [rms]:                  4.33732e-05 Jy/beam
2023-04-12 20:06:55	INFO	imstat::::	        -- Median of the pixel values [median]:     -3.83726e-05 Jy/beam
2023-04-12 20:06:55	INFO	imstat::::	        -- Median of the deviations [medabsdevmed]: 1.74193e-05 Jy/beam
2023-04-12 20:06:55	INFO	imstat::::	        -- IQR [quartile]:                          4.03859e-05 Jy/beam
2023-04-12 20:06:55	INFO	imstat::::	        -- First quartile [q1]:                     -5.26049e-05 Jy/beam
2023-04-12 20:06:55	INFO	imstat::::	        -- Third quartile [q3]:                     -1.2219e-05 Jy/beam
2023-04-12 20:06:55	INFO	imstat::ImageStatsCalculator::statistics	Sum column unit = Jy/beam
2023-04-12 20:06:55	INFO	imstat::ImageStatsCalculator::statistics+	Mean column unit = Jy/beam
2023-04-12 20:06:55	INFO	imstat::ImageStatsCalculator::statistics+	Std_dev column unit = Jy/beam
2023-04-12 20:06:55	INFO	imstat::ImageStatsCalculator::statistics+	Minimum column unit = Jy/beam
2023-04-12 20:06:55	INFO	imstat::ImageStatsCalculator::statistics+	Maximum column unit = Jy/beam
2023-04-12 20:06:55	INFO	imstat::ImageStatsCalculator::statistics	Npts          Sum           Mean          Rms           Std_dev       Minimum       Maximum     
2023-04-12 20:06:55	INFO	imstat::ImageStatsCalculator::statistics	 5.027180e+05 -1.509880e+01 -3.003433e-05  4.337316e-05  3.129173e-05 -1.171678e-04  8.502130e-05
2023-04-12 20:06:55	INFO	imstat::::casa	Task imstat complete. Start time: 2023-04-12 20:06:54.567919 End time: 2023-04-12 20:06:54.719299
2023-04-12 20:06:55	INFO	imstat::::casa	##### End Task: imstat               #####
2023-04-12 20:06:55	INFO	imstat::::casa	##########################################
2023-04-12 20:06:55	INFO	imstat::::casa	##########################################
2023-04-12 20:06:55	INFO	imstat::::casa	##### Begin Task: imstat             #####
2023-04-12 20:06:55	INFO	imstat::::casa	imstat( imagename='/lustre/cv/users/jspeedie/data/images_continuum/robust1.5/ABAur_continuum.clean.image', axes=[], region='circle[[04h55m45.8549s, +30.33.03.733], 3.0arcsec]', box='', chans='', stokes='', listit=True, verbose=True, mask='', stretch=False, logfile='', append=True, algorithm='classic', fence=-1.0, center='mean', lside=True, zscore=-1.0, maxiter=-1, clmethod='auto', niter=3 )
2023-04-12 20:06:55	INFO	imstat::AsciiRegionFileParser::_parse	Combined 1 image regions (which excludes any annotation regions)
2023-04-12 20:06:55	INFO	imstat::AsciiRegionFileParser::_parse	The specified region will select all pixels that are included in the region. Full pixels will be included even when they are only partially covered by the region(s).
2023-04-12 20:06:55	INFO	imstat::CasacRegionManager::fromBCS	Region read from text string circle[[04h55m45.8549s, +30.33.03.733], 3.0arcsec]
2023-04-12 20:06:55	INFO	imstat::image::statistics 	Determining stats for image ABAur_continuum.clean.image
2023-04-12 20:06:55	INFO	imstat::ImageRegion::fromRecord	Selected bounding box : 
2023-04-12 20:06:55	INFO	imstat::ImageRegion::fromRecord+	    [874, 874, 0, 0] to [1174, 1173, 0, 0]  (04:55:46.087, +30.33.00.733, I, 2.26769e+11Hz to 04:55:45.623, +30.33.06.713, I, 2.26769e+11Hz)
2023-04-12 20:06:55	INFO	imstat::ImageStatsCalculator::_logStartup	Statistics calculated using Classic algorithm
2023-04-12 20:06:55	INFO	imstat::ImageStatsCalculator::_logStartup	Regions --- 
2023-04-12 20:06:55	INFO	imstat::ImageStatsCalculator::_logStartup	         -- bottom-left corner (pixel) [blc]:  [874, 874, 0, 0]
2023-04-12 20:06:55	INFO	imstat::ImageStatsCalculator::_logStartup	         -- top-right corner (pixel) [trc]:    [1174, 1173, 0, 0]
2023-04-12 20:06:55	INFO	imstat::ImageStatsCalculator::_logStartup	         -- bottom-left corner (world) [blcf]: 04:55:46.087, +30.33.00.733, I, 2.26769e+11Hz
2023-04-12 20:06:55	INFO	imstat::ImageStatsCalculator::_logStartup	         -- top-right corner (world) [trcf]:   04:55:45.623, +30.33.06.713, I, 2.26769e+11Hz
2023-04-12 20:06:55	INFO	imstat::::	Values --- 
2023-04-12 20:06:55	INFO	imstat::::	         -- flux density [flux]:                    0.117376 Jy
2023-04-12 20:06:55	INFO	imstat::::	         -- number of points [npts]:                70674
2023-04-12 20:06:55	INFO	imstat::::	         -- maximum value [max]:                    0.00593135 Jy/beam
2023-04-12 20:06:55	INFO	imstat::::	         -- minimum value [min]:                    -1.94759e-05 Jy/beam
2023-04-12 20:06:55	INFO	imstat::::	         -- position of max value (pixel) [maxpos]: [1070, 1011, 0, 0]
2023-04-12 20:06:55	INFO	imstat::::	         -- position of min value (pixel) [minpos]: [921, 930, 0, 0]
2023-04-12 20:06:55	INFO	imstat::::	         -- position of max value (world) [maxposf]: 04:55:45.784, +30.33.03.473, I, 2.26769e+11Hz
2023-04-12 20:06:55	INFO	imstat::::	         -- position of min value (world) [minposf]: 04:55:46.014, +30.33.01.853, I, 2.26769e+11Hz
2023-04-12 20:06:55	INFO	imstat::::	         -- Sum of pixel values [sum]:               45.4391 Jy/beam
2023-04-12 20:06:55	INFO	imstat::::	         -- Sum of squared pixel values [sumsq]:     0.100891 Jy/beam.Jy/beam
2023-04-12 20:06:55	INFO	imstat::::	Statistics --- 
2023-04-12 20:06:55	INFO	imstat::::	        -- Mean of the pixel values [mean]:         0.00064294 Jy/beam
2023-04-12 20:06:55	INFO	imstat::::	        -- Variance of the pixel values :           1.0142e-06 Jy/beam
2023-04-12 20:06:55	INFO	imstat::::	        -- Standard deviation of the Mean [sigma]:  0.00100708 Jy/beam
2023-04-12 20:06:55	INFO	imstat::::	        -- Root mean square [rms]:                  0.0011948 Jy/beam
2023-04-12 20:06:55	INFO	imstat::::	        -- Median of the pixel values [median]:     0.000182094 Jy/beam
2023-04-12 20:06:55	INFO	imstat::::	        -- Median of the deviations [medabsdevmed]: 0.000135763 Jy/beam
2023-04-12 20:06:55	INFO	imstat::::	        -- IQR [quartile]:                          0.00061568 Jy/beam
2023-04-12 20:06:55	INFO	imstat::::	        -- First quartile [q1]:                     7.91971e-05 Jy/beam
2023-04-12 20:06:55	INFO	imstat::::	        -- Third quartile [q3]:                     0.000694878 Jy/beam
2023-04-12 20:06:55	INFO	imstat::ImageStatsCalculator::statistics	Sum column unit = Jy/beam
2023-04-12 20:06:55	INFO	imstat::ImageStatsCalculator::statistics+	Mean column unit = Jy/beam
2023-04-12 20:06:55	INFO	imstat::ImageStatsCalculator::statistics+	Std_dev column unit = Jy/beam
2023-04-12 20:06:55	INFO	imstat::ImageStatsCalculator::statistics+	Minimum column unit = Jy/beam
2023-04-12 20:06:55	INFO	imstat::ImageStatsCalculator::statistics+	Maximum column unit = Jy/beam
2023-04-12 20:06:55	INFO	imstat::ImageStatsCalculator::statistics	Npts          Sum           Mean          Rms           Std_dev       Minimum       Maximum     
2023-04-12 20:06:55	INFO	imstat::ImageStatsCalculator::statistics	 7.067400e+04  4.543911e+01  6.429395e-04  1.194804e-03  1.007075e-03 -1.947593e-05  5.931354e-03
2023-04-12 20:06:55	INFO	imstat::::casa	Task imstat complete. Start time: 2023-04-12 20:06:54.723548 End time: 2023-04-12 20:06:54.815514
2023-04-12 20:06:55	INFO	imstat::::casa	##### End Task: imstat               #####
2023-04-12 20:06:55	INFO	imstat::::casa	##########################################
2023-04-12 20:06:55	INFO	imstat::::casa	##########################################
2023-04-12 20:06:55	INFO	imstat::::casa	##### Begin Task: imstat             #####
2023-04-12 20:06:55	INFO	imstat::::casa	imstat( imagename='/lustre/cv/users/jspeedie/data/images_continuum/robust1.5/ABAur_continuum.clean.image', axes=[], region="annulus[[04h55m45.8549s, +30.33.03.733],['6.00arcsec', '10.0arcsec']]", box='', chans='', stokes='', listit=True, verbose=True, mask='', stretch=False, logfile='', append=True, algorithm='classic', fence=-1.0, center='mean', lside=True, zscore=-1.0, maxiter=-1, clmethod='auto', niter=3 )
2023-04-12 20:06:55	INFO	imstat::AsciiRegionFileParser::_parse	Combined 1 image regions (which excludes any annotation regions)
2023-04-12 20:06:55	INFO	imstat::AsciiRegionFileParser::_parse	The specified region will select all pixels that are included in the region. Full pixels will be included even when they are only partially covered by the region(s).
2023-04-12 20:06:55	INFO	imstat::CasacRegionManager::fromBCS	Region read from text string annulus[[04h55m45.8549s, +30.33.03.733],['6.00arcsec', '10.0arcsec']]
2023-04-12 20:06:55	INFO	imstat::image::statistics 	Determining stats for image ABAur_continuum.clean.image
2023-04-12 20:06:55	INFO	imstat::ImageRegion::fromRecord	Selected bounding box : 
2023-04-12 20:06:55	INFO	imstat::ImageRegion::fromRecord+	    [524, 524, 0, 0] to [1524, 1524, 0, 0]  (04:55:46.629, +30.32.53.733, I, 2.26769e+11Hz to 04:55:45.081, +30.33.13.733, I, 2.26769e+11Hz)
2023-04-12 20:06:55	INFO	imstat::ImageStatsCalculator::_logStartup	Statistics calculated using Classic algorithm
2023-04-12 20:06:55	INFO	imstat::ImageStatsCalculator::_logStartup	Regions --- 
2023-04-12 20:06:55	INFO	imstat::ImageStatsCalculator::_logStartup	         -- bottom-left corner (pixel) [blc]:  [524, 524, 0, 0]
2023-04-12 20:06:55	INFO	imstat::ImageStatsCalculator::_logStartup	         -- top-right corner (pixel) [trc]:    [1524, 1524, 0, 0]
2023-04-12 20:06:55	INFO	imstat::ImageStatsCalculator::_logStartup	         -- bottom-left corner (world) [blcf]: 04:55:46.629, +30.32.53.733, I, 2.26769e+11Hz
2023-04-12 20:06:55	INFO	imstat::ImageStatsCalculator::_logStartup	         -- top-right corner (world) [trcf]:   04:55:45.081, +30.33.13.733, I, 2.26769e+11Hz
2023-04-12 20:06:55	INFO	imstat::::	Values --- 
2023-04-12 20:06:55	INFO	imstat::::	         -- flux density [flux]:                    -0.0390023 Jy
2023-04-12 20:06:55	INFO	imstat::::	         -- number of points [npts]:                502718
2023-04-12 20:06:55	INFO	imstat::::	         -- maximum value [max]:                    8.50213e-05 Jy/beam
2023-04-12 20:06:55	INFO	imstat::::	         -- minimum value [min]:                    -0.000117168 Jy/beam
2023-04-12 20:06:55	INFO	imstat::::	         -- position of max value (pixel) [maxpos]: [1226, 1311, 0, 0]
2023-04-12 20:06:55	INFO	imstat::::	         -- position of min value (pixel) [minpos]: [1489, 1172, 0, 0]
2023-04-12 20:06:55	INFO	imstat::::	         -- position of max value (world) [maxposf]: 04:55:45.542, +30.33.09.473, I, 2.26769e+11Hz
2023-04-12 20:06:55	INFO	imstat::::	         -- position of min value (world) [minposf]: 04:55:45.135, +30.33.06.693, I, 2.26769e+11Hz
2023-04-12 20:06:55	INFO	imstat::::	         -- Sum of pixel values [sum]:               -15.0988 Jy/beam
2023-04-12 20:06:55	INFO	imstat::::	         -- Sum of squared pixel values [sumsq]:     0.000945729 Jy/beam.Jy/beam
2023-04-12 20:06:55	INFO	imstat::::	Statistics --- 
2023-04-12 20:06:55	INFO	imstat::::	        -- Mean of the pixel values [mean]:         -3.00343e-05 Jy/beam
2023-04-12 20:06:55	INFO	imstat::::	        -- Variance of the pixel values :           9.79172e-10 Jy/beam
2023-04-12 20:06:55	INFO	imstat::::	        -- Standard deviation of the Mean [sigma]:  3.12917e-05 Jy/beam
2023-04-12 20:06:55	INFO	imstat::::	        -- Root mean square [rms]:                  4.33732e-05 Jy/beam
2023-04-12 20:06:55	INFO	imstat::::	        -- Median of the pixel values [median]:     -3.83726e-05 Jy/beam
2023-04-12 20:06:55	INFO	imstat::::	        -- Median of the deviations [medabsdevmed]: 1.74193e-05 Jy/beam
2023-04-12 20:06:55	INFO	imstat::::	        -- IQR [quartile]:                          4.03859e-05 Jy/beam
2023-04-12 20:06:55	INFO	imstat::::	        -- First quartile [q1]:                     -5.26049e-05 Jy/beam
2023-04-12 20:06:55	INFO	imstat::::	        -- Third quartile [q3]:                     -1.2219e-05 Jy/beam
2023-04-12 20:06:55	INFO	imstat::ImageStatsCalculator::statistics	Sum column unit = Jy/beam
2023-04-12 20:06:55	INFO	imstat::ImageStatsCalculator::statistics+	Mean column unit = Jy/beam
2023-04-12 20:06:55	INFO	imstat::ImageStatsCalculator::statistics+	Std_dev column unit = Jy/beam
2023-04-12 20:06:55	INFO	imstat::ImageStatsCalculator::statistics+	Minimum column unit = Jy/beam
2023-04-12 20:06:55	INFO	imstat::ImageStatsCalculator::statistics+	Maximum column unit = Jy/beam
2023-04-12 20:06:55	INFO	imstat::ImageStatsCalculator::statistics	Npts          Sum           Mean          Rms           Std_dev       Minimum       Maximum     
2023-04-12 20:06:55	INFO	imstat::ImageStatsCalculator::statistics	 5.027180e+05 -1.509880e+01 -3.003433e-05  4.337316e-05  3.129173e-05 -1.171678e-04  8.502130e-05
2023-04-12 20:06:55	INFO	imstat::::casa	Task imstat complete. Start time: 2023-04-12 20:06:54.820023 End time: 2023-04-12 20:06:54.909942
2023-04-12 20:06:55	INFO	imstat::::casa	##### End Task: imstat               #####
2023-04-12 20:06:55	INFO	imstat::::casa	##########################################
2023-04-12 20:06:55	INFO	imstat::::casa	##########################################
2023-04-12 20:06:55	INFO	imstat::::casa	##### Begin Task: imstat             #####
2023-04-12 20:06:55	INFO	imstat::::casa	imstat( imagename='/lustre/cv/users/jspeedie/data/images_continuum/robust1.5/ABAur_continuum.clean.JvMcorr.image', axes=[], region='circle[[04h55m45.8549s, +30.33.03.733], 3.0arcsec]', box='', chans='', stokes='', listit=True, verbose=True, mask='', stretch=False, logfile='', append=True, algorithm='classic', fence=-1.0, center='mean', lside=True, zscore=-1.0, maxiter=-1, clmethod='auto', niter=3 )
2023-04-12 20:06:55	INFO	imstat::AsciiRegionFileParser::_parse	Combined 1 image regions (which excludes any annotation regions)
2023-04-12 20:06:55	INFO	imstat::AsciiRegionFileParser::_parse	The specified region will select all pixels that are included in the region. Full pixels will be included even when they are only partially covered by the region(s).
2023-04-12 20:06:55	INFO	imstat::CasacRegionManager::fromBCS	Region read from text string circle[[04h55m45.8549s, +30.33.03.733], 3.0arcsec]
2023-04-12 20:06:55	INFO	imstat::image::statistics 	Determining stats for image ABAur_continuum.clean.JvMcorr.image
2023-04-12 20:06:55	INFO	imstat::ImageRegion::fromRecord	Selected bounding box : 
2023-04-12 20:06:55	INFO	imstat::ImageRegion::fromRecord+	    [874, 874, 0, 0] to [1174, 1173, 0, 0]  (04:55:46.087, +30.33.00.733, I, 2.26769e+11Hz to 04:55:45.623, +30.33.06.713, I, 2.26769e+11Hz)
2023-04-12 20:06:55	INFO	imstat::ImageStatsCalculator::_logStartup	Statistics calculated using Classic algorithm
2023-04-12 20:06:55	INFO	imstat::ImageStatsCalculator::_logStartup	Regions --- 
2023-04-12 20:06:55	INFO	imstat::ImageStatsCalculator::_logStartup	         -- bottom-left corner (pixel) [blc]:  [874, 874, 0, 0]
2023-04-12 20:06:55	INFO	imstat::ImageStatsCalculator::_logStartup	         -- top-right corner (pixel) [trc]:    [1174, 1173, 0, 0]
2023-04-12 20:06:55	INFO	imstat::ImageStatsCalculator::_logStartup	         -- bottom-left corner (world) [blcf]: 04:55:46.087, +30.33.00.733, I, 2.26769e+11Hz
2023-04-12 20:06:55	INFO	imstat::ImageStatsCalculator::_logStartup	         -- top-right corner (world) [trcf]:   04:55:45.623, +30.33.06.713, I, 2.26769e+11Hz
2023-04-12 20:06:55	INFO	imstat::::	Values --- 
2023-04-12 20:06:55	INFO	imstat::::	         -- flux density [flux]:                    0.0901343 Jy
2023-04-12 20:06:55	INFO	imstat::::	         -- number of points [npts]:                70674
2023-04-12 20:06:55	INFO	imstat::::	         -- maximum value [max]:                    0.00574607 Jy/beam
2023-04-12 20:06:55	INFO	imstat::::	         -- minimum value [min]:                    -6.58875e-06 Jy/beam
2023-04-12 20:06:55	INFO	imstat::::	         -- position of max value (pixel) [maxpos]: [1071, 1012, 0, 0]
2023-04-12 20:06:55	INFO	imstat::::	         -- position of min value (pixel) [minpos]: [921, 930, 0, 0]
2023-04-12 20:06:55	INFO	imstat::::	         -- position of max value (world) [maxposf]: 04:55:45.782, +30.33.03.493, I, 2.26769e+11Hz
2023-04-12 20:06:55	INFO	imstat::::	         -- position of min value (world) [minposf]: 04:55:46.014, +30.33.01.853, I, 2.26769e+11Hz
2023-04-12 20:06:55	INFO	imstat::::	         -- Sum of pixel values [sum]:               34.8933 Jy/beam
2023-04-12 20:06:55	INFO	imstat::::	         -- Sum of squared pixel values [sumsq]:     0.0800397 Jy/beam.Jy/beam
2023-04-12 20:06:55	INFO	imstat::::	Statistics --- 
2023-04-12 20:06:55	INFO	imstat::::	        -- Mean of the pixel values [mean]:         0.000493722 Jy/beam
2023-04-12 20:06:55	INFO	imstat::::	        -- Variance of the pixel values :           8.88771e-07 Jy/beam
2023-04-12 20:06:55	INFO	imstat::::	        -- Standard deviation of the Mean [sigma]:  0.000942746 Jy/beam
2023-04-12 20:06:55	INFO	imstat::::	        -- Root mean square [rms]:                  0.0010642 Jy/beam
2023-04-12 20:06:55	INFO	imstat::::	        -- Median of the pixel values [median]:     6.16607e-05 Jy/beam
2023-04-12 20:06:55	INFO	imstat::::	        -- Median of the deviations [medabsdevmed]: 4.6684e-05 Jy/beam
2023-04-12 20:06:55	INFO	imstat::::	        -- IQR [quartile]:                          0.000380148 Jy/beam
2023-04-12 20:06:55	INFO	imstat::::	        -- First quartile [q1]:                     2.67923e-05 Jy/beam
2023-04-12 20:06:55	INFO	imstat::::	        -- Third quartile [q3]:                     0.000406941 Jy/beam
2023-04-12 20:06:55	INFO	imstat::ImageStatsCalculator::statistics	Sum column unit = Jy/beam
2023-04-12 20:06:55	INFO	imstat::ImageStatsCalculator::statistics+	Mean column unit = Jy/beam
2023-04-12 20:06:55	INFO	imstat::ImageStatsCalculator::statistics+	Std_dev column unit = Jy/beam
2023-04-12 20:06:55	INFO	imstat::ImageStatsCalculator::statistics+	Minimum column unit = Jy/beam
2023-04-12 20:06:55	INFO	imstat::ImageStatsCalculator::statistics+	Maximum column unit = Jy/beam
2023-04-12 20:06:55	INFO	imstat::ImageStatsCalculator::statistics	Npts          Sum           Mean          Rms           Std_dev       Minimum       Maximum     
2023-04-12 20:06:55	INFO	imstat::ImageStatsCalculator::statistics	 7.067400e+04  3.489332e+01  4.937222e-04  1.064199e-03  9.427465e-04 -6.588748e-06  5.746068e-03
2023-04-12 20:06:55	INFO	imstat::::casa	Task imstat complete. Start time: 2023-04-12 20:06:54.917317 End time: 2023-04-12 20:06:54.974713
2023-04-12 20:06:55	INFO	imstat::::casa	##### End Task: imstat               #####
2023-04-12 20:06:55	INFO	imstat::::casa	##########################################
2023-04-12 20:06:55	INFO	imstat::::casa	##########################################
2023-04-12 20:06:55	INFO	imstat::::casa	##### Begin Task: imstat             #####
2023-04-12 20:06:55	INFO	imstat::::casa	imstat( imagename='/lustre/cv/users/jspeedie/data/images_continuum/robust1.5/ABAur_continuum.clean.JvMcorr.image', axes=[], region='circle[[04h55m45.8549s, +30.33.03.733], 3.0arcsec]', box='', chans='', stokes='', listit=True, verbose=True, mask='', stretch=False, logfile='', append=True, algorithm='classic', fence=-1.0, center='mean', lside=True, zscore=-1.0, maxiter=-1, clmethod='auto', niter=3 )
2023-04-12 20:06:55	INFO	imstat::AsciiRegionFileParser::_parse	Combined 1 image regions (which excludes any annotation regions)
2023-04-12 20:06:55	INFO	imstat::AsciiRegionFileParser::_parse	The specified region will select all pixels that are included in the region. Full pixels will be included even when they are only partially covered by the region(s).
2023-04-12 20:06:55	INFO	imstat::CasacRegionManager::fromBCS	Region read from text string circle[[04h55m45.8549s, +30.33.03.733], 3.0arcsec]
2023-04-12 20:06:55	INFO	imstat::image::statistics 	Determining stats for image ABAur_continuum.clean.JvMcorr.image
2023-04-12 20:06:55	INFO	imstat::ImageRegion::fromRecord	Selected bounding box : 
2023-04-12 20:06:55	INFO	imstat::ImageRegion::fromRecord+	    [874, 874, 0, 0] to [1174, 1173, 0, 0]  (04:55:46.087, +30.33.00.733, I, 2.26769e+11Hz to 04:55:45.623, +30.33.06.713, I, 2.26769e+11Hz)
2023-04-12 20:06:55	INFO	imstat::ImageStatsCalculator::_logStartup	Statistics calculated using Classic algorithm
2023-04-12 20:06:55	INFO	imstat::ImageStatsCalculator::_logStartup	Regions --- 
2023-04-12 20:06:55	INFO	imstat::ImageStatsCalculator::_logStartup	         -- bottom-left corner (pixel) [blc]:  [874, 874, 0, 0]
2023-04-12 20:06:55	INFO	imstat::ImageStatsCalculator::_logStartup	         -- top-right corner (pixel) [trc]:    [1174, 1173, 0, 0]
2023-04-12 20:06:55	INFO	imstat::ImageStatsCalculator::_logStartup	         -- bottom-left corner (world) [blcf]: 04:55:46.087, +30.33.00.733, I, 2.26769e+11Hz
2023-04-12 20:06:55	INFO	imstat::ImageStatsCalculator::_logStartup	         -- top-right corner (world) [trcf]:   04:55:45.623, +30.33.06.713, I, 2.26769e+11Hz
2023-04-12 20:06:55	INFO	imstat::::	Values --- 
2023-04-12 20:06:55	INFO	imstat::::	         -- flux density [flux]:                    0.0901343 Jy
2023-04-12 20:06:55	INFO	imstat::::	         -- number of points [npts]:                70674
2023-04-12 20:06:55	INFO	imstat::::	         -- maximum value [max]:                    0.00574607 Jy/beam
2023-04-12 20:06:55	INFO	imstat::::	         -- minimum value [min]:                    -6.58875e-06 Jy/beam
2023-04-12 20:06:55	INFO	imstat::::	         -- position of max value (pixel) [maxpos]: [1071, 1012, 0, 0]
2023-04-12 20:06:55	INFO	imstat::::	         -- position of min value (pixel) [minpos]: [921, 930, 0, 0]
2023-04-12 20:06:55	INFO	imstat::::	         -- position of max value (world) [maxposf]: 04:55:45.782, +30.33.03.493, I, 2.26769e+11Hz
2023-04-12 20:06:55	INFO	imstat::::	         -- position of min value (world) [minposf]: 04:55:46.014, +30.33.01.853, I, 2.26769e+11Hz
2023-04-12 20:06:55	INFO	imstat::::	         -- Sum of pixel values [sum]:               34.8933 Jy/beam
2023-04-12 20:06:55	INFO	imstat::::	         -- Sum of squared pixel values [sumsq]:     0.0800397 Jy/beam.Jy/beam
2023-04-12 20:06:55	INFO	imstat::::	Statistics --- 
2023-04-12 20:06:55	INFO	imstat::::	        -- Mean of the pixel values [mean]:         0.000493722 Jy/beam
2023-04-12 20:06:55	INFO	imstat::::	        -- Variance of the pixel values :           8.88771e-07 Jy/beam
2023-04-12 20:06:55	INFO	imstat::::	        -- Standard deviation of the Mean [sigma]:  0.000942746 Jy/beam
2023-04-12 20:06:55	INFO	imstat::::	        -- Root mean square [rms]:                  0.0010642 Jy/beam
2023-04-12 20:06:55	INFO	imstat::::	        -- Median of the pixel values [median]:     6.16607e-05 Jy/beam
2023-04-12 20:06:55	INFO	imstat::::	        -- Median of the deviations [medabsdevmed]: 4.6684e-05 Jy/beam
2023-04-12 20:06:55	INFO	imstat::::	        -- IQR [quartile]:                          0.000380148 Jy/beam
2023-04-12 20:06:55	INFO	imstat::::	        -- First quartile [q1]:                     2.67923e-05 Jy/beam
2023-04-12 20:06:55	INFO	imstat::::	        -- Third quartile [q3]:                     0.000406941 Jy/beam
2023-04-12 20:06:55	INFO	imstat::ImageStatsCalculator::statistics	Sum column unit = Jy/beam
2023-04-12 20:06:55	INFO	imstat::ImageStatsCalculator::statistics+	Mean column unit = Jy/beam
2023-04-12 20:06:55	INFO	imstat::ImageStatsCalculator::statistics+	Std_dev column unit = Jy/beam
2023-04-12 20:06:55	INFO	imstat::ImageStatsCalculator::statistics+	Minimum column unit = Jy/beam
2023-04-12 20:06:55	INFO	imstat::ImageStatsCalculator::statistics+	Maximum column unit = Jy/beam
2023-04-12 20:06:55	INFO	imstat::ImageStatsCalculator::statistics	Npts          Sum           Mean          Rms           Std_dev       Minimum       Maximum     
2023-04-12 20:06:55	INFO	imstat::ImageStatsCalculator::statistics	 7.067400e+04  3.489332e+01  4.937222e-04  1.064199e-03  9.427465e-04 -6.588748e-06  5.746068e-03
2023-04-12 20:06:55	INFO	imstat::::casa	Task imstat complete. Start time: 2023-04-12 20:06:54.978011 End time: 2023-04-12 20:06:55.004231
2023-04-12 20:06:55	INFO	imstat::::casa	##### End Task: imstat               #####
2023-04-12 20:06:55	INFO	imstat::::casa	##########################################
2023-04-12 20:06:55	INFO	imstat::::casa	##########################################
2023-04-12 20:06:55	INFO	imstat::::casa	##### Begin Task: imstat             #####
2023-04-12 20:06:55	INFO	imstat::::casa	imstat( imagename='/lustre/cv/users/jspeedie/data/images_continuum/robust1.5/ABAur_continuum.clean.JvMcorr.image', axes=[], region="annulus[[04h55m45.8549s, +30.33.03.733],['6.00arcsec', '10.0arcsec']]", box='', chans='', stokes='', listit=True, verbose=True, mask='', stretch=False, logfile='', append=True, algorithm='classic', fence=-1.0, center='mean', lside=True, zscore=-1.0, maxiter=-1, clmethod='auto', niter=3 )
2023-04-12 20:06:55	INFO	imstat::AsciiRegionFileParser::_parse	Combined 1 image regions (which excludes any annotation regions)
2023-04-12 20:06:55	INFO	imstat::AsciiRegionFileParser::_parse	The specified region will select all pixels that are included in the region. Full pixels will be included even when they are only partially covered by the region(s).
2023-04-12 20:06:55	INFO	imstat::CasacRegionManager::fromBCS	Region read from text string annulus[[04h55m45.8549s, +30.33.03.733],['6.00arcsec', '10.0arcsec']]
2023-04-12 20:06:55	INFO	imstat::image::statistics 	Determining stats for image ABAur_continuum.clean.JvMcorr.image
2023-04-12 20:06:55	INFO	imstat::ImageRegion::fromRecord	Selected bounding box : 
2023-04-12 20:06:55	INFO	imstat::ImageRegion::fromRecord+	    [524, 524, 0, 0] to [1524, 1524, 0, 0]  (04:55:46.629, +30.32.53.733, I, 2.26769e+11Hz to 04:55:45.081, +30.33.13.733, I, 2.26769e+11Hz)
2023-04-12 20:06:55	INFO	imstat::ImageStatsCalculator::_logStartup	Statistics calculated using Classic algorithm
2023-04-12 20:06:55	INFO	imstat::ImageStatsCalculator::_logStartup	Regions --- 
2023-04-12 20:06:55	INFO	imstat::ImageStatsCalculator::_logStartup	         -- bottom-left corner (pixel) [blc]:  [524, 524, 0, 0]
2023-04-12 20:06:55	INFO	imstat::ImageStatsCalculator::_logStartup	         -- top-right corner (pixel) [trc]:    [1524, 1524, 0, 0]
2023-04-12 20:06:55	INFO	imstat::ImageStatsCalculator::_logStartup	         -- bottom-left corner (world) [blcf]: 04:55:46.629, +30.32.53.733, I, 2.26769e+11Hz
2023-04-12 20:06:55	INFO	imstat::ImageStatsCalculator::_logStartup	         -- top-right corner (world) [trcf]:   04:55:45.081, +30.33.13.733, I, 2.26769e+11Hz
2023-04-12 20:06:55	INFO	imstat::::	Values --- 
2023-04-12 20:06:55	INFO	imstat::::	         -- flux density [flux]:                    -0.0131944 Jy
2023-04-12 20:06:55	INFO	imstat::::	         -- number of points [npts]:                502718
2023-04-12 20:06:55	INFO	imstat::::	         -- maximum value [max]:                    2.87626e-05 Jy/beam
2023-04-12 20:06:55	INFO	imstat::::	         -- minimum value [min]:                    -3.96377e-05 Jy/beam
2023-04-12 20:06:55	INFO	imstat::::	         -- position of max value (pixel) [maxpos]: [1226, 1311, 0, 0]
2023-04-12 20:06:55	INFO	imstat::::	         -- position of min value (pixel) [minpos]: [1489, 1172, 0, 0]
2023-04-12 20:06:55	INFO	imstat::::	         -- position of max value (world) [maxposf]: 04:55:45.542, +30.33.09.473, I, 2.26769e+11Hz
2023-04-12 20:06:55	INFO	imstat::::	         -- position of min value (world) [minposf]: 04:55:45.135, +30.33.06.693, I, 2.26769e+11Hz
2023-04-12 20:06:55	INFO	imstat::::	         -- Sum of pixel values [sum]:               -5.10791 Jy/beam
2023-04-12 20:06:55	INFO	imstat::::	         -- Sum of squared pixel values [sumsq]:     0.000108235 Jy/beam.Jy/beam
2023-04-12 20:06:55	INFO	imstat::::	Statistics --- 
2023-04-12 20:06:55	INFO	imstat::::	        -- Mean of the pixel values [mean]:         -1.01606e-05 Jy/beam
2023-04-12 20:06:55	INFO	imstat::::	        -- Variance of the pixel values :           1.12063e-10 Jy/beam
2023-04-12 20:06:55	INFO	imstat::::	        -- Standard deviation of the Mean [sigma]:  1.0586e-05 Jy/beam
2023-04-12 20:06:55	INFO	imstat::::	        -- Root mean square [rms]:                  1.46731e-05 Jy/beam
2023-04-12 20:06:55	INFO	imstat::::	        -- Median of the pixel values [median]:     -1.29814e-05 Jy/beam
2023-04-12 20:06:55	INFO	imstat::::	        -- Median of the deviations [medabsdevmed]: 5.8929e-06 Jy/beam
2023-04-12 20:06:55	INFO	imstat::::	        -- IQR [quartile]:                          1.36625e-05 Jy/beam
2023-04-12 20:06:55	INFO	imstat::::	        -- First quartile [q1]:                     -1.77962e-05 Jy/beam
2023-04-12 20:06:55	INFO	imstat::::	        -- Third quartile [q3]:                     -4.1337e-06 Jy/beam
2023-04-12 20:06:55	INFO	imstat::ImageStatsCalculator::statistics	Sum column unit = Jy/beam
2023-04-12 20:06:55	INFO	imstat::ImageStatsCalculator::statistics+	Mean column unit = Jy/beam
2023-04-12 20:06:55	INFO	imstat::ImageStatsCalculator::statistics+	Std_dev column unit = Jy/beam
2023-04-12 20:06:55	INFO	imstat::ImageStatsCalculator::statistics+	Minimum column unit = Jy/beam
2023-04-12 20:06:55	INFO	imstat::ImageStatsCalculator::statistics+	Maximum column unit = Jy/beam
2023-04-12 20:06:55	INFO	imstat::ImageStatsCalculator::statistics	Npts          Sum           Mean          Rms           Std_dev       Minimum       Maximum     
2023-04-12 20:06:55	INFO	imstat::ImageStatsCalculator::statistics	 5.027180e+05 -5.107905e+00 -1.016058e-05  1.467309e-05  1.058596e-05 -3.963774e-05  2.876261e-05
2023-04-12 20:06:55	INFO	imstat::::casa	Task imstat complete. Start time: 2023-04-12 20:06:55.007611 End time: 2023-04-12 20:06:55.100271
2023-04-12 20:06:55	INFO	imstat::::casa	##### End Task: imstat               #####
2023-04-12 20:06:55	INFO	imstat::::casa	##########################################
2023-04-12 20:06:55	INFO	imstat::::casa	##########################################
2023-04-12 20:06:55	INFO	imstat::::casa	##### Begin Task: imstat             #####
2023-04-12 20:06:55	INFO	imstat::::casa	imstat( imagename='/lustre/cv/users/jspeedie/data/images_continuum/robust1.5/ABAur_continuum.clean.JvMcorr.image', axes=[], region='circle[[04h55m45.8549s, +30.33.03.733], 3.0arcsec]', box='', chans='', stokes='', listit=True, verbose=True, mask='', stretch=False, logfile='', append=True, algorithm='classic', fence=-1.0, center='mean', lside=True, zscore=-1.0, maxiter=-1, clmethod='auto', niter=3 )
2023-04-12 20:06:55	INFO	imstat::AsciiRegionFileParser::_parse	Combined 1 image regions (which excludes any annotation regions)
2023-04-12 20:06:55	INFO	imstat::AsciiRegionFileParser::_parse	The specified region will select all pixels that are included in the region. Full pixels will be included even when they are only partially covered by the region(s).
2023-04-12 20:06:55	INFO	imstat::CasacRegionManager::fromBCS	Region read from text string circle[[04h55m45.8549s, +30.33.03.733], 3.0arcsec]
2023-04-12 20:06:55	INFO	imstat::image::statistics 	Determining stats for image ABAur_continuum.clean.JvMcorr.image
2023-04-12 20:06:55	INFO	imstat::ImageRegion::fromRecord	Selected bounding box : 
2023-04-12 20:06:55	INFO	imstat::ImageRegion::fromRecord+	    [874, 874, 0, 0] to [1174, 1173, 0, 0]  (04:55:46.087, +30.33.00.733, I, 2.26769e+11Hz to 04:55:45.623, +30.33.06.713, I, 2.26769e+11Hz)
2023-04-12 20:06:55	INFO	imstat::ImageStatsCalculator::_logStartup	Statistics calculated using Classic algorithm
2023-04-12 20:06:55	INFO	imstat::ImageStatsCalculator::_logStartup	Regions --- 
2023-04-12 20:06:55	INFO	imstat::ImageStatsCalculator::_logStartup	         -- bottom-left corner (pixel) [blc]:  [874, 874, 0, 0]
2023-04-12 20:06:55	INFO	imstat::ImageStatsCalculator::_logStartup	         -- top-right corner (pixel) [trc]:    [1174, 1173, 0, 0]
2023-04-12 20:06:55	INFO	imstat::ImageStatsCalculator::_logStartup	         -- bottom-left corner (world) [blcf]: 04:55:46.087, +30.33.00.733, I, 2.26769e+11Hz
2023-04-12 20:06:55	INFO	imstat::ImageStatsCalculator::_logStartup	         -- top-right corner (world) [trcf]:   04:55:45.623, +30.33.06.713, I, 2.26769e+11Hz
2023-04-12 20:06:55	INFO	imstat::::	Values --- 
2023-04-12 20:06:55	INFO	imstat::::	         -- flux density [flux]:                    0.0901343 Jy
2023-04-12 20:06:55	INFO	imstat::::	         -- number of points [npts]:                70674
2023-04-12 20:06:55	INFO	imstat::::	         -- maximum value [max]:                    0.00574607 Jy/beam
2023-04-12 20:06:55	INFO	imstat::::	         -- minimum value [min]:                    -6.58875e-06 Jy/beam
2023-04-12 20:06:55	INFO	imstat::::	         -- position of max value (pixel) [maxpos]: [1071, 1012, 0, 0]
2023-04-12 20:06:55	INFO	imstat::::	         -- position of min value (pixel) [minpos]: [921, 930, 0, 0]
2023-04-12 20:06:55	INFO	imstat::::	         -- position of max value (world) [maxposf]: 04:55:45.782, +30.33.03.493, I, 2.26769e+11Hz
2023-04-12 20:06:55	INFO	imstat::::	         -- position of min value (world) [minposf]: 04:55:46.014, +30.33.01.853, I, 2.26769e+11Hz
2023-04-12 20:06:55	INFO	imstat::::	         -- Sum of pixel values [sum]:               34.8933 Jy/beam
2023-04-12 20:06:55	INFO	imstat::::	         -- Sum of squared pixel values [sumsq]:     0.0800397 Jy/beam.Jy/beam
2023-04-12 20:06:55	INFO	imstat::::	Statistics --- 
2023-04-12 20:06:55	INFO	imstat::::	        -- Mean of the pixel values [mean]:         0.000493722 Jy/beam
2023-04-12 20:06:55	INFO	imstat::::	        -- Variance of the pixel values :           8.88771e-07 Jy/beam
2023-04-12 20:06:55	INFO	imstat::::	        -- Standard deviation of the Mean [sigma]:  0.000942746 Jy/beam
2023-04-12 20:06:55	INFO	imstat::::	        -- Root mean square [rms]:                  0.0010642 Jy/beam
2023-04-12 20:06:55	INFO	imstat::::	        -- Median of the pixel values [median]:     6.16607e-05 Jy/beam
2023-04-12 20:06:55	INFO	imstat::::	        -- Median of the deviations [medabsdevmed]: 4.6684e-05 Jy/beam
2023-04-12 20:06:55	INFO	imstat::::	        -- IQR [quartile]:                          0.000380148 Jy/beam
2023-04-12 20:06:55	INFO	imstat::::	        -- First quartile [q1]:                     2.67923e-05 Jy/beam
2023-04-12 20:06:55	INFO	imstat::::	        -- Third quartile [q3]:                     0.000406941 Jy/beam
2023-04-12 20:06:55	INFO	imstat::ImageStatsCalculator::statistics	Sum column unit = Jy/beam
2023-04-12 20:06:55	INFO	imstat::ImageStatsCalculator::statistics+	Mean column unit = Jy/beam
2023-04-12 20:06:55	INFO	imstat::ImageStatsCalculator::statistics+	Std_dev column unit = Jy/beam
2023-04-12 20:06:55	INFO	imstat::ImageStatsCalculator::statistics+	Minimum column unit = Jy/beam
2023-04-12 20:06:55	INFO	imstat::ImageStatsCalculator::statistics+	Maximum column unit = Jy/beam
2023-04-12 20:06:55	INFO	imstat::ImageStatsCalculator::statistics	Npts          Sum           Mean          Rms           Std_dev       Minimum       Maximum     
2023-04-12 20:06:55	INFO	imstat::ImageStatsCalculator::statistics	 7.067400e+04  3.489332e+01  4.937222e-04  1.064199e-03  9.427465e-04 -6.588748e-06  5.746068e-03
2023-04-12 20:06:55	INFO	imstat::::casa	Task imstat complete. Start time: 2023-04-12 20:06:55.103695 End time: 2023-04-12 20:06:55.198602
2023-04-12 20:06:55	INFO	imstat::::casa	##### End Task: imstat               #####
2023-04-12 20:06:55	INFO	imstat::::casa	##########################################
2023-04-12 20:06:55	INFO	imstat::::casa	##########################################
2023-04-12 20:06:55	INFO	imstat::::casa	##### Begin Task: imstat             #####
2023-04-12 20:06:55	INFO	imstat::::casa	imstat( imagename='/lustre/cv/users/jspeedie/data/images_continuum/robust1.5/ABAur_continuum.clean.JvMcorr.image', axes=[], region="annulus[[04h55m45.8549s, +30.33.03.733],['6.00arcsec', '10.0arcsec']]", box='', chans='', stokes='', listit=True, verbose=True, mask='', stretch=False, logfile='', append=True, algorithm='classic', fence=-1.0, center='mean', lside=True, zscore=-1.0, maxiter=-1, clmethod='auto', niter=3 )
2023-04-12 20:06:55	INFO	imstat::AsciiRegionFileParser::_parse	Combined 1 image regions (which excludes any annotation regions)
2023-04-12 20:06:55	INFO	imstat::AsciiRegionFileParser::_parse	The specified region will select all pixels that are included in the region. Full pixels will be included even when they are only partially covered by the region(s).
2023-04-12 20:06:55	INFO	imstat::CasacRegionManager::fromBCS	Region read from text string annulus[[04h55m45.8549s, +30.33.03.733],['6.00arcsec', '10.0arcsec']]
2023-04-12 20:06:55	INFO	imstat::image::statistics 	Determining stats for image ABAur_continuum.clean.JvMcorr.image
2023-04-12 20:06:55	INFO	imstat::ImageRegion::fromRecord	Selected bounding box : 
2023-04-12 20:06:55	INFO	imstat::ImageRegion::fromRecord+	    [524, 524, 0, 0] to [1524, 1524, 0, 0]  (04:55:46.629, +30.32.53.733, I, 2.26769e+11Hz to 04:55:45.081, +30.33.13.733, I, 2.26769e+11Hz)
2023-04-12 20:06:55	INFO	imstat::ImageStatsCalculator::_logStartup	Statistics calculated using Classic algorithm
2023-04-12 20:06:55	INFO	imstat::ImageStatsCalculator::_logStartup	Regions --- 
2023-04-12 20:06:55	INFO	imstat::ImageStatsCalculator::_logStartup	         -- bottom-left corner (pixel) [blc]:  [524, 524, 0, 0]
2023-04-12 20:06:55	INFO	imstat::ImageStatsCalculator::_logStartup	         -- top-right corner (pixel) [trc]:    [1524, 1524, 0, 0]
2023-04-12 20:06:55	INFO	imstat::ImageStatsCalculator::_logStartup	         -- bottom-left corner (world) [blcf]: 04:55:46.629, +30.32.53.733, I, 2.26769e+11Hz
2023-04-12 20:06:55	INFO	imstat::ImageStatsCalculator::_logStartup	         -- top-right corner (world) [trcf]:   04:55:45.081, +30.33.13.733, I, 2.26769e+11Hz
2023-04-12 20:06:55	INFO	imstat::::	Values --- 
2023-04-12 20:06:55	INFO	imstat::::	         -- flux density [flux]:                    -0.0131944 Jy
2023-04-12 20:06:55	INFO	imstat::::	         -- number of points [npts]:                502718
2023-04-12 20:06:55	INFO	imstat::::	         -- maximum value [max]:                    2.87626e-05 Jy/beam
2023-04-12 20:06:55	INFO	imstat::::	         -- minimum value [min]:                    -3.96377e-05 Jy/beam
2023-04-12 20:06:55	INFO	imstat::::	         -- position of max value (pixel) [maxpos]: [1226, 1311, 0, 0]
2023-04-12 20:06:55	INFO	imstat::::	         -- position of min value (pixel) [minpos]: [1489, 1172, 0, 0]
2023-04-12 20:06:55	INFO	imstat::::	         -- position of max value (world) [maxposf]: 04:55:45.542, +30.33.09.473, I, 2.26769e+11Hz
2023-04-12 20:06:55	INFO	imstat::::	         -- position of min value (world) [minposf]: 04:55:45.135, +30.33.06.693, I, 2.26769e+11Hz
2023-04-12 20:06:55	INFO	imstat::::	         -- Sum of pixel values [sum]:               -5.10791 Jy/beam
2023-04-12 20:06:55	INFO	imstat::::	         -- Sum of squared pixel values [sumsq]:     0.000108235 Jy/beam.Jy/beam
2023-04-12 20:06:55	INFO	imstat::::	Statistics --- 
2023-04-12 20:06:55	INFO	imstat::::	        -- Mean of the pixel values [mean]:         -1.01606e-05 Jy/beam
2023-04-12 20:06:55	INFO	imstat::::	        -- Variance of the pixel values :           1.12063e-10 Jy/beam
2023-04-12 20:06:55	INFO	imstat::::	        -- Standard deviation of the Mean [sigma]:  1.0586e-05 Jy/beam
2023-04-12 20:06:55	INFO	imstat::::	        -- Root mean square [rms]:                  1.46731e-05 Jy/beam
2023-04-12 20:06:55	INFO	imstat::::	        -- Median of the pixel values [median]:     -1.29814e-05 Jy/beam
2023-04-12 20:06:55	INFO	imstat::::	        -- Median of the deviations [medabsdevmed]: 5.8929e-06 Jy/beam
2023-04-12 20:06:55	INFO	imstat::::	        -- IQR [quartile]:                          1.36625e-05 Jy/beam
2023-04-12 20:06:55	INFO	imstat::::	        -- First quartile [q1]:                     -1.77962e-05 Jy/beam
2023-04-12 20:06:55	INFO	imstat::::	        -- Third quartile [q3]:                     -4.1337e-06 Jy/beam
2023-04-12 20:06:55	INFO	imstat::ImageStatsCalculator::statistics	Sum column unit = Jy/beam
2023-04-12 20:06:55	INFO	imstat::ImageStatsCalculator::statistics+	Mean column unit = Jy/beam
2023-04-12 20:06:55	INFO	imstat::ImageStatsCalculator::statistics+	Std_dev column unit = Jy/beam
2023-04-12 20:06:55	INFO	imstat::ImageStatsCalculator::statistics+	Minimum column unit = Jy/beam
2023-04-12 20:06:55	INFO	imstat::ImageStatsCalculator::statistics+	Maximum column unit = Jy/beam
2023-04-12 20:06:55	INFO	imstat::ImageStatsCalculator::statistics	Npts          Sum           Mean          Rms           Std_dev       Minimum       Maximum     
2023-04-12 20:06:55	INFO	imstat::ImageStatsCalculator::statistics	 5.027180e+05 -5.107905e+00 -1.016058e-05  1.467309e-05  1.058596e-05 -3.963774e-05  2.876261e-05
2023-04-12 20:06:55	INFO	imstat::::casa	Task imstat complete. Start time: 2023-04-12 20:06:55.203621 End time: 2023-04-12 20:06:55.316122
2023-04-12 20:06:55	INFO	imstat::::casa	##### End Task: imstat               #####
2023-04-12 20:06:55	INFO	imstat::::casa	##########################################
2023-04-12 20:06:55	INFO	imstat::::casa	##########################################
2023-04-12 20:06:55	INFO	imstat::::casa	##### Begin Task: imstat             #####
2023-04-12 20:06:55	INFO	imstat::::casa	imstat( imagename='/lustre/cv/users/jspeedie/data/images_continuum/robust1.5/ABAur_continuum.clean.JvMcorr_lowres.image', axes=[], region='circle[[04h55m45.8549s, +30.33.03.733], 3.0arcsec]', box='', chans='', stokes='', listit=True, verbose=True, mask='', stretch=False, logfile='', append=True, algorithm='classic', fence=-1.0, center='mean', lside=True, zscore=-1.0, maxiter=-1, clmethod='auto', niter=3 )
2023-04-12 20:06:55	INFO	imstat::AsciiRegionFileParser::_parse	Combined 1 image regions (which excludes any annotation regions)
2023-04-12 20:06:55	INFO	imstat::AsciiRegionFileParser::_parse	The specified region will select all pixels that are included in the region. Full pixels will be included even when they are only partially covered by the region(s).
2023-04-12 20:06:55	INFO	imstat::CasacRegionManager::fromBCS	Region read from text string circle[[04h55m45.8549s, +30.33.03.733], 3.0arcsec]
2023-04-12 20:06:55	INFO	imstat::image::statistics 	Determining stats for image ABAur_continuum.clean.JvMcorr_lowres.image
2023-04-12 20:06:55	INFO	imstat::ImageRegion::fromRecord	Selected bounding box : 
2023-04-12 20:06:55	INFO	imstat::ImageRegion::fromRecord+	    [874, 874, 0, 0] to [1174, 1173, 0, 0]  (04:55:46.087, +30.33.00.733, I, 2.26769e+11Hz to 04:55:45.623, +30.33.06.713, I, 2.26769e+11Hz)
2023-04-12 20:06:55	INFO	imstat::ImageStatsCalculator::_logStartup	Statistics calculated using Classic algorithm
2023-04-12 20:06:55	INFO	imstat::ImageStatsCalculator::_logStartup	Regions --- 
2023-04-12 20:06:55	INFO	imstat::ImageStatsCalculator::_logStartup	         -- bottom-left corner (pixel) [blc]:  [874, 874, 0, 0]
2023-04-12 20:06:55	INFO	imstat::ImageStatsCalculator::_logStartup	         -- top-right corner (pixel) [trc]:    [1174, 1173, 0, 0]
2023-04-12 20:06:55	INFO	imstat::ImageStatsCalculator::_logStartup	         -- bottom-left corner (world) [blcf]: 04:55:46.087, +30.33.00.733, I, 2.26769e+11Hz
2023-04-12 20:06:55	INFO	imstat::ImageStatsCalculator::_logStartup	         -- top-right corner (world) [trcf]:   04:55:45.623, +30.33.06.713, I, 2.26769e+11Hz
2023-04-12 20:06:55	INFO	imstat::::	Values --- 
2023-04-12 20:06:55	INFO	imstat::::	         -- flux density [flux]:                    0.0901343 Jy
2023-04-12 20:06:55	INFO	imstat::::	         -- number of points [npts]:                70674
2023-04-12 20:06:55	INFO	imstat::::	         -- maximum value [max]:                    0.0119341 Jy/beam
2023-04-12 20:06:55	INFO	imstat::::	         -- minimum value [min]:                    -1.94756e-05 Jy/beam
2023-04-12 20:06:55	INFO	imstat::::	         -- position of max value (pixel) [maxpos]: [1071, 1022, 0, 0]
2023-04-12 20:06:55	INFO	imstat::::	         -- position of min value (pixel) [minpos]: [921, 930, 0, 0]
2023-04-12 20:06:55	INFO	imstat::::	         -- position of max value (world) [maxposf]: 04:55:45.782, +30.33.03.693, I, 2.26769e+11Hz
2023-04-12 20:06:55	INFO	imstat::::	         -- position of min value (world) [minposf]: 04:55:46.014, +30.33.01.853, I, 2.26769e+11Hz
2023-04-12 20:06:55	INFO	imstat::::	         -- Sum of pixel values [sum]:               103.143 Jy/beam
2023-04-12 20:06:55	INFO	imstat::::	         -- Sum of squared pixel values [sumsq]:     0.530835 Jy/beam.Jy/beam
2023-04-12 20:06:55	INFO	imstat::::	Statistics --- 
2023-04-12 20:06:55	INFO	imstat::::	        -- Mean of the pixel values [mean]:         0.00145943 Jy/beam
2023-04-12 20:06:55	INFO	imstat::::	        -- Variance of the pixel values :           5.38119e-06 Jy/beam
2023-04-12 20:06:55	INFO	imstat::::	        -- Standard deviation of the Mean [sigma]:  0.00231974 Jy/beam
2023-04-12 20:06:55	INFO	imstat::::	        -- Root mean square [rms]:                  0.00274063 Jy/beam
2023-04-12 20:06:55	INFO	imstat::::	        -- Median of the pixel values [median]:     0.000203917 Jy/beam
2023-04-12 20:06:55	INFO	imstat::::	        -- Median of the deviations [medabsdevmed]: 0.000169782 Jy/beam
2023-04-12 20:06:55	INFO	imstat::::	        -- IQR [quartile]:                          0.0020088 Jy/beam
2023-04-12 20:06:55	INFO	imstat::::	        -- First quartile [q1]:                     7.94842e-05 Jy/beam
2023-04-12 20:06:55	INFO	imstat::::	        -- Third quartile [q3]:                     0.00208829 Jy/beam
2023-04-12 20:06:55	INFO	imstat::ImageStatsCalculator::statistics	Sum column unit = Jy/beam
2023-04-12 20:06:55	INFO	imstat::ImageStatsCalculator::statistics+	Mean column unit = Jy/beam
2023-04-12 20:06:55	INFO	imstat::ImageStatsCalculator::statistics+	Std_dev column unit = Jy/beam
2023-04-12 20:06:55	INFO	imstat::ImageStatsCalculator::statistics+	Minimum column unit = Jy/beam
2023-04-12 20:06:55	INFO	imstat::ImageStatsCalculator::statistics+	Maximum column unit = Jy/beam
2023-04-12 20:06:55	INFO	imstat::ImageStatsCalculator::statistics	Npts          Sum           Mean          Rms           Std_dev       Minimum       Maximum     
2023-04-12 20:06:55	INFO	imstat::ImageStatsCalculator::statistics	 7.067400e+04  1.031435e+02  1.459426e-03  2.740627e-03  2.319739e-03 -1.947562e-05  1.193410e-02
2023-04-12 20:06:55	INFO	imstat::::casa	Task imstat complete. Start time: 2023-04-12 20:06:55.320295 End time: 2023-04-12 20:06:55.406902
2023-04-12 20:06:55	INFO	imstat::::casa	##### End Task: imstat               #####
2023-04-12 20:06:55	INFO	imstat::::casa	##########################################
2023-04-12 20:06:55	INFO	imstat::::casa	##########################################
2023-04-12 20:06:55	INFO	imstat::::casa	##### Begin Task: imstat             #####
2023-04-12 20:06:55	INFO	imstat::::casa	imstat( imagename='/lustre/cv/users/jspeedie/data/images_continuum/robust1.5/ABAur_continuum.clean.JvMcorr_lowres.image', axes=[], region='circle[[04h55m45.8549s, +30.33.03.733], 3.0arcsec]', box='', chans='', stokes='', listit=True, verbose=True, mask='', stretch=False, logfile='', append=True, algorithm='classic', fence=-1.0, center='mean', lside=True, zscore=-1.0, maxiter=-1, clmethod='auto', niter=3 )
2023-04-12 20:06:55	INFO	imstat::AsciiRegionFileParser::_parse	Combined 1 image regions (which excludes any annotation regions)
2023-04-12 20:06:55	INFO	imstat::AsciiRegionFileParser::_parse	The specified region will select all pixels that are included in the region. Full pixels will be included even when they are only partially covered by the region(s).
2023-04-12 20:06:55	INFO	imstat::CasacRegionManager::fromBCS	Region read from text string circle[[04h55m45.8549s, +30.33.03.733], 3.0arcsec]
2023-04-12 20:06:55	INFO	imstat::image::statistics 	Determining stats for image ABAur_continuum.clean.JvMcorr_lowres.image
2023-04-12 20:06:55	INFO	imstat::ImageRegion::fromRecord	Selected bounding box : 
2023-04-12 20:06:55	INFO	imstat::ImageRegion::fromRecord+	    [874, 874, 0, 0] to [1174, 1173, 0, 0]  (04:55:46.087, +30.33.00.733, I, 2.26769e+11Hz to 04:55:45.623, +30.33.06.713, I, 2.26769e+11Hz)
2023-04-12 20:06:55	INFO	imstat::ImageStatsCalculator::_logStartup	Statistics calculated using Classic algorithm
2023-04-12 20:06:55	INFO	imstat::ImageStatsCalculator::_logStartup	Regions --- 
2023-04-12 20:06:55	INFO	imstat::ImageStatsCalculator::_logStartup	         -- bottom-left corner (pixel) [blc]:  [874, 874, 0, 0]
2023-04-12 20:06:55	INFO	imstat::ImageStatsCalculator::_logStartup	         -- top-right corner (pixel) [trc]:    [1174, 1173, 0, 0]
2023-04-12 20:06:55	INFO	imstat::ImageStatsCalculator::_logStartup	         -- bottom-left corner (world) [blcf]: 04:55:46.087, +30.33.00.733, I, 2.26769e+11Hz
2023-04-12 20:06:55	INFO	imstat::ImageStatsCalculator::_logStartup	         -- top-right corner (world) [trcf]:   04:55:45.623, +30.33.06.713, I, 2.26769e+11Hz
2023-04-12 20:06:55	INFO	imstat::::	Values --- 
2023-04-12 20:06:55	INFO	imstat::::	         -- flux density [flux]:                    0.0901343 Jy
2023-04-12 20:06:55	INFO	imstat::::	         -- number of points [npts]:                70674
2023-04-12 20:06:55	INFO	imstat::::	         -- maximum value [max]:                    0.0119341 Jy/beam
2023-04-12 20:06:55	INFO	imstat::::	         -- minimum value [min]:                    -1.94756e-05 Jy/beam
2023-04-12 20:06:55	INFO	imstat::::	         -- position of max value (pixel) [maxpos]: [1071, 1022, 0, 0]
2023-04-12 20:06:55	INFO	imstat::::	         -- position of min value (pixel) [minpos]: [921, 930, 0, 0]
2023-04-12 20:06:55	INFO	imstat::::	         -- position of max value (world) [maxposf]: 04:55:45.782, +30.33.03.693, I, 2.26769e+11Hz
2023-04-12 20:06:55	INFO	imstat::::	         -- position of min value (world) [minposf]: 04:55:46.014, +30.33.01.853, I, 2.26769e+11Hz
2023-04-12 20:06:55	INFO	imstat::::	         -- Sum of pixel values [sum]:               103.143 Jy/beam
2023-04-12 20:06:55	INFO	imstat::::	         -- Sum of squared pixel values [sumsq]:     0.530835 Jy/beam.Jy/beam
2023-04-12 20:06:55	INFO	imstat::::	Statistics --- 
2023-04-12 20:06:55	INFO	imstat::::	        -- Mean of the pixel values [mean]:         0.00145943 Jy/beam
2023-04-12 20:06:55	INFO	imstat::::	        -- Variance of the pixel values :           5.38119e-06 Jy/beam
2023-04-12 20:06:55	INFO	imstat::::	        -- Standard deviation of the Mean [sigma]:  0.00231974 Jy/beam
2023-04-12 20:06:55	INFO	imstat::::	        -- Root mean square [rms]:                  0.00274063 Jy/beam
2023-04-12 20:06:55	INFO	imstat::::	        -- Median of the pixel values [median]:     0.000203917 Jy/beam
2023-04-12 20:06:55	INFO	imstat::::	        -- Median of the deviations [medabsdevmed]: 0.000169782 Jy/beam
2023-04-12 20:06:55	INFO	imstat::::	        -- IQR [quartile]:                          0.0020088 Jy/beam
2023-04-12 20:06:55	INFO	imstat::::	        -- First quartile [q1]:                     7.94842e-05 Jy/beam
2023-04-12 20:06:55	INFO	imstat::::	        -- Third quartile [q3]:                     0.00208829 Jy/beam
2023-04-12 20:06:55	INFO	imstat::ImageStatsCalculator::statistics	Sum column unit = Jy/beam
2023-04-12 20:06:55	INFO	imstat::ImageStatsCalculator::statistics+	Mean column unit = Jy/beam
2023-04-12 20:06:55	INFO	imstat::ImageStatsCalculator::statistics+	Std_dev column unit = Jy/beam
2023-04-12 20:06:55	INFO	imstat::ImageStatsCalculator::statistics+	Minimum column unit = Jy/beam
2023-04-12 20:06:55	INFO	imstat::ImageStatsCalculator::statistics+	Maximum column unit = Jy/beam
2023-04-12 20:06:55	INFO	imstat::ImageStatsCalculator::statistics	Npts          Sum           Mean          Rms           Std_dev       Minimum       Maximum     
2023-04-12 20:06:55	INFO	imstat::ImageStatsCalculator::statistics	 7.067400e+04  1.031435e+02  1.459426e-03  2.740627e-03  2.319739e-03 -1.947562e-05  1.193410e-02
2023-04-12 20:06:55	INFO	imstat::::casa	Task imstat complete. Start time: 2023-04-12 20:06:55.410205 End time: 2023-04-12 20:06:55.483948
2023-04-12 20:06:55	INFO	imstat::::casa	##### End Task: imstat               #####
2023-04-12 20:06:55	INFO	imstat::::casa	##########################################
2023-04-12 20:06:55	INFO	imstat::::casa	##########################################
2023-04-12 20:06:55	INFO	imstat::::casa	##### Begin Task: imstat             #####
2023-04-12 20:06:55	INFO	imstat::::casa	imstat( imagename='/lustre/cv/users/jspeedie/data/images_continuum/robust1.5/ABAur_continuum.clean.JvMcorr_lowres.image', axes=[], region="annulus[[04h55m45.8549s, +30.33.03.733],['6.00arcsec', '10.0arcsec']]", box='', chans='', stokes='', listit=True, verbose=True, mask='', stretch=False, logfile='', append=True, algorithm='classic', fence=-1.0, center='mean', lside=True, zscore=-1.0, maxiter=-1, clmethod='auto', niter=3 )
2023-04-12 20:06:56	INFO	imstat::AsciiRegionFileParser::_parse	Combined 1 image regions (which excludes any annotation regions)
2023-04-12 20:06:56	INFO	imstat::AsciiRegionFileParser::_parse	The specified region will select all pixels that are included in the region. Full pixels will be included even when they are only partially covered by the region(s).
2023-04-12 20:06:56	INFO	imstat::CasacRegionManager::fromBCS	Region read from text string annulus[[04h55m45.8549s, +30.33.03.733],['6.00arcsec', '10.0arcsec']]
2023-04-12 20:06:56	INFO	imstat::image::statistics 	Determining stats for image ABAur_continuum.clean.JvMcorr_lowres.image
2023-04-12 20:06:56	INFO	imstat::ImageRegion::fromRecord	Selected bounding box : 
2023-04-12 20:06:56	INFO	imstat::ImageRegion::fromRecord+	    [524, 524, 0, 0] to [1524, 1524, 0, 0]  (04:55:46.629, +30.32.53.733, I, 2.26769e+11Hz to 04:55:45.081, +30.33.13.733, I, 2.26769e+11Hz)
2023-04-12 20:06:56	INFO	imstat::ImageStatsCalculator::_logStartup	Statistics calculated using Classic algorithm
2023-04-12 20:06:56	INFO	imstat::ImageStatsCalculator::_logStartup	Regions --- 
2023-04-12 20:06:56	INFO	imstat::ImageStatsCalculator::_logStartup	         -- bottom-left corner (pixel) [blc]:  [524, 524, 0, 0]
2023-04-12 20:06:56	INFO	imstat::ImageStatsCalculator::_logStartup	         -- top-right corner (pixel) [trc]:    [1524, 1524, 0, 0]
2023-04-12 20:06:56	INFO	imstat::ImageStatsCalculator::_logStartup	         -- bottom-left corner (world) [blcf]: 04:55:46.629, +30.32.53.733, I, 2.26769e+11Hz
2023-04-12 20:06:56	INFO	imstat::ImageStatsCalculator::_logStartup	         -- top-right corner (world) [trcf]:   04:55:45.081, +30.33.13.733, I, 2.26769e+11Hz
2023-04-12 20:06:56	INFO	imstat::::	Values --- 
2023-04-12 20:06:56	INFO	imstat::::	         -- flux density [flux]:                    -0.0131944 Jy
2023-04-12 20:06:56	INFO	imstat::::	         -- number of points [npts]:                502718
2023-04-12 20:06:56	INFO	imstat::::	         -- maximum value [max]:                    8.50212e-05 Jy/beam
2023-04-12 20:06:56	INFO	imstat::::	         -- minimum value [min]:                    -0.000117168 Jy/beam
2023-04-12 20:06:56	INFO	imstat::::	         -- position of max value (pixel) [maxpos]: [1226, 1311, 0, 0]
2023-04-12 20:06:56	INFO	imstat::::	         -- position of min value (pixel) [minpos]: [1489, 1172, 0, 0]
2023-04-12 20:06:56	INFO	imstat::::	         -- position of max value (world) [maxposf]: 04:55:45.542, +30.33.09.473, I, 2.26769e+11Hz
2023-04-12 20:06:56	INFO	imstat::::	         -- position of min value (world) [minposf]: 04:55:45.135, +30.33.06.693, I, 2.26769e+11Hz
2023-04-12 20:06:56	INFO	imstat::::	         -- Sum of pixel values [sum]:               -15.0988 Jy/beam
2023-04-12 20:06:56	INFO	imstat::::	         -- Sum of squared pixel values [sumsq]:     0.000945728 Jy/beam.Jy/beam
2023-04-12 20:06:56	INFO	imstat::::	Statistics --- 
2023-04-12 20:06:56	INFO	imstat::::	        -- Mean of the pixel values [mean]:         -3.00343e-05 Jy/beam
2023-04-12 20:06:56	INFO	imstat::::	        -- Variance of the pixel values :           9.79171e-10 Jy/beam
2023-04-12 20:06:56	INFO	imstat::::	        -- Standard deviation of the Mean [sigma]:  3.12917e-05 Jy/beam
2023-04-12 20:06:56	INFO	imstat::::	        -- Root mean square [rms]:                  4.33731e-05 Jy/beam
2023-04-12 20:06:56	INFO	imstat::::	        -- Median of the pixel values [median]:     -3.83727e-05 Jy/beam
2023-04-12 20:06:56	INFO	imstat::::	        -- Median of the deviations [medabsdevmed]: 1.74192e-05 Jy/beam
2023-04-12 20:06:56	INFO	imstat::::	        -- IQR [quartile]:                          4.03859e-05 Jy/beam
2023-04-12 20:06:56	INFO	imstat::::	        -- First quartile [q1]:                     -5.26049e-05 Jy/beam
2023-04-12 20:06:56	INFO	imstat::::	        -- Third quartile [q3]:                     -1.22191e-05 Jy/beam
2023-04-12 20:06:56	INFO	imstat::ImageStatsCalculator::statistics	Sum column unit = Jy/beam
2023-04-12 20:06:56	INFO	imstat::ImageStatsCalculator::statistics+	Mean column unit = Jy/beam
2023-04-12 20:06:56	INFO	imstat::ImageStatsCalculator::statistics+	Std_dev column unit = Jy/beam
2023-04-12 20:06:56	INFO	imstat::ImageStatsCalculator::statistics+	Minimum column unit = Jy/beam
2023-04-12 20:06:56	INFO	imstat::ImageStatsCalculator::statistics+	Maximum column unit = Jy/beam
2023-04-12 20:06:56	INFO	imstat::ImageStatsCalculator::statistics	Npts          Sum           Mean          Rms           Std_dev       Minimum       Maximum     
2023-04-12 20:06:56	INFO	imstat::ImageStatsCalculator::statistics	 5.027180e+05 -1.509879e+01 -3.003431e-05  4.337314e-05  3.129172e-05 -1.171680e-04  8.502124e-05
2023-04-12 20:06:56	INFO	imstat::::casa	Task imstat complete. Start time: 2023-04-12 20:06:55.487314 End time: 2023-04-12 20:06:55.593672
2023-04-12 20:06:56	INFO	imstat::::casa	##### End Task: imstat               #####
2023-04-12 20:06:56	INFO	imstat::::casa	##########################################
2023-04-12 20:06:56	INFO	imstat::::casa	##########################################
2023-04-12 20:06:56	INFO	imstat::::casa	##### Begin Task: imstat             #####
2023-04-12 20:06:56	INFO	imstat::::casa	imstat( imagename='/lustre/cv/users/jspeedie/data/images_continuum/robust1.5/ABAur_continuum.clean.JvMcorr_lowres.image', axes=[], region='circle[[04h55m45.8549s, +30.33.03.733], 3.0arcsec]', box='', chans='', stokes='', listit=True, verbose=True, mask='', stretch=False, logfile='', append=True, algorithm='classic', fence=-1.0, center='mean', lside=True, zscore=-1.0, maxiter=-1, clmethod='auto', niter=3 )
2023-04-12 20:06:56	INFO	imstat::AsciiRegionFileParser::_parse	Combined 1 image regions (which excludes any annotation regions)
2023-04-12 20:06:56	INFO	imstat::AsciiRegionFileParser::_parse	The specified region will select all pixels that are included in the region. Full pixels will be included even when they are only partially covered by the region(s).
2023-04-12 20:06:56	INFO	imstat::CasacRegionManager::fromBCS	Region read from text string circle[[04h55m45.8549s, +30.33.03.733], 3.0arcsec]
2023-04-12 20:06:56	INFO	imstat::image::statistics 	Determining stats for image ABAur_continuum.clean.JvMcorr_lowres.image
2023-04-12 20:06:56	INFO	imstat::ImageRegion::fromRecord	Selected bounding box : 
2023-04-12 20:06:56	INFO	imstat::ImageRegion::fromRecord+	    [874, 874, 0, 0] to [1174, 1173, 0, 0]  (04:55:46.087, +30.33.00.733, I, 2.26769e+11Hz to 04:55:45.623, +30.33.06.713, I, 2.26769e+11Hz)
2023-04-12 20:06:56	INFO	imstat::ImageStatsCalculator::_logStartup	Statistics calculated using Classic algorithm
2023-04-12 20:06:56	INFO	imstat::ImageStatsCalculator::_logStartup	Regions --- 
2023-04-12 20:06:56	INFO	imstat::ImageStatsCalculator::_logStartup	         -- bottom-left corner (pixel) [blc]:  [874, 874, 0, 0]
2023-04-12 20:06:56	INFO	imstat::ImageStatsCalculator::_logStartup	         -- top-right corner (pixel) [trc]:    [1174, 1173, 0, 0]
2023-04-12 20:06:56	INFO	imstat::ImageStatsCalculator::_logStartup	         -- bottom-left corner (world) [blcf]: 04:55:46.087, +30.33.00.733, I, 2.26769e+11Hz
2023-04-12 20:06:56	INFO	imstat::ImageStatsCalculator::_logStartup	         -- top-right corner (world) [trcf]:   04:55:45.623, +30.33.06.713, I, 2.26769e+11Hz
2023-04-12 20:06:56	INFO	imstat::::	Values --- 
2023-04-12 20:06:56	INFO	imstat::::	         -- flux density [flux]:                    0.0901343 Jy
2023-04-12 20:06:56	INFO	imstat::::	         -- number of points [npts]:                70674
2023-04-12 20:06:56	INFO	imstat::::	         -- maximum value [max]:                    0.0119341 Jy/beam
2023-04-12 20:06:56	INFO	imstat::::	         -- minimum value [min]:                    -1.94756e-05 Jy/beam
2023-04-12 20:06:56	INFO	imstat::::	         -- position of max value (pixel) [maxpos]: [1071, 1022, 0, 0]
2023-04-12 20:06:56	INFO	imstat::::	         -- position of min value (pixel) [minpos]: [921, 930, 0, 0]
2023-04-12 20:06:56	INFO	imstat::::	         -- position of max value (world) [maxposf]: 04:55:45.782, +30.33.03.693, I, 2.26769e+11Hz
2023-04-12 20:06:56	INFO	imstat::::	         -- position of min value (world) [minposf]: 04:55:46.014, +30.33.01.853, I, 2.26769e+11Hz
2023-04-12 20:06:56	INFO	imstat::::	         -- Sum of pixel values [sum]:               103.143 Jy/beam
2023-04-12 20:06:56	INFO	imstat::::	         -- Sum of squared pixel values [sumsq]:     0.530835 Jy/beam.Jy/beam
2023-04-12 20:06:56	INFO	imstat::::	Statistics --- 
2023-04-12 20:06:56	INFO	imstat::::	        -- Mean of the pixel values [mean]:         0.00145943 Jy/beam
2023-04-12 20:06:56	INFO	imstat::::	        -- Variance of the pixel values :           5.38119e-06 Jy/beam
2023-04-12 20:06:56	INFO	imstat::::	        -- Standard deviation of the Mean [sigma]:  0.00231974 Jy/beam
2023-04-12 20:06:56	INFO	imstat::::	        -- Root mean square [rms]:                  0.00274063 Jy/beam
2023-04-12 20:06:56	INFO	imstat::::	        -- Median of the pixel values [median]:     0.000203917 Jy/beam
2023-04-12 20:06:56	INFO	imstat::::	        -- Median of the deviations [medabsdevmed]: 0.000169782 Jy/beam
2023-04-12 20:06:56	INFO	imstat::::	        -- IQR [quartile]:                          0.0020088 Jy/beam
2023-04-12 20:06:56	INFO	imstat::::	        -- First quartile [q1]:                     7.94842e-05 Jy/beam
2023-04-12 20:06:56	INFO	imstat::::	        -- Third quartile [q3]:                     0.00208829 Jy/beam
2023-04-12 20:06:56	INFO	imstat::ImageStatsCalculator::statistics	Sum column unit = Jy/beam
2023-04-12 20:06:56	INFO	imstat::ImageStatsCalculator::statistics+	Mean column unit = Jy/beam
2023-04-12 20:06:56	INFO	imstat::ImageStatsCalculator::statistics+	Std_dev column unit = Jy/beam
2023-04-12 20:06:56	INFO	imstat::ImageStatsCalculator::statistics+	Minimum column unit = Jy/beam
2023-04-12 20:06:56	INFO	imstat::ImageStatsCalculator::statistics+	Maximum column unit = Jy/beam
2023-04-12 20:06:56	INFO	imstat::ImageStatsCalculator::statistics	Npts          Sum           Mean          Rms           Std_dev       Minimum       Maximum     
2023-04-12 20:06:56	INFO	imstat::ImageStatsCalculator::statistics	 7.067400e+04  1.031435e+02  1.459426e-03  2.740627e-03  2.319739e-03 -1.947562e-05  1.193410e-02
2023-04-12 20:06:56	INFO	imstat::::casa	Task imstat complete. Start time: 2023-04-12 20:06:55.599326 End time: 2023-04-12 20:06:55.682438
2023-04-12 20:06:56	INFO	imstat::::casa	##### End Task: imstat               #####
2023-04-12 20:06:56	INFO	imstat::::casa	##########################################
2023-04-12 20:06:56	INFO	imstat::::casa	##########################################
2023-04-12 20:06:56	INFO	imstat::::casa	##### Begin Task: imstat             #####
2023-04-12 20:06:56	INFO	imstat::::casa	imstat( imagename='/lustre/cv/users/jspeedie/data/images_continuum/robust1.5/ABAur_continuum.clean.JvMcorr_lowres.image', axes=[], region="annulus[[04h55m45.8549s, +30.33.03.733],['6.00arcsec', '10.0arcsec']]", box='', chans='', stokes='', listit=True, verbose=True, mask='', stretch=False, logfile='', append=True, algorithm='classic', fence=-1.0, center='mean', lside=True, zscore=-1.0, maxiter=-1, clmethod='auto', niter=3 )
2023-04-12 20:06:56	INFO	imstat::AsciiRegionFileParser::_parse	Combined 1 image regions (which excludes any annotation regions)
2023-04-12 20:06:56	INFO	imstat::AsciiRegionFileParser::_parse	The specified region will select all pixels that are included in the region. Full pixels will be included even when they are only partially covered by the region(s).
2023-04-12 20:06:56	INFO	imstat::CasacRegionManager::fromBCS	Region read from text string annulus[[04h55m45.8549s, +30.33.03.733],['6.00arcsec', '10.0arcsec']]
2023-04-12 20:06:56	INFO	imstat::image::statistics 	Determining stats for image ABAur_continuum.clean.JvMcorr_lowres.image
2023-04-12 20:06:56	INFO	imstat::ImageRegion::fromRecord	Selected bounding box : 
2023-04-12 20:06:56	INFO	imstat::ImageRegion::fromRecord+	    [524, 524, 0, 0] to [1524, 1524, 0, 0]  (04:55:46.629, +30.32.53.733, I, 2.26769e+11Hz to 04:55:45.081, +30.33.13.733, I, 2.26769e+11Hz)
2023-04-12 20:06:56	INFO	imstat::ImageStatsCalculator::_logStartup	Statistics calculated using Classic algorithm
2023-04-12 20:06:56	INFO	imstat::ImageStatsCalculator::_logStartup	Regions --- 
2023-04-12 20:06:56	INFO	imstat::ImageStatsCalculator::_logStartup	         -- bottom-left corner (pixel) [blc]:  [524, 524, 0, 0]
2023-04-12 20:06:56	INFO	imstat::ImageStatsCalculator::_logStartup	         -- top-right corner (pixel) [trc]:    [1524, 1524, 0, 0]
2023-04-12 20:06:56	INFO	imstat::ImageStatsCalculator::_logStartup	         -- bottom-left corner (world) [blcf]: 04:55:46.629, +30.32.53.733, I, 2.26769e+11Hz
2023-04-12 20:06:56	INFO	imstat::ImageStatsCalculator::_logStartup	         -- top-right corner (world) [trcf]:   04:55:45.081, +30.33.13.733, I, 2.26769e+11Hz
2023-04-12 20:06:56	INFO	imstat::::	Values --- 
2023-04-12 20:06:56	INFO	imstat::::	         -- flux density [flux]:                    -0.0131944 Jy
2023-04-12 20:06:56	INFO	imstat::::	         -- number of points [npts]:                502718
2023-04-12 20:06:56	INFO	imstat::::	         -- maximum value [max]:                    8.50212e-05 Jy/beam
2023-04-12 20:06:56	INFO	imstat::::	         -- minimum value [min]:                    -0.000117168 Jy/beam
2023-04-12 20:06:56	INFO	imstat::::	         -- position of max value (pixel) [maxpos]: [1226, 1311, 0, 0]
2023-04-12 20:06:56	INFO	imstat::::	         -- position of min value (pixel) [minpos]: [1489, 1172, 0, 0]
2023-04-12 20:06:56	INFO	imstat::::	         -- position of max value (world) [maxposf]: 04:55:45.542, +30.33.09.473, I, 2.26769e+11Hz
2023-04-12 20:06:56	INFO	imstat::::	         -- position of min value (world) [minposf]: 04:55:45.135, +30.33.06.693, I, 2.26769e+11Hz
2023-04-12 20:06:56	INFO	imstat::::	         -- Sum of pixel values [sum]:               -15.0988 Jy/beam
2023-04-12 20:06:56	INFO	imstat::::	         -- Sum of squared pixel values [sumsq]:     0.000945728 Jy/beam.Jy/beam
2023-04-12 20:06:56	INFO	imstat::::	Statistics --- 
2023-04-12 20:06:56	INFO	imstat::::	        -- Mean of the pixel values [mean]:         -3.00343e-05 Jy/beam
2023-04-12 20:06:56	INFO	imstat::::	        -- Variance of the pixel values :           9.79171e-10 Jy/beam
2023-04-12 20:06:56	INFO	imstat::::	        -- Standard deviation of the Mean [sigma]:  3.12917e-05 Jy/beam
2023-04-12 20:06:56	INFO	imstat::::	        -- Root mean square [rms]:                  4.33731e-05 Jy/beam
2023-04-12 20:06:56	INFO	imstat::::	        -- Median of the pixel values [median]:     -3.83727e-05 Jy/beam
2023-04-12 20:06:56	INFO	imstat::::	        -- Median of the deviations [medabsdevmed]: 1.74192e-05 Jy/beam
2023-04-12 20:06:56	INFO	imstat::::	        -- IQR [quartile]:                          4.03859e-05 Jy/beam
2023-04-12 20:06:56	INFO	imstat::::	        -- First quartile [q1]:                     -5.26049e-05 Jy/beam
2023-04-12 20:06:56	INFO	imstat::::	        -- Third quartile [q3]:                     -1.22191e-05 Jy/beam
2023-04-12 20:06:56	INFO	imstat::ImageStatsCalculator::statistics	Sum column unit = Jy/beam
2023-04-12 20:06:56	INFO	imstat::ImageStatsCalculator::statistics+	Mean column unit = Jy/beam
2023-04-12 20:06:56	INFO	imstat::ImageStatsCalculator::statistics+	Std_dev column unit = Jy/beam
2023-04-12 20:06:56	INFO	imstat::ImageStatsCalculator::statistics+	Minimum column unit = Jy/beam
2023-04-12 20:06:56	INFO	imstat::ImageStatsCalculator::statistics+	Maximum column unit = Jy/beam
2023-04-12 20:06:56	INFO	imstat::ImageStatsCalculator::statistics	Npts          Sum           Mean          Rms           Std_dev       Minimum       Maximum     
2023-04-12 20:06:56	INFO	imstat::ImageStatsCalculator::statistics	 5.027180e+05 -1.509879e+01 -3.003431e-05  4.337314e-05  3.129172e-05 -1.171680e-04  8.502124e-05
2023-04-12 20:06:56	INFO	imstat::::casa	Task imstat complete. Start time: 2023-04-12 20:06:55.686079 End time: 2023-04-12 20:06:55.773113
2023-04-12 20:06:56	INFO	imstat::::casa	##### End Task: imstat               #####
2023-04-12 20:06:56	INFO	imstat::::casa	##########################################
2023-04-12 20:06:56	INFO	imstat::::casa	##########################################
2023-04-12 20:06:56	INFO	imstat::::casa	##### Begin Task: imstat             #####
2023-04-12 20:06:56	INFO	imstat::::casa	imstat( imagename='/lustre/cv/users/jspeedie/data/images_continuum/robust1.5/ABAur_continuum.clean.image.pbcor', axes=[], region='circle[[04h55m45.8549s, +30.33.03.733], 3.0arcsec]', box='', chans='', stokes='', listit=True, verbose=True, mask='', stretch=False, logfile='', append=True, algorithm='classic', fence=-1.0, center='mean', lside=True, zscore=-1.0, maxiter=-1, clmethod='auto', niter=3 )
2023-04-12 20:06:56	INFO	imstat::AsciiRegionFileParser::_parse	Combined 1 image regions (which excludes any annotation regions)
2023-04-12 20:06:56	INFO	imstat::AsciiRegionFileParser::_parse	The specified region will select all pixels that are included in the region. Full pixels will be included even when they are only partially covered by the region(s).
2023-04-12 20:06:56	INFO	imstat::CasacRegionManager::fromBCS	Region read from text string circle[[04h55m45.8549s, +30.33.03.733], 3.0arcsec]
2023-04-12 20:06:56	INFO	imstat::image::statistics 	Determining stats for image ABAur_continuum.clean.image.pbcor
2023-04-12 20:06:56	INFO	imstat::ImageRegion::fromRecord	Selected bounding box : 
2023-04-12 20:06:56	INFO	imstat::ImageRegion::fromRecord+	    [874, 874, 0, 0] to [1174, 1173, 0, 0]  (04:55:46.087, +30.33.00.733, I, 2.26769e+11Hz to 04:55:45.623, +30.33.06.713, I, 2.26769e+11Hz)
2023-04-12 20:06:56	INFO	imstat::ImageStatsCalculator::_logStartup	Statistics calculated using Classic algorithm
2023-04-12 20:06:56	INFO	imstat::ImageStatsCalculator::_logStartup	Regions --- 
2023-04-12 20:06:56	INFO	imstat::ImageStatsCalculator::_logStartup	         -- bottom-left corner (pixel) [blc]:  [874, 874, 0, 0]
2023-04-12 20:06:56	INFO	imstat::ImageStatsCalculator::_logStartup	         -- top-right corner (pixel) [trc]:    [1174, 1173, 0, 0]
2023-04-12 20:06:56	INFO	imstat::ImageStatsCalculator::_logStartup	         -- bottom-left corner (world) [blcf]: 04:55:46.087, +30.33.00.733, I, 2.26769e+11Hz
2023-04-12 20:06:56	INFO	imstat::ImageStatsCalculator::_logStartup	         -- top-right corner (world) [trcf]:   04:55:45.623, +30.33.06.713, I, 2.26769e+11Hz
2023-04-12 20:06:56	INFO	imstat::::	Values --- 
2023-04-12 20:06:56	INFO	imstat::::	         -- flux density [flux]:                    0.117601 Jy
2023-04-12 20:06:56	INFO	imstat::::	         -- number of points [npts]:                70674
2023-04-12 20:06:56	INFO	imstat::::	         -- maximum value [max]:                    0.00593363 Jy/beam
2023-04-12 20:06:56	INFO	imstat::::	         -- minimum value [min]:                    -1.98384e-05 Jy/beam
2023-04-12 20:06:56	INFO	imstat::::	         -- position of max value (pixel) [maxpos]: [1070, 1011, 0, 0]
2023-04-12 20:06:56	INFO	imstat::::	         -- position of min value (pixel) [minpos]: [921, 930, 0, 0]
2023-04-12 20:06:56	INFO	imstat::::	         -- position of max value (world) [maxposf]: 04:55:45.784, +30.33.03.473, I, 2.26769e+11Hz
2023-04-12 20:06:56	INFO	imstat::::	         -- position of min value (world) [minposf]: 04:55:46.014, +30.33.01.853, I, 2.26769e+11Hz
2023-04-12 20:06:56	INFO	imstat::::	         -- Sum of pixel values [sum]:               45.5263 Jy/beam
2023-04-12 20:06:56	INFO	imstat::::	         -- Sum of squared pixel values [sumsq]:     0.101029 Jy/beam.Jy/beam
2023-04-12 20:06:56	INFO	imstat::::	Statistics --- 
2023-04-12 20:06:56	INFO	imstat::::	        -- Mean of the pixel values [mean]:         0.000644173 Jy/beam
2023-04-12 20:06:56	INFO	imstat::::	        -- Variance of the pixel values :           1.01456e-06 Jy/beam
2023-04-12 20:06:56	INFO	imstat::::	        -- Standard deviation of the Mean [sigma]:  0.00100725 Jy/beam
2023-04-12 20:06:56	INFO	imstat::::	        -- Root mean square [rms]:                  0.00119562 Jy/beam
2023-04-12 20:06:56	INFO	imstat::::	        -- Median of the pixel values [median]:     0.000183532 Jy/beam
2023-04-12 20:06:56	INFO	imstat::::	        -- Median of the deviations [medabsdevmed]: 0.000136289 Jy/beam
2023-04-12 20:06:56	INFO	imstat::::	        -- IQR [quartile]:                          0.000615871 Jy/beam
2023-04-12 20:06:56	INFO	imstat::::	        -- First quartile [q1]:                     8.04239e-05 Jy/beam
2023-04-12 20:06:56	INFO	imstat::::	        -- Third quartile [q3]:                     0.000696295 Jy/beam
2023-04-12 20:06:56	INFO	imstat::ImageStatsCalculator::statistics	Sum column unit = Jy/beam
2023-04-12 20:06:56	INFO	imstat::ImageStatsCalculator::statistics+	Mean column unit = Jy/beam
2023-04-12 20:06:56	INFO	imstat::ImageStatsCalculator::statistics+	Std_dev column unit = Jy/beam
2023-04-12 20:06:56	INFO	imstat::ImageStatsCalculator::statistics+	Minimum column unit = Jy/beam
2023-04-12 20:06:56	INFO	imstat::ImageStatsCalculator::statistics+	Maximum column unit = Jy/beam
2023-04-12 20:06:56	INFO	imstat::ImageStatsCalculator::statistics	Npts          Sum           Mean          Rms           Std_dev       Minimum       Maximum     
2023-04-12 20:06:56	INFO	imstat::ImageStatsCalculator::statistics	 7.067400e+04  4.552628e+01  6.441729e-04  1.195620e-03  1.007255e-03 -1.983845e-05  5.933627e-03
2023-04-12 20:06:56	INFO	imstat::::casa	Task imstat complete. Start time: 2023-04-12 20:06:55.777236 End time: 2023-04-12 20:06:55.803034
2023-04-12 20:06:56	INFO	imstat::::casa	##### End Task: imstat               #####
2023-04-12 20:06:56	INFO	imstat::::casa	##########################################
2023-04-12 20:06:56	INFO	imstat::::casa	##########################################
2023-04-12 20:06:56	INFO	imstat::::casa	##### Begin Task: imstat             #####
2023-04-12 20:06:56	INFO	imstat::::casa	imstat( imagename='/lustre/cv/users/jspeedie/data/images_continuum/robust1.5/ABAur_continuum.clean.image.pbcor', axes=[], region='circle[[04h55m45.8549s, +30.33.03.733], 3.0arcsec]', box='', chans='', stokes='', listit=True, verbose=True, mask='', stretch=False, logfile='', append=True, algorithm='classic', fence=-1.0, center='mean', lside=True, zscore=-1.0, maxiter=-1, clmethod='auto', niter=3 )
2023-04-12 20:06:56	INFO	imstat::AsciiRegionFileParser::_parse	Combined 1 image regions (which excludes any annotation regions)
2023-04-12 20:06:56	INFO	imstat::AsciiRegionFileParser::_parse	The specified region will select all pixels that are included in the region. Full pixels will be included even when they are only partially covered by the region(s).
2023-04-12 20:06:56	INFO	imstat::CasacRegionManager::fromBCS	Region read from text string circle[[04h55m45.8549s, +30.33.03.733], 3.0arcsec]
2023-04-12 20:06:56	INFO	imstat::image::statistics 	Determining stats for image ABAur_continuum.clean.image.pbcor
2023-04-12 20:06:56	INFO	imstat::ImageRegion::fromRecord	Selected bounding box : 
2023-04-12 20:06:56	INFO	imstat::ImageRegion::fromRecord+	    [874, 874, 0, 0] to [1174, 1173, 0, 0]  (04:55:46.087, +30.33.00.733, I, 2.26769e+11Hz to 04:55:45.623, +30.33.06.713, I, 2.26769e+11Hz)
2023-04-12 20:06:56	INFO	imstat::ImageStatsCalculator::_logStartup	Statistics calculated using Classic algorithm
2023-04-12 20:06:56	INFO	imstat::ImageStatsCalculator::_logStartup	Regions --- 
2023-04-12 20:06:56	INFO	imstat::ImageStatsCalculator::_logStartup	         -- bottom-left corner (pixel) [blc]:  [874, 874, 0, 0]
2023-04-12 20:06:56	INFO	imstat::ImageStatsCalculator::_logStartup	         -- top-right corner (pixel) [trc]:    [1174, 1173, 0, 0]
2023-04-12 20:06:56	INFO	imstat::ImageStatsCalculator::_logStartup	         -- bottom-left corner (world) [blcf]: 04:55:46.087, +30.33.00.733, I, 2.26769e+11Hz
2023-04-12 20:06:56	INFO	imstat::ImageStatsCalculator::_logStartup	         -- top-right corner (world) [trcf]:   04:55:45.623, +30.33.06.713, I, 2.26769e+11Hz
2023-04-12 20:06:56	INFO	imstat::::	Values --- 
2023-04-12 20:06:56	INFO	imstat::::	         -- flux density [flux]:                    0.117601 Jy
2023-04-12 20:06:56	INFO	imstat::::	         -- number of points [npts]:                70674
2023-04-12 20:06:56	INFO	imstat::::	         -- maximum value [max]:                    0.00593363 Jy/beam
2023-04-12 20:06:56	INFO	imstat::::	         -- minimum value [min]:                    -1.98384e-05 Jy/beam
2023-04-12 20:06:56	INFO	imstat::::	         -- position of max value (pixel) [maxpos]: [1070, 1011, 0, 0]
2023-04-12 20:06:56	INFO	imstat::::	         -- position of min value (pixel) [minpos]: [921, 930, 0, 0]
2023-04-12 20:06:56	INFO	imstat::::	         -- position of max value (world) [maxposf]: 04:55:45.784, +30.33.03.473, I, 2.26769e+11Hz
2023-04-12 20:06:56	INFO	imstat::::	         -- position of min value (world) [minposf]: 04:55:46.014, +30.33.01.853, I, 2.26769e+11Hz
2023-04-12 20:06:56	INFO	imstat::::	         -- Sum of pixel values [sum]:               45.5263 Jy/beam
2023-04-12 20:06:56	INFO	imstat::::	         -- Sum of squared pixel values [sumsq]:     0.101029 Jy/beam.Jy/beam
2023-04-12 20:06:56	INFO	imstat::::	Statistics --- 
2023-04-12 20:06:56	INFO	imstat::::	        -- Mean of the pixel values [mean]:         0.000644173 Jy/beam
2023-04-12 20:06:56	INFO	imstat::::	        -- Variance of the pixel values :           1.01456e-06 Jy/beam
2023-04-12 20:06:56	INFO	imstat::::	        -- Standard deviation of the Mean [sigma]:  0.00100725 Jy/beam
2023-04-12 20:06:56	INFO	imstat::::	        -- Root mean square [rms]:                  0.00119562 Jy/beam
2023-04-12 20:06:56	INFO	imstat::::	        -- Median of the pixel values [median]:     0.000183532 Jy/beam
2023-04-12 20:06:56	INFO	imstat::::	        -- Median of the deviations [medabsdevmed]: 0.000136289 Jy/beam
2023-04-12 20:06:56	INFO	imstat::::	        -- IQR [quartile]:                          0.000615871 Jy/beam
2023-04-12 20:06:56	INFO	imstat::::	        -- First quartile [q1]:                     8.04239e-05 Jy/beam
2023-04-12 20:06:56	INFO	imstat::::	        -- Third quartile [q3]:                     0.000696295 Jy/beam
2023-04-12 20:06:56	INFO	imstat::ImageStatsCalculator::statistics	Sum column unit = Jy/beam
2023-04-12 20:06:56	INFO	imstat::ImageStatsCalculator::statistics+	Mean column unit = Jy/beam
2023-04-12 20:06:56	INFO	imstat::ImageStatsCalculator::statistics+	Std_dev column unit = Jy/beam
2023-04-12 20:06:56	INFO	imstat::ImageStatsCalculator::statistics+	Minimum column unit = Jy/beam
2023-04-12 20:06:56	INFO	imstat::ImageStatsCalculator::statistics+	Maximum column unit = Jy/beam
2023-04-12 20:06:56	INFO	imstat::ImageStatsCalculator::statistics	Npts          Sum           Mean          Rms           Std_dev       Minimum       Maximum     
2023-04-12 20:06:56	INFO	imstat::ImageStatsCalculator::statistics	 7.067400e+04  4.552628e+01  6.441729e-04  1.195620e-03  1.007255e-03 -1.983845e-05  5.933627e-03
2023-04-12 20:06:56	INFO	imstat::::casa	Task imstat complete. Start time: 2023-04-12 20:06:55.806536 End time: 2023-04-12 20:06:55.903148
2023-04-12 20:06:56	INFO	imstat::::casa	##### End Task: imstat               #####
2023-04-12 20:06:56	INFO	imstat::::casa	##########################################
2023-04-12 20:06:56	INFO	imstat::::casa	##########################################
2023-04-12 20:06:56	INFO	imstat::::casa	##### Begin Task: imstat             #####
2023-04-12 20:06:56	INFO	imstat::::casa	imstat( imagename='/lustre/cv/users/jspeedie/data/images_continuum/robust1.5/ABAur_continuum.clean.image.pbcor', axes=[], region="annulus[[04h55m45.8549s, +30.33.03.733],['6.00arcsec', '10.0arcsec']]", box='', chans='', stokes='', listit=True, verbose=True, mask='', stretch=False, logfile='', append=True, algorithm='classic', fence=-1.0, center='mean', lside=True, zscore=-1.0, maxiter=-1, clmethod='auto', niter=3 )
2023-04-12 20:06:56	INFO	imstat::AsciiRegionFileParser::_parse	Combined 1 image regions (which excludes any annotation regions)
2023-04-12 20:06:56	INFO	imstat::AsciiRegionFileParser::_parse	The specified region will select all pixels that are included in the region. Full pixels will be included even when they are only partially covered by the region(s).
2023-04-12 20:06:56	INFO	imstat::CasacRegionManager::fromBCS	Region read from text string annulus[[04h55m45.8549s, +30.33.03.733],['6.00arcsec', '10.0arcsec']]
2023-04-12 20:06:56	INFO	imstat::image::statistics 	Determining stats for image ABAur_continuum.clean.image.pbcor
2023-04-12 20:06:56	INFO	imstat::ImageRegion::fromRecord	Selected bounding box : 
2023-04-12 20:06:56	INFO	imstat::ImageRegion::fromRecord+	    [524, 524, 0, 0] to [1524, 1524, 0, 0]  (04:55:46.629, +30.32.53.733, I, 2.26769e+11Hz to 04:55:45.081, +30.33.13.733, I, 2.26769e+11Hz)
2023-04-12 20:06:56	INFO	imstat::ImageStatsCalculator::_logStartup	Statistics calculated using Classic algorithm
2023-04-12 20:06:56	INFO	imstat::ImageStatsCalculator::_logStartup	Regions --- 
2023-04-12 20:06:56	INFO	imstat::ImageStatsCalculator::_logStartup	         -- bottom-left corner (pixel) [blc]:  [524, 524, 0, 0]
2023-04-12 20:06:56	INFO	imstat::ImageStatsCalculator::_logStartup	         -- top-right corner (pixel) [trc]:    [1524, 1524, 0, 0]
2023-04-12 20:06:56	INFO	imstat::ImageStatsCalculator::_logStartup	         -- bottom-left corner (world) [blcf]: 04:55:46.629, +30.32.53.733, I, 2.26769e+11Hz
2023-04-12 20:06:56	INFO	imstat::ImageStatsCalculator::_logStartup	         -- top-right corner (world) [trcf]:   04:55:45.081, +30.33.13.733, I, 2.26769e+11Hz
2023-04-12 20:06:56	INFO	imstat::::	Values --- 
2023-04-12 20:06:56	INFO	imstat::::	         -- flux density [flux]:                    -0.0499049 Jy
2023-04-12 20:06:56	INFO	imstat::::	         -- number of points [npts]:                502718
2023-04-12 20:06:56	INFO	imstat::::	         -- maximum value [max]:                    0.000112384 Jy/beam
2023-04-12 20:06:56	INFO	imstat::::	         -- minimum value [min]:                    -0.000168476 Jy/beam
2023-04-12 20:06:56	INFO	imstat::::	         -- position of max value (pixel) [maxpos]: [774, 607, 0, 0]
2023-04-12 20:06:56	INFO	imstat::::	         -- position of min value (pixel) [minpos]: [1489, 1172, 0, 0]
2023-04-12 20:06:56	INFO	imstat::::	         -- position of max value (world) [maxposf]: 04:55:46.242, +30.32.55.393, I, 2.26769e+11Hz
2023-04-12 20:06:56	INFO	imstat::::	         -- position of min value (world) [minposf]: 04:55:45.135, +30.33.06.693, I, 2.26769e+11Hz
2023-04-12 20:06:56	INFO	imstat::::	         -- Sum of pixel values [sum]:               -19.3195 Jy/beam
2023-04-12 20:06:56	INFO	imstat::::	         -- Sum of squared pixel values [sumsq]:     0.00155813 Jy/beam.Jy/beam
2023-04-12 20:06:56	INFO	imstat::::	Statistics --- 
2023-04-12 20:06:56	INFO	imstat::::	        -- Mean of the pixel values [mean]:         -3.843e-05 Jy/beam
2023-04-12 20:06:56	INFO	imstat::::	        -- Variance of the pixel values :           1.62255e-09 Jy/beam
2023-04-12 20:06:56	INFO	imstat::::	        -- Standard deviation of the Mean [sigma]:  4.02809e-05 Jy/beam
2023-04-12 20:06:56	INFO	imstat::::	        -- Root mean square [rms]:                  5.56724e-05 Jy/beam
2023-04-12 20:06:56	INFO	imstat::::	        -- Median of the pixel values [median]:     -4.90632e-05 Jy/beam
2023-04-12 20:06:56	INFO	imstat::::	        -- Median of the deviations [medabsdevmed]: 2.17567e-05 Jy/beam
2023-04-12 20:06:56	INFO	imstat::::	        -- IQR [quartile]:                          5.06876e-05 Jy/beam
2023-04-12 20:06:56	INFO	imstat::::	        -- First quartile [q1]:                     -6.68438e-05 Jy/beam
2023-04-12 20:06:56	INFO	imstat::::	        -- Third quartile [q3]:                     -1.61562e-05 Jy/beam
2023-04-12 20:06:56	INFO	imstat::ImageStatsCalculator::statistics	Sum column unit = Jy/beam
2023-04-12 20:06:56	INFO	imstat::ImageStatsCalculator::statistics+	Mean column unit = Jy/beam
2023-04-12 20:06:56	INFO	imstat::ImageStatsCalculator::statistics+	Std_dev column unit = Jy/beam
2023-04-12 20:06:56	INFO	imstat::ImageStatsCalculator::statistics+	Minimum column unit = Jy/beam
2023-04-12 20:06:56	INFO	imstat::ImageStatsCalculator::statistics+	Maximum column unit = Jy/beam
2023-04-12 20:06:56	INFO	imstat::ImageStatsCalculator::statistics	Npts          Sum           Mean          Rms           Std_dev       Minimum       Maximum     
2023-04-12 20:06:56	INFO	imstat::ImageStatsCalculator::statistics	 5.027180e+05 -1.931947e+01 -3.843003e-05  5.567238e-05  4.028089e-05 -1.684755e-04  1.123837e-04
2023-04-12 20:06:56	INFO	imstat::::casa	Task imstat complete. Start time: 2023-04-12 20:06:55.906767 End time: 2023-04-12 20:06:55.982641
2023-04-12 20:06:56	INFO	imstat::::casa	##### End Task: imstat               #####
2023-04-12 20:06:56	INFO	imstat::::casa	##########################################
2023-04-12 20:06:56	INFO	imstat::::casa	##########################################
2023-04-12 20:06:56	INFO	imstat::::casa	##### Begin Task: imstat             #####
2023-04-12 20:06:56	INFO	imstat::::casa	imstat( imagename='/lustre/cv/users/jspeedie/data/images_continuum/robust1.5/ABAur_continuum.clean.image.pbcor', axes=[], region='circle[[04h55m45.8549s, +30.33.03.733], 3.0arcsec]', box='', chans='', stokes='', listit=True, verbose=True, mask='', stretch=False, logfile='', append=True, algorithm='classic', fence=-1.0, center='mean', lside=True, zscore=-1.0, maxiter=-1, clmethod='auto', niter=3 )
2023-04-12 20:06:56	INFO	imstat::AsciiRegionFileParser::_parse	Combined 1 image regions (which excludes any annotation regions)
2023-04-12 20:06:56	INFO	imstat::AsciiRegionFileParser::_parse	The specified region will select all pixels that are included in the region. Full pixels will be included even when they are only partially covered by the region(s).
2023-04-12 20:06:56	INFO	imstat::CasacRegionManager::fromBCS	Region read from text string circle[[04h55m45.8549s, +30.33.03.733], 3.0arcsec]
2023-04-12 20:06:56	INFO	imstat::image::statistics 	Determining stats for image ABAur_continuum.clean.image.pbcor
2023-04-12 20:06:56	INFO	imstat::ImageRegion::fromRecord	Selected bounding box : 
2023-04-12 20:06:56	INFO	imstat::ImageRegion::fromRecord+	    [874, 874, 0, 0] to [1174, 1173, 0, 0]  (04:55:46.087, +30.33.00.733, I, 2.26769e+11Hz to 04:55:45.623, +30.33.06.713, I, 2.26769e+11Hz)
2023-04-12 20:06:56	INFO	imstat::ImageStatsCalculator::_logStartup	Statistics calculated using Classic algorithm
2023-04-12 20:06:56	INFO	imstat::ImageStatsCalculator::_logStartup	Regions --- 
2023-04-12 20:06:56	INFO	imstat::ImageStatsCalculator::_logStartup	         -- bottom-left corner (pixel) [blc]:  [874, 874, 0, 0]
2023-04-12 20:06:56	INFO	imstat::ImageStatsCalculator::_logStartup	         -- top-right corner (pixel) [trc]:    [1174, 1173, 0, 0]
2023-04-12 20:06:56	INFO	imstat::ImageStatsCalculator::_logStartup	         -- bottom-left corner (world) [blcf]: 04:55:46.087, +30.33.00.733, I, 2.26769e+11Hz
2023-04-12 20:06:56	INFO	imstat::ImageStatsCalculator::_logStartup	         -- top-right corner (world) [trcf]:   04:55:45.623, +30.33.06.713, I, 2.26769e+11Hz
2023-04-12 20:06:56	INFO	imstat::::	Values --- 
2023-04-12 20:06:56	INFO	imstat::::	         -- flux density [flux]:                    0.117601 Jy
2023-04-12 20:06:56	INFO	imstat::::	         -- number of points [npts]:                70674
2023-04-12 20:06:56	INFO	imstat::::	         -- maximum value [max]:                    0.00593363 Jy/beam
2023-04-12 20:06:56	INFO	imstat::::	         -- minimum value [min]:                    -1.98384e-05 Jy/beam
2023-04-12 20:06:56	INFO	imstat::::	         -- position of max value (pixel) [maxpos]: [1070, 1011, 0, 0]
2023-04-12 20:06:56	INFO	imstat::::	         -- position of min value (pixel) [minpos]: [921, 930, 0, 0]
2023-04-12 20:06:56	INFO	imstat::::	         -- position of max value (world) [maxposf]: 04:55:45.784, +30.33.03.473, I, 2.26769e+11Hz
2023-04-12 20:06:56	INFO	imstat::::	         -- position of min value (world) [minposf]: 04:55:46.014, +30.33.01.853, I, 2.26769e+11Hz
2023-04-12 20:06:56	INFO	imstat::::	         -- Sum of pixel values [sum]:               45.5263 Jy/beam
2023-04-12 20:06:56	INFO	imstat::::	         -- Sum of squared pixel values [sumsq]:     0.101029 Jy/beam.Jy/beam
2023-04-12 20:06:56	INFO	imstat::::	Statistics --- 
2023-04-12 20:06:56	INFO	imstat::::	        -- Mean of the pixel values [mean]:         0.000644173 Jy/beam
2023-04-12 20:06:56	INFO	imstat::::	        -- Variance of the pixel values :           1.01456e-06 Jy/beam
2023-04-12 20:06:56	INFO	imstat::::	        -- Standard deviation of the Mean [sigma]:  0.00100725 Jy/beam
2023-04-12 20:06:56	INFO	imstat::::	        -- Root mean square [rms]:                  0.00119562 Jy/beam
2023-04-12 20:06:56	INFO	imstat::::	        -- Median of the pixel values [median]:     0.000183532 Jy/beam
2023-04-12 20:06:56	INFO	imstat::::	        -- Median of the deviations [medabsdevmed]: 0.000136289 Jy/beam
2023-04-12 20:06:56	INFO	imstat::::	        -- IQR [quartile]:                          0.000615871 Jy/beam
2023-04-12 20:06:56	INFO	imstat::::	        -- First quartile [q1]:                     8.04239e-05 Jy/beam
2023-04-12 20:06:56	INFO	imstat::::	        -- Third quartile [q3]:                     0.000696295 Jy/beam
2023-04-12 20:06:56	INFO	imstat::ImageStatsCalculator::statistics	Sum column unit = Jy/beam
2023-04-12 20:06:56	INFO	imstat::ImageStatsCalculator::statistics+	Mean column unit = Jy/beam
2023-04-12 20:06:56	INFO	imstat::ImageStatsCalculator::statistics+	Std_dev column unit = Jy/beam
2023-04-12 20:06:56	INFO	imstat::ImageStatsCalculator::statistics+	Minimum column unit = Jy/beam
2023-04-12 20:06:56	INFO	imstat::ImageStatsCalculator::statistics+	Maximum column unit = Jy/beam
2023-04-12 20:06:56	INFO	imstat::ImageStatsCalculator::statistics	Npts          Sum           Mean          Rms           Std_dev       Minimum       Maximum     
2023-04-12 20:06:56	INFO	imstat::ImageStatsCalculator::statistics	 7.067400e+04  4.552628e+01  6.441729e-04  1.195620e-03  1.007255e-03 -1.983845e-05  5.933627e-03
2023-04-12 20:06:56	INFO	imstat::::casa	Task imstat complete. Start time: 2023-04-12 20:06:55.989690 End time: 2023-04-12 20:06:56.047004
2023-04-12 20:06:56	INFO	imstat::::casa	##### End Task: imstat               #####
2023-04-12 20:06:56	INFO	imstat::::casa	##########################################
2023-04-12 20:06:56	INFO	imstat::::casa	##########################################
2023-04-12 20:06:56	INFO	imstat::::casa	##### Begin Task: imstat             #####
2023-04-12 20:06:56	INFO	imstat::::casa	imstat( imagename='/lustre/cv/users/jspeedie/data/images_continuum/robust1.5/ABAur_continuum.clean.image.pbcor', axes=[], region="annulus[[04h55m45.8549s, +30.33.03.733],['6.00arcsec', '10.0arcsec']]", box='', chans='', stokes='', listit=True, verbose=True, mask='', stretch=False, logfile='', append=True, algorithm='classic', fence=-1.0, center='mean', lside=True, zscore=-1.0, maxiter=-1, clmethod='auto', niter=3 )
2023-04-12 20:06:56	INFO	imstat::AsciiRegionFileParser::_parse	Combined 1 image regions (which excludes any annotation regions)
2023-04-12 20:06:56	INFO	imstat::AsciiRegionFileParser::_parse	The specified region will select all pixels that are included in the region. Full pixels will be included even when they are only partially covered by the region(s).
2023-04-12 20:06:56	INFO	imstat::CasacRegionManager::fromBCS	Region read from text string annulus[[04h55m45.8549s, +30.33.03.733],['6.00arcsec', '10.0arcsec']]
2023-04-12 20:06:56	INFO	imstat::image::statistics 	Determining stats for image ABAur_continuum.clean.image.pbcor
2023-04-12 20:06:56	INFO	imstat::ImageRegion::fromRecord	Selected bounding box : 
2023-04-12 20:06:56	INFO	imstat::ImageRegion::fromRecord+	    [524, 524, 0, 0] to [1524, 1524, 0, 0]  (04:55:46.629, +30.32.53.733, I, 2.26769e+11Hz to 04:55:45.081, +30.33.13.733, I, 2.26769e+11Hz)
2023-04-12 20:06:56	INFO	imstat::ImageStatsCalculator::_logStartup	Statistics calculated using Classic algorithm
2023-04-12 20:06:56	INFO	imstat::ImageStatsCalculator::_logStartup	Regions --- 
2023-04-12 20:06:56	INFO	imstat::ImageStatsCalculator::_logStartup	         -- bottom-left corner (pixel) [blc]:  [524, 524, 0, 0]
2023-04-12 20:06:56	INFO	imstat::ImageStatsCalculator::_logStartup	         -- top-right corner (pixel) [trc]:    [1524, 1524, 0, 0]
2023-04-12 20:06:56	INFO	imstat::ImageStatsCalculator::_logStartup	         -- bottom-left corner (world) [blcf]: 04:55:46.629, +30.32.53.733, I, 2.26769e+11Hz
2023-04-12 20:06:56	INFO	imstat::ImageStatsCalculator::_logStartup	         -- top-right corner (world) [trcf]:   04:55:45.081, +30.33.13.733, I, 2.26769e+11Hz
2023-04-12 20:06:56	INFO	imstat::::	Values --- 
2023-04-12 20:06:56	INFO	imstat::::	         -- flux density [flux]:                    -0.0499049 Jy
2023-04-12 20:06:56	INFO	imstat::::	         -- number of points [npts]:                502718
2023-04-12 20:06:56	INFO	imstat::::	         -- maximum value [max]:                    0.000112384 Jy/beam
2023-04-12 20:06:56	INFO	imstat::::	         -- minimum value [min]:                    -0.000168476 Jy/beam
2023-04-12 20:06:56	INFO	imstat::::	         -- position of max value (pixel) [maxpos]: [774, 607, 0, 0]
2023-04-12 20:06:56	INFO	imstat::::	         -- position of min value (pixel) [minpos]: [1489, 1172, 0, 0]
2023-04-12 20:06:56	INFO	imstat::::	         -- position of max value (world) [maxposf]: 04:55:46.242, +30.32.55.393, I, 2.26769e+11Hz
2023-04-12 20:06:56	INFO	imstat::::	         -- position of min value (world) [minposf]: 04:55:45.135, +30.33.06.693, I, 2.26769e+11Hz
2023-04-12 20:06:56	INFO	imstat::::	         -- Sum of pixel values [sum]:               -19.3195 Jy/beam
2023-04-12 20:06:56	INFO	imstat::::	         -- Sum of squared pixel values [sumsq]:     0.00155813 Jy/beam.Jy/beam
2023-04-12 20:06:56	INFO	imstat::::	Statistics --- 
2023-04-12 20:06:56	INFO	imstat::::	        -- Mean of the pixel values [mean]:         -3.843e-05 Jy/beam
2023-04-12 20:06:56	INFO	imstat::::	        -- Variance of the pixel values :           1.62255e-09 Jy/beam
2023-04-12 20:06:56	INFO	imstat::::	        -- Standard deviation of the Mean [sigma]:  4.02809e-05 Jy/beam
2023-04-12 20:06:56	INFO	imstat::::	        -- Root mean square [rms]:                  5.56724e-05 Jy/beam
2023-04-12 20:06:56	INFO	imstat::::	        -- Median of the pixel values [median]:     -4.90632e-05 Jy/beam
2023-04-12 20:06:56	INFO	imstat::::	        -- Median of the deviations [medabsdevmed]: 2.17567e-05 Jy/beam
2023-04-12 20:06:56	INFO	imstat::::	        -- IQR [quartile]:                          5.06876e-05 Jy/beam
2023-04-12 20:06:56	INFO	imstat::::	        -- First quartile [q1]:                     -6.68438e-05 Jy/beam
2023-04-12 20:06:56	INFO	imstat::::	        -- Third quartile [q3]:                     -1.61562e-05 Jy/beam
2023-04-12 20:06:56	INFO	imstat::ImageStatsCalculator::statistics	Sum column unit = Jy/beam
2023-04-12 20:06:56	INFO	imstat::ImageStatsCalculator::statistics+	Mean column unit = Jy/beam
2023-04-12 20:06:56	INFO	imstat::ImageStatsCalculator::statistics+	Std_dev column unit = Jy/beam
2023-04-12 20:06:56	INFO	imstat::ImageStatsCalculator::statistics+	Minimum column unit = Jy/beam
2023-04-12 20:06:56	INFO	imstat::ImageStatsCalculator::statistics+	Maximum column unit = Jy/beam
2023-04-12 20:06:56	INFO	imstat::ImageStatsCalculator::statistics	Npts          Sum           Mean          Rms           Std_dev       Minimum       Maximum     
2023-04-12 20:06:56	INFO	imstat::ImageStatsCalculator::statistics	 5.027180e+05 -1.931947e+01 -3.843003e-05  5.567238e-05  4.028089e-05 -1.684755e-04  1.123837e-04
2023-04-12 20:06:56	INFO	imstat::::casa	Task imstat complete. Start time: 2023-04-12 20:06:56.055107 End time: 2023-04-12 20:06:56.173003
2023-04-12 20:06:56	INFO	imstat::::casa	##### End Task: imstat               #####
2023-04-12 20:06:56	INFO	imstat::::casa	##########################################
2023-04-12 20:06:56	INFO	imstat::::casa	##########################################
2023-04-12 20:06:56	INFO	imstat::::casa	##### Begin Task: imstat             #####
2023-04-12 20:06:56	INFO	imstat::::casa	imstat( imagename='/lustre/cv/users/jspeedie/data/images_continuum/robust1.5/ABAur_continuum.clean.JvMcorr.image.pbcor', axes=[], region='circle[[04h55m45.8549s, +30.33.03.733], 3.0arcsec]', box='', chans='', stokes='', listit=True, verbose=True, mask='', stretch=False, logfile='', append=True, algorithm='classic', fence=-1.0, center='mean', lside=True, zscore=-1.0, maxiter=-1, clmethod='auto', niter=3 )
2023-04-12 20:06:56	INFO	imstat::AsciiRegionFileParser::_parse	Combined 1 image regions (which excludes any annotation regions)
2023-04-12 20:06:56	INFO	imstat::AsciiRegionFileParser::_parse	The specified region will select all pixels that are included in the region. Full pixels will be included even when they are only partially covered by the region(s).
2023-04-12 20:06:56	INFO	imstat::CasacRegionManager::fromBCS	Region read from text string circle[[04h55m45.8549s, +30.33.03.733], 3.0arcsec]
2023-04-12 20:06:56	INFO	imstat::image::statistics 	Determining stats for image ABAur_continuum.clean.JvMcorr.image.pbcor
2023-04-12 20:06:56	INFO	imstat::ImageRegion::fromRecord	Selected bounding box : 
2023-04-12 20:06:56	INFO	imstat::ImageRegion::fromRecord+	    [874, 874, 0, 0] to [1174, 1173, 0, 0]  (04:55:46.087, +30.33.00.733, I, 2.26769e+11Hz to 04:55:45.623, +30.33.06.713, I, 2.26769e+11Hz)
2023-04-12 20:06:56	INFO	imstat::ImageStatsCalculator::_logStartup	Statistics calculated using Classic algorithm
2023-04-12 20:06:56	INFO	imstat::ImageStatsCalculator::_logStartup	Regions --- 
2023-04-12 20:06:56	INFO	imstat::ImageStatsCalculator::_logStartup	         -- bottom-left corner (pixel) [blc]:  [874, 874, 0, 0]
2023-04-12 20:06:56	INFO	imstat::ImageStatsCalculator::_logStartup	         -- top-right corner (pixel) [trc]:    [1174, 1173, 0, 0]
2023-04-12 20:06:56	INFO	imstat::ImageStatsCalculator::_logStartup	         -- bottom-left corner (world) [blcf]: 04:55:46.087, +30.33.00.733, I, 2.26769e+11Hz
2023-04-12 20:06:56	INFO	imstat::ImageStatsCalculator::_logStartup	         -- top-right corner (world) [trcf]:   04:55:45.623, +30.33.06.713, I, 2.26769e+11Hz
2023-04-12 20:06:56	INFO	imstat::::	Values --- 
2023-04-12 20:06:56	INFO	imstat::::	         -- flux density [flux]:                    0.0902459 Jy
2023-04-12 20:06:56	INFO	imstat::::	         -- number of points [npts]:                70674
2023-04-12 20:06:56	INFO	imstat::::	         -- maximum value [max]:                    0.0057484 Jy/beam
2023-04-12 20:06:56	INFO	imstat::::	         -- minimum value [min]:                    -6.71139e-06 Jy/beam
2023-04-12 20:06:56	INFO	imstat::::	         -- position of max value (pixel) [maxpos]: [1071, 1012, 0, 0]
2023-04-12 20:06:56	INFO	imstat::::	         -- position of min value (pixel) [minpos]: [921, 930, 0, 0]
2023-04-12 20:06:56	INFO	imstat::::	         -- position of max value (world) [maxposf]: 04:55:45.782, +30.33.03.493, I, 2.26769e+11Hz
2023-04-12 20:06:56	INFO	imstat::::	         -- position of min value (world) [minposf]: 04:55:46.014, +30.33.01.853, I, 2.26769e+11Hz
2023-04-12 20:06:56	INFO	imstat::::	         -- Sum of pixel values [sum]:               34.9365 Jy/beam
2023-04-12 20:06:56	INFO	imstat::::	         -- Sum of squared pixel values [sumsq]:     0.080131 Jy/beam.Jy/beam
2023-04-12 20:06:56	INFO	imstat::::	Statistics --- 
2023-04-12 20:06:56	INFO	imstat::::	        -- Mean of the pixel values [mean]:         0.000494333 Jy/beam
2023-04-12 20:06:56	INFO	imstat::::	        -- Variance of the pixel values :           8.89459e-07 Jy/beam
2023-04-12 20:06:56	INFO	imstat::::	        -- Standard deviation of the Mean [sigma]:  0.000943111 Jy/beam
2023-04-12 20:06:56	INFO	imstat::::	        -- Root mean square [rms]:                  0.00106481 Jy/beam
2023-04-12 20:06:56	INFO	imstat::::	        -- Median of the pixel values [median]:     6.21612e-05 Jy/beam
2023-04-12 20:06:56	INFO	imstat::::	        -- Median of the deviations [medabsdevmed]: 4.6882e-05 Jy/beam
2023-04-12 20:06:56	INFO	imstat::::	        -- IQR [quartile]:                          0.000380129 Jy/beam
2023-04-12 20:06:56	INFO	imstat::::	        -- First quartile [q1]:                     2.72074e-05 Jy/beam
2023-04-12 20:06:56	INFO	imstat::::	        -- Third quartile [q3]:                     0.000407337 Jy/beam
2023-04-12 20:06:56	INFO	imstat::ImageStatsCalculator::statistics	Sum column unit = Jy/beam
2023-04-12 20:06:56	INFO	imstat::ImageStatsCalculator::statistics+	Mean column unit = Jy/beam
2023-04-12 20:06:56	INFO	imstat::ImageStatsCalculator::statistics+	Std_dev column unit = Jy/beam
2023-04-12 20:06:56	INFO	imstat::ImageStatsCalculator::statistics+	Minimum column unit = Jy/beam
2023-04-12 20:06:56	INFO	imstat::ImageStatsCalculator::statistics+	Maximum column unit = Jy/beam
2023-04-12 20:06:56	INFO	imstat::ImageStatsCalculator::statistics	Npts          Sum           Mean          Rms           Std_dev       Minimum       Maximum     
2023-04-12 20:06:56	INFO	imstat::ImageStatsCalculator::statistics	 7.067400e+04  3.493651e+01  4.943333e-04  1.064806e-03  9.431114e-04 -6.711390e-06  5.748400e-03
2023-04-12 20:06:56	INFO	imstat::::casa	Task imstat complete. Start time: 2023-04-12 20:06:56.176804 End time: 2023-04-12 20:06:56.210458
2023-04-12 20:06:56	INFO	imstat::::casa	##### End Task: imstat               #####
2023-04-12 20:06:56	INFO	imstat::::casa	##########################################
2023-04-12 20:06:56	INFO	imstat::::casa	##########################################
2023-04-12 20:06:56	INFO	imstat::::casa	##### Begin Task: imstat             #####
2023-04-12 20:06:56	INFO	imstat::::casa	imstat( imagename='/lustre/cv/users/jspeedie/data/images_continuum/robust1.5/ABAur_continuum.clean.JvMcorr.image.pbcor', axes=[], region='circle[[04h55m45.8549s, +30.33.03.733], 3.0arcsec]', box='', chans='', stokes='', listit=True, verbose=True, mask='', stretch=False, logfile='', append=True, algorithm='classic', fence=-1.0, center='mean', lside=True, zscore=-1.0, maxiter=-1, clmethod='auto', niter=3 )
2023-04-12 20:06:56	INFO	imstat::AsciiRegionFileParser::_parse	Combined 1 image regions (which excludes any annotation regions)
2023-04-12 20:06:56	INFO	imstat::AsciiRegionFileParser::_parse	The specified region will select all pixels that are included in the region. Full pixels will be included even when they are only partially covered by the region(s).
2023-04-12 20:06:56	INFO	imstat::CasacRegionManager::fromBCS	Region read from text string circle[[04h55m45.8549s, +30.33.03.733], 3.0arcsec]
2023-04-12 20:06:56	INFO	imstat::image::statistics 	Determining stats for image ABAur_continuum.clean.JvMcorr.image.pbcor
2023-04-12 20:06:56	INFO	imstat::ImageRegion::fromRecord	Selected bounding box : 
2023-04-12 20:06:56	INFO	imstat::ImageRegion::fromRecord+	    [874, 874, 0, 0] to [1174, 1173, 0, 0]  (04:55:46.087, +30.33.00.733, I, 2.26769e+11Hz to 04:55:45.623, +30.33.06.713, I, 2.26769e+11Hz)
2023-04-12 20:06:56	INFO	imstat::ImageStatsCalculator::_logStartup	Statistics calculated using Classic algorithm
2023-04-12 20:06:56	INFO	imstat::ImageStatsCalculator::_logStartup	Regions --- 
2023-04-12 20:06:56	INFO	imstat::ImageStatsCalculator::_logStartup	         -- bottom-left corner (pixel) [blc]:  [874, 874, 0, 0]
2023-04-12 20:06:56	INFO	imstat::ImageStatsCalculator::_logStartup	         -- top-right corner (pixel) [trc]:    [1174, 1173, 0, 0]
2023-04-12 20:06:56	INFO	imstat::ImageStatsCalculator::_logStartup	         -- bottom-left corner (world) [blcf]: 04:55:46.087, +30.33.00.733, I, 2.26769e+11Hz
2023-04-12 20:06:56	INFO	imstat::ImageStatsCalculator::_logStartup	         -- top-right corner (world) [trcf]:   04:55:45.623, +30.33.06.713, I, 2.26769e+11Hz
2023-04-12 20:06:56	INFO	imstat::::	Values --- 
2023-04-12 20:06:56	INFO	imstat::::	         -- flux density [flux]:                    0.0902459 Jy
2023-04-12 20:06:56	INFO	imstat::::	         -- number of points [npts]:                70674
2023-04-12 20:06:56	INFO	imstat::::	         -- maximum value [max]:                    0.0057484 Jy/beam
2023-04-12 20:06:56	INFO	imstat::::	         -- minimum value [min]:                    -6.71139e-06 Jy/beam
2023-04-12 20:06:56	INFO	imstat::::	         -- position of max value (pixel) [maxpos]: [1071, 1012, 0, 0]
2023-04-12 20:06:56	INFO	imstat::::	         -- position of min value (pixel) [minpos]: [921, 930, 0, 0]
2023-04-12 20:06:56	INFO	imstat::::	         -- position of max value (world) [maxposf]: 04:55:45.782, +30.33.03.493, I, 2.26769e+11Hz
2023-04-12 20:06:56	INFO	imstat::::	         -- position of min value (world) [minposf]: 04:55:46.014, +30.33.01.853, I, 2.26769e+11Hz
2023-04-12 20:06:56	INFO	imstat::::	         -- Sum of pixel values [sum]:               34.9365 Jy/beam
2023-04-12 20:06:56	INFO	imstat::::	         -- Sum of squared pixel values [sumsq]:     0.080131 Jy/beam.Jy/beam
2023-04-12 20:06:56	INFO	imstat::::	Statistics --- 
2023-04-12 20:06:56	INFO	imstat::::	        -- Mean of the pixel values [mean]:         0.000494333 Jy/beam
2023-04-12 20:06:56	INFO	imstat::::	        -- Variance of the pixel values :           8.89459e-07 Jy/beam
2023-04-12 20:06:56	INFO	imstat::::	        -- Standard deviation of the Mean [sigma]:  0.000943111 Jy/beam
2023-04-12 20:06:56	INFO	imstat::::	        -- Root mean square [rms]:                  0.00106481 Jy/beam
2023-04-12 20:06:56	INFO	imstat::::	        -- Median of the pixel values [median]:     6.21612e-05 Jy/beam
2023-04-12 20:06:56	INFO	imstat::::	        -- Median of the deviations [medabsdevmed]: 4.6882e-05 Jy/beam
2023-04-12 20:06:56	INFO	imstat::::	        -- IQR [quartile]:                          0.000380129 Jy/beam
2023-04-12 20:06:56	INFO	imstat::::	        -- First quartile [q1]:                     2.72074e-05 Jy/beam
2023-04-12 20:06:56	INFO	imstat::::	        -- Third quartile [q3]:                     0.000407337 Jy/beam
2023-04-12 20:06:56	INFO	imstat::ImageStatsCalculator::statistics	Sum column unit = Jy/beam
2023-04-12 20:06:56	INFO	imstat::ImageStatsCalculator::statistics+	Mean column unit = Jy/beam
2023-04-12 20:06:56	INFO	imstat::ImageStatsCalculator::statistics+	Std_dev column unit = Jy/beam
2023-04-12 20:06:56	INFO	imstat::ImageStatsCalculator::statistics+	Minimum column unit = Jy/beam
2023-04-12 20:06:56	INFO	imstat::ImageStatsCalculator::statistics+	Maximum column unit = Jy/beam
2023-04-12 20:06:56	INFO	imstat::ImageStatsCalculator::statistics	Npts          Sum           Mean          Rms           Std_dev       Minimum       Maximum     
2023-04-12 20:06:56	INFO	imstat::ImageStatsCalculator::statistics	 7.067400e+04  3.493651e+01  4.943333e-04  1.064806e-03  9.431114e-04 -6.711390e-06  5.748400e-03
2023-04-12 20:06:56	INFO	imstat::::casa	Task imstat complete. Start time: 2023-04-12 20:06:56.213690 End time: 2023-04-12 20:06:56.292808
2023-04-12 20:06:56	INFO	imstat::::casa	##### End Task: imstat               #####
2023-04-12 20:06:56	INFO	imstat::::casa	##########################################
2023-04-12 20:06:56	INFO	imstat::::casa	##########################################
2023-04-12 20:06:56	INFO	imstat::::casa	##### Begin Task: imstat             #####
2023-04-12 20:06:56	INFO	imstat::::casa	imstat( imagename='/lustre/cv/users/jspeedie/data/images_continuum/robust1.5/ABAur_continuum.clean.JvMcorr.image.pbcor', axes=[], region="annulus[[04h55m45.8549s, +30.33.03.733],['6.00arcsec', '10.0arcsec']]", box='', chans='', stokes='', listit=True, verbose=True, mask='', stretch=False, logfile='', append=True, algorithm='classic', fence=-1.0, center='mean', lside=True, zscore=-1.0, maxiter=-1, clmethod='auto', niter=3 )
2023-04-12 20:06:56	INFO	imstat::AsciiRegionFileParser::_parse	Combined 1 image regions (which excludes any annotation regions)
2023-04-12 20:06:56	INFO	imstat::AsciiRegionFileParser::_parse	The specified region will select all pixels that are included in the region. Full pixels will be included even when they are only partially covered by the region(s).
2023-04-12 20:06:56	INFO	imstat::CasacRegionManager::fromBCS	Region read from text string annulus[[04h55m45.8549s, +30.33.03.733],['6.00arcsec', '10.0arcsec']]
2023-04-12 20:06:56	INFO	imstat::image::statistics 	Determining stats for image ABAur_continuum.clean.JvMcorr.image.pbcor
2023-04-12 20:06:56	INFO	imstat::ImageRegion::fromRecord	Selected bounding box : 
2023-04-12 20:06:56	INFO	imstat::ImageRegion::fromRecord+	    [524, 524, 0, 0] to [1524, 1524, 0, 0]  (04:55:46.629, +30.32.53.733, I, 2.26769e+11Hz to 04:55:45.081, +30.33.13.733, I, 2.26769e+11Hz)
2023-04-12 20:06:56	INFO	imstat::ImageStatsCalculator::_logStartup	Statistics calculated using Classic algorithm
2023-04-12 20:06:56	INFO	imstat::ImageStatsCalculator::_logStartup	Regions --- 
2023-04-12 20:06:56	INFO	imstat::ImageStatsCalculator::_logStartup	         -- bottom-left corner (pixel) [blc]:  [524, 524, 0, 0]
2023-04-12 20:06:56	INFO	imstat::ImageStatsCalculator::_logStartup	         -- top-right corner (pixel) [trc]:    [1524, 1524, 0, 0]
2023-04-12 20:06:56	INFO	imstat::ImageStatsCalculator::_logStartup	         -- bottom-left corner (world) [blcf]: 04:55:46.629, +30.32.53.733, I, 2.26769e+11Hz
2023-04-12 20:06:56	INFO	imstat::ImageStatsCalculator::_logStartup	         -- top-right corner (world) [trcf]:   04:55:45.081, +30.33.13.733, I, 2.26769e+11Hz
2023-04-12 20:06:56	INFO	imstat::::	Values --- 
2023-04-12 20:06:56	INFO	imstat::::	         -- flux density [flux]:                    -0.0168828 Jy
2023-04-12 20:06:56	INFO	imstat::::	         -- number of points [npts]:                502718
2023-04-12 20:06:56	INFO	imstat::::	         -- maximum value [max]:                    3.80192e-05 Jy/beam
2023-04-12 20:06:56	INFO	imstat::::	         -- minimum value [min]:                    -5.69951e-05 Jy/beam
2023-04-12 20:06:56	INFO	imstat::::	         -- position of max value (pixel) [maxpos]: [774, 607, 0, 0]
2023-04-12 20:06:56	INFO	imstat::::	         -- position of min value (pixel) [minpos]: [1489, 1172, 0, 0]
2023-04-12 20:06:56	INFO	imstat::::	         -- position of max value (world) [maxposf]: 04:55:46.242, +30.32.55.393, I, 2.26769e+11Hz
2023-04-12 20:06:56	INFO	imstat::::	         -- position of min value (world) [minposf]: 04:55:45.135, +30.33.06.693, I, 2.26769e+11Hz
2023-04-12 20:06:56	INFO	imstat::::	         -- Sum of pixel values [sum]:               -6.53575 Jy/beam
2023-04-12 20:06:56	INFO	imstat::::	         -- Sum of squared pixel values [sumsq]:     0.000178322 Jy/beam.Jy/beam
2023-04-12 20:06:56	INFO	imstat::::	Statistics --- 
2023-04-12 20:06:56	INFO	imstat::::	        -- Mean of the pixel values [mean]:         -1.30008e-05 Jy/beam
2023-04-12 20:06:56	INFO	imstat::::	        -- Variance of the pixel values :           1.85695e-10 Jy/beam
2023-04-12 20:06:56	INFO	imstat::::	        -- Standard deviation of the Mean [sigma]:  1.3627e-05 Jy/beam
2023-04-12 20:06:56	INFO	imstat::::	        -- Root mean square [rms]:                  1.88339e-05 Jy/beam
2023-04-12 20:06:56	INFO	imstat::::	        -- Median of the pixel values [median]:     -1.65979e-05 Jy/beam
2023-04-12 20:06:56	INFO	imstat::::	        -- Median of the deviations [medabsdevmed]: 7.3603e-06 Jy/beam
2023-04-12 20:06:56	INFO	imstat::::	        -- IQR [quartile]:                          1.71476e-05 Jy/beam
2023-04-12 20:06:56	INFO	imstat::::	        -- First quartile [q1]:                     -2.26132e-05 Jy/beam
2023-04-12 20:06:56	INFO	imstat::::	        -- Third quartile [q3]:                     -5.46559e-06 Jy/beam
2023-04-12 20:06:56	INFO	imstat::ImageStatsCalculator::statistics	Sum column unit = Jy/beam
2023-04-12 20:06:56	INFO	imstat::ImageStatsCalculator::statistics+	Mean column unit = Jy/beam
2023-04-12 20:06:56	INFO	imstat::ImageStatsCalculator::statistics+	Std_dev column unit = Jy/beam
2023-04-12 20:06:56	INFO	imstat::ImageStatsCalculator::statistics+	Minimum column unit = Jy/beam
2023-04-12 20:06:56	INFO	imstat::ImageStatsCalculator::statistics+	Maximum column unit = Jy/beam
2023-04-12 20:06:56	INFO	imstat::ImageStatsCalculator::statistics	Npts          Sum           Mean          Rms           Std_dev       Minimum       Maximum     
2023-04-12 20:06:56	INFO	imstat::ImageStatsCalculator::statistics	 5.027180e+05 -6.535754e+00 -1.300084e-05  1.883390e-05  1.362698e-05 -5.699508e-05  3.801923e-05
2023-04-12 20:06:56	INFO	imstat::::casa	Task imstat complete. Start time: 2023-04-12 20:06:56.296057 End time: 2023-04-12 20:06:56.412871
2023-04-12 20:06:56	INFO	imstat::::casa	##### End Task: imstat               #####
2023-04-12 20:06:56	INFO	imstat::::casa	##########################################
2023-04-12 20:06:56	INFO	imstat::::casa	##########################################
2023-04-12 20:06:56	INFO	imstat::::casa	##### Begin Task: imstat             #####
2023-04-12 20:06:56	INFO	imstat::::casa	imstat( imagename='/lustre/cv/users/jspeedie/data/images_continuum/robust1.5/ABAur_continuum.clean.JvMcorr.image.pbcor', axes=[], region='circle[[04h55m45.8549s, +30.33.03.733], 3.0arcsec]', box='', chans='', stokes='', listit=True, verbose=True, mask='', stretch=False, logfile='', append=True, algorithm='classic', fence=-1.0, center='mean', lside=True, zscore=-1.0, maxiter=-1, clmethod='auto', niter=3 )
2023-04-12 20:06:56	INFO	imstat::AsciiRegionFileParser::_parse	Combined 1 image regions (which excludes any annotation regions)
2023-04-12 20:06:56	INFO	imstat::AsciiRegionFileParser::_parse	The specified region will select all pixels that are included in the region. Full pixels will be included even when they are only partially covered by the region(s).
2023-04-12 20:06:56	INFO	imstat::CasacRegionManager::fromBCS	Region read from text string circle[[04h55m45.8549s, +30.33.03.733], 3.0arcsec]
2023-04-12 20:06:56	INFO	imstat::image::statistics 	Determining stats for image ABAur_continuum.clean.JvMcorr.image.pbcor
2023-04-12 20:06:56	INFO	imstat::ImageRegion::fromRecord	Selected bounding box : 
2023-04-12 20:06:56	INFO	imstat::ImageRegion::fromRecord+	    [874, 874, 0, 0] to [1174, 1173, 0, 0]  (04:55:46.087, +30.33.00.733, I, 2.26769e+11Hz to 04:55:45.623, +30.33.06.713, I, 2.26769e+11Hz)
2023-04-12 20:06:56	INFO	imstat::ImageStatsCalculator::_logStartup	Statistics calculated using Classic algorithm
2023-04-12 20:06:56	INFO	imstat::ImageStatsCalculator::_logStartup	Regions --- 
2023-04-12 20:06:56	INFO	imstat::ImageStatsCalculator::_logStartup	         -- bottom-left corner (pixel) [blc]:  [874, 874, 0, 0]
2023-04-12 20:06:56	INFO	imstat::ImageStatsCalculator::_logStartup	         -- top-right corner (pixel) [trc]:    [1174, 1173, 0, 0]
2023-04-12 20:06:56	INFO	imstat::ImageStatsCalculator::_logStartup	         -- bottom-left corner (world) [blcf]: 04:55:46.087, +30.33.00.733, I, 2.26769e+11Hz
2023-04-12 20:06:56	INFO	imstat::ImageStatsCalculator::_logStartup	         -- top-right corner (world) [trcf]:   04:55:45.623, +30.33.06.713, I, 2.26769e+11Hz
2023-04-12 20:06:56	INFO	imstat::::	Values --- 
2023-04-12 20:06:56	INFO	imstat::::	         -- flux density [flux]:                    0.0902459 Jy
2023-04-12 20:06:56	INFO	imstat::::	         -- number of points [npts]:                70674
2023-04-12 20:06:56	INFO	imstat::::	         -- maximum value [max]:                    0.0057484 Jy/beam
2023-04-12 20:06:56	INFO	imstat::::	         -- minimum value [min]:                    -6.71139e-06 Jy/beam
2023-04-12 20:06:56	INFO	imstat::::	         -- position of max value (pixel) [maxpos]: [1071, 1012, 0, 0]
2023-04-12 20:06:56	INFO	imstat::::	         -- position of min value (pixel) [minpos]: [921, 930, 0, 0]
2023-04-12 20:06:56	INFO	imstat::::	         -- position of max value (world) [maxposf]: 04:55:45.782, +30.33.03.493, I, 2.26769e+11Hz
2023-04-12 20:06:56	INFO	imstat::::	         -- position of min value (world) [minposf]: 04:55:46.014, +30.33.01.853, I, 2.26769e+11Hz
2023-04-12 20:06:56	INFO	imstat::::	         -- Sum of pixel values [sum]:               34.9365 Jy/beam
2023-04-12 20:06:56	INFO	imstat::::	         -- Sum of squared pixel values [sumsq]:     0.080131 Jy/beam.Jy/beam
2023-04-12 20:06:56	INFO	imstat::::	Statistics --- 
2023-04-12 20:06:56	INFO	imstat::::	        -- Mean of the pixel values [mean]:         0.000494333 Jy/beam
2023-04-12 20:06:56	INFO	imstat::::	        -- Variance of the pixel values :           8.89459e-07 Jy/beam
2023-04-12 20:06:56	INFO	imstat::::	        -- Standard deviation of the Mean [sigma]:  0.000943111 Jy/beam
2023-04-12 20:06:56	INFO	imstat::::	        -- Root mean square [rms]:                  0.00106481 Jy/beam
2023-04-12 20:06:56	INFO	imstat::::	        -- Median of the pixel values [median]:     6.21612e-05 Jy/beam
2023-04-12 20:06:56	INFO	imstat::::	        -- Median of the deviations [medabsdevmed]: 4.6882e-05 Jy/beam
2023-04-12 20:06:56	INFO	imstat::::	        -- IQR [quartile]:                          0.000380129 Jy/beam
2023-04-12 20:06:56	INFO	imstat::::	        -- First quartile [q1]:                     2.72074e-05 Jy/beam
2023-04-12 20:06:56	INFO	imstat::::	        -- Third quartile [q3]:                     0.000407337 Jy/beam
2023-04-12 20:06:56	INFO	imstat::ImageStatsCalculator::statistics	Sum column unit = Jy/beam
2023-04-12 20:06:56	INFO	imstat::ImageStatsCalculator::statistics+	Mean column unit = Jy/beam
2023-04-12 20:06:56	INFO	imstat::ImageStatsCalculator::statistics+	Std_dev column unit = Jy/beam
2023-04-12 20:06:56	INFO	imstat::ImageStatsCalculator::statistics+	Minimum column unit = Jy/beam
2023-04-12 20:06:56	INFO	imstat::ImageStatsCalculator::statistics+	Maximum column unit = Jy/beam
2023-04-12 20:06:56	INFO	imstat::ImageStatsCalculator::statistics	Npts          Sum           Mean          Rms           Std_dev       Minimum       Maximum     
2023-04-12 20:06:56	INFO	imstat::ImageStatsCalculator::statistics	 7.067400e+04  3.493651e+01  4.943333e-04  1.064806e-03  9.431114e-04 -6.711390e-06  5.748400e-03
2023-04-12 20:06:56	INFO	imstat::::casa	Task imstat complete. Start time: 2023-04-12 20:06:56.417063 End time: 2023-04-12 20:06:56.453114
2023-04-12 20:06:56	INFO	imstat::::casa	##### End Task: imstat               #####
2023-04-12 20:06:56	INFO	imstat::::casa	##########################################
2023-04-12 20:06:56	INFO	imstat::::casa	##########################################
2023-04-12 20:06:56	INFO	imstat::::casa	##### Begin Task: imstat             #####
2023-04-12 20:06:56	INFO	imstat::::casa	imstat( imagename='/lustre/cv/users/jspeedie/data/images_continuum/robust1.5/ABAur_continuum.clean.JvMcorr.image.pbcor', axes=[], region="annulus[[04h55m45.8549s, +30.33.03.733],['6.00arcsec', '10.0arcsec']]", box='', chans='', stokes='', listit=True, verbose=True, mask='', stretch=False, logfile='', append=True, algorithm='classic', fence=-1.0, center='mean', lside=True, zscore=-1.0, maxiter=-1, clmethod='auto', niter=3 )
2023-04-12 20:06:56	INFO	imstat::AsciiRegionFileParser::_parse	Combined 1 image regions (which excludes any annotation regions)
2023-04-12 20:06:56	INFO	imstat::AsciiRegionFileParser::_parse	The specified region will select all pixels that are included in the region. Full pixels will be included even when they are only partially covered by the region(s).
2023-04-12 20:06:56	INFO	imstat::CasacRegionManager::fromBCS	Region read from text string annulus[[04h55m45.8549s, +30.33.03.733],['6.00arcsec', '10.0arcsec']]
2023-04-12 20:06:56	INFO	imstat::image::statistics 	Determining stats for image ABAur_continuum.clean.JvMcorr.image.pbcor
2023-04-12 20:06:56	INFO	imstat::ImageRegion::fromRecord	Selected bounding box : 
2023-04-12 20:06:56	INFO	imstat::ImageRegion::fromRecord+	    [524, 524, 0, 0] to [1524, 1524, 0, 0]  (04:55:46.629, +30.32.53.733, I, 2.26769e+11Hz to 04:55:45.081, +30.33.13.733, I, 2.26769e+11Hz)
2023-04-12 20:06:56	INFO	imstat::ImageStatsCalculator::_logStartup	Statistics calculated using Classic algorithm
2023-04-12 20:06:56	INFO	imstat::ImageStatsCalculator::_logStartup	Regions --- 
2023-04-12 20:06:56	INFO	imstat::ImageStatsCalculator::_logStartup	         -- bottom-left corner (pixel) [blc]:  [524, 524, 0, 0]
2023-04-12 20:06:56	INFO	imstat::ImageStatsCalculator::_logStartup	         -- top-right corner (pixel) [trc]:    [1524, 1524, 0, 0]
2023-04-12 20:06:56	INFO	imstat::ImageStatsCalculator::_logStartup	         -- bottom-left corner (world) [blcf]: 04:55:46.629, +30.32.53.733, I, 2.26769e+11Hz
2023-04-12 20:06:56	INFO	imstat::ImageStatsCalculator::_logStartup	         -- top-right corner (world) [trcf]:   04:55:45.081, +30.33.13.733, I, 2.26769e+11Hz
2023-04-12 20:06:57	INFO	imstat::::	Values --- 
2023-04-12 20:06:57	INFO	imstat::::	         -- flux density [flux]:                    -0.0168828 Jy
2023-04-12 20:06:57	INFO	imstat::::	         -- number of points [npts]:                502718
2023-04-12 20:06:57	INFO	imstat::::	         -- maximum value [max]:                    3.80192e-05 Jy/beam
2023-04-12 20:06:57	INFO	imstat::::	         -- minimum value [min]:                    -5.69951e-05 Jy/beam
2023-04-12 20:06:57	INFO	imstat::::	         -- position of max value (pixel) [maxpos]: [774, 607, 0, 0]
2023-04-12 20:06:57	INFO	imstat::::	         -- position of min value (pixel) [minpos]: [1489, 1172, 0, 0]
2023-04-12 20:06:57	INFO	imstat::::	         -- position of max value (world) [maxposf]: 04:55:46.242, +30.32.55.393, I, 2.26769e+11Hz
2023-04-12 20:06:57	INFO	imstat::::	         -- position of min value (world) [minposf]: 04:55:45.135, +30.33.06.693, I, 2.26769e+11Hz
2023-04-12 20:06:57	INFO	imstat::::	         -- Sum of pixel values [sum]:               -6.53575 Jy/beam
2023-04-12 20:06:57	INFO	imstat::::	         -- Sum of squared pixel values [sumsq]:     0.000178322 Jy/beam.Jy/beam
2023-04-12 20:06:57	INFO	imstat::::	Statistics --- 
2023-04-12 20:06:57	INFO	imstat::::	        -- Mean of the pixel values [mean]:         -1.30008e-05 Jy/beam
2023-04-12 20:06:57	INFO	imstat::::	        -- Variance of the pixel values :           1.85695e-10 Jy/beam
2023-04-12 20:06:57	INFO	imstat::::	        -- Standard deviation of the Mean [sigma]:  1.3627e-05 Jy/beam
2023-04-12 20:06:57	INFO	imstat::::	        -- Root mean square [rms]:                  1.88339e-05 Jy/beam
2023-04-12 20:06:57	INFO	imstat::::	        -- Median of the pixel values [median]:     -1.65979e-05 Jy/beam
2023-04-12 20:06:57	INFO	imstat::::	        -- Median of the deviations [medabsdevmed]: 7.3603e-06 Jy/beam
2023-04-12 20:06:57	INFO	imstat::::	        -- IQR [quartile]:                          1.71476e-05 Jy/beam
2023-04-12 20:06:57	INFO	imstat::::	        -- First quartile [q1]:                     -2.26132e-05 Jy/beam
2023-04-12 20:06:57	INFO	imstat::::	        -- Third quartile [q3]:                     -5.46559e-06 Jy/beam
2023-04-12 20:06:57	INFO	imstat::ImageStatsCalculator::statistics	Sum column unit = Jy/beam
2023-04-12 20:06:57	INFO	imstat::ImageStatsCalculator::statistics+	Mean column unit = Jy/beam
2023-04-12 20:06:57	INFO	imstat::ImageStatsCalculator::statistics+	Std_dev column unit = Jy/beam
2023-04-12 20:06:57	INFO	imstat::ImageStatsCalculator::statistics+	Minimum column unit = Jy/beam
2023-04-12 20:06:57	INFO	imstat::ImageStatsCalculator::statistics+	Maximum column unit = Jy/beam
2023-04-12 20:06:57	INFO	imstat::ImageStatsCalculator::statistics	Npts          Sum           Mean          Rms           Std_dev       Minimum       Maximum     
2023-04-12 20:06:57	INFO	imstat::ImageStatsCalculator::statistics	 5.027180e+05 -6.535754e+00 -1.300084e-05  1.883390e-05  1.362698e-05 -5.699508e-05  3.801923e-05
2023-04-12 20:06:57	INFO	imstat::::casa	Task imstat complete. Start time: 2023-04-12 20:06:56.460985 End time: 2023-04-12 20:06:56.584978
2023-04-12 20:06:57	INFO	imstat::::casa	##### End Task: imstat               #####
2023-04-12 20:06:57	INFO	imstat::::casa	##########################################
2023-04-12 20:06:57	INFO	imstat::::casa	##########################################
2023-04-12 20:06:57	INFO	imstat::::casa	##### Begin Task: imstat             #####
2023-04-12 20:06:57	INFO	imstat::::casa	imstat( imagename='/lustre/cv/users/jspeedie/data/images_continuum/robust1.5/ABAur_continuum.clean.JvMcorr_lowres.image.pbcor', axes=[], region='circle[[04h55m45.8549s, +30.33.03.733], 3.0arcsec]', box='', chans='', stokes='', listit=True, verbose=True, mask='', stretch=False, logfile='', append=True, algorithm='classic', fence=-1.0, center='mean', lside=True, zscore=-1.0, maxiter=-1, clmethod='auto', niter=3 )
2023-04-12 20:06:57	INFO	imstat::AsciiRegionFileParser::_parse	Combined 1 image regions (which excludes any annotation regions)
2023-04-12 20:06:57	INFO	imstat::AsciiRegionFileParser::_parse	The specified region will select all pixels that are included in the region. Full pixels will be included even when they are only partially covered by the region(s).
2023-04-12 20:06:57	INFO	imstat::CasacRegionManager::fromBCS	Region read from text string circle[[04h55m45.8549s, +30.33.03.733], 3.0arcsec]
2023-04-12 20:06:57	INFO	imstat::image::statistics 	Determining stats for image ABAur_continuum.clean.JvMcorr_lowres.image.pbcor
2023-04-12 20:06:57	INFO	imstat::ImageRegion::fromRecord	Selected bounding box : 
2023-04-12 20:06:57	INFO	imstat::ImageRegion::fromRecord+	    [874, 874, 0, 0] to [1174, 1173, 0, 0]  (04:55:46.087, +30.33.00.733, I, 2.26769e+11Hz to 04:55:45.623, +30.33.06.713, I, 2.26769e+11Hz)
2023-04-12 20:06:57	INFO	imstat::ImageStatsCalculator::_logStartup	Statistics calculated using Classic algorithm
2023-04-12 20:06:57	INFO	imstat::ImageStatsCalculator::_logStartup	Regions --- 
2023-04-12 20:06:57	INFO	imstat::ImageStatsCalculator::_logStartup	         -- bottom-left corner (pixel) [blc]:  [874, 874, 0, 0]
2023-04-12 20:06:57	INFO	imstat::ImageStatsCalculator::_logStartup	         -- top-right corner (pixel) [trc]:    [1174, 1173, 0, 0]
2023-04-12 20:06:57	INFO	imstat::ImageStatsCalculator::_logStartup	         -- bottom-left corner (world) [blcf]: 04:55:46.087, +30.33.00.733, I, 2.26769e+11Hz
2023-04-12 20:06:57	INFO	imstat::ImageStatsCalculator::_logStartup	         -- top-right corner (world) [trcf]:   04:55:45.623, +30.33.06.713, I, 2.26769e+11Hz
2023-04-12 20:06:57	INFO	imstat::::	Values --- 
2023-04-12 20:06:57	INFO	imstat::::	         -- flux density [flux]:                    0.0902606 Jy
2023-04-12 20:06:57	INFO	imstat::::	         -- number of points [npts]:                70674
2023-04-12 20:06:57	INFO	imstat::::	         -- maximum value [max]:                    0.0119384 Jy/beam
2023-04-12 20:06:57	INFO	imstat::::	         -- minimum value [min]:                    -1.98381e-05 Jy/beam
2023-04-12 20:06:57	INFO	imstat::::	         -- position of max value (pixel) [maxpos]: [1071, 1022, 0, 0]
2023-04-12 20:06:57	INFO	imstat::::	         -- position of min value (pixel) [minpos]: [921, 930, 0, 0]
2023-04-12 20:06:57	INFO	imstat::::	         -- position of max value (world) [maxposf]: 04:55:45.782, +30.33.03.693, I, 2.26769e+11Hz
2023-04-12 20:06:57	INFO	imstat::::	         -- position of min value (world) [minposf]: 04:55:46.014, +30.33.01.853, I, 2.26769e+11Hz
2023-04-12 20:06:57	INFO	imstat::::	         -- Sum of pixel values [sum]:               103.288 Jy/beam
2023-04-12 20:06:57	INFO	imstat::::	         -- Sum of squared pixel values [sumsq]:     0.531543 Jy/beam.Jy/beam
2023-04-12 20:06:57	INFO	imstat::::	Statistics --- 
2023-04-12 20:06:57	INFO	imstat::::	        -- Mean of the pixel values [mean]:         0.00146147 Jy/beam
2023-04-12 20:06:57	INFO	imstat::::	        -- Variance of the pixel values :           5.38524e-06 Jy/beam
2023-04-12 20:06:57	INFO	imstat::::	        -- Standard deviation of the Mean [sigma]:  0.00232061 Jy/beam
2023-04-12 20:06:57	INFO	imstat::::	        -- Root mean square [rms]:                  0.00274246 Jy/beam
2023-04-12 20:06:57	INFO	imstat::::	        -- Median of the pixel values [median]:     0.000205446 Jy/beam
2023-04-12 20:06:57	INFO	imstat::::	        -- Median of the deviations [medabsdevmed]: 0.000170604 Jy/beam
2023-04-12 20:06:57	INFO	imstat::::	        -- IQR [quartile]:                          0.00201142 Jy/beam
2023-04-12 20:06:57	INFO	imstat::::	        -- First quartile [q1]:                     8.07321e-05 Jy/beam
2023-04-12 20:06:57	INFO	imstat::::	        -- Third quartile [q3]:                     0.00209216 Jy/beam
2023-04-12 20:06:57	INFO	imstat::ImageStatsCalculator::statistics	Sum column unit = Jy/beam
2023-04-12 20:06:57	INFO	imstat::ImageStatsCalculator::statistics+	Mean column unit = Jy/beam
2023-04-12 20:06:57	INFO	imstat::ImageStatsCalculator::statistics+	Std_dev column unit = Jy/beam
2023-04-12 20:06:57	INFO	imstat::ImageStatsCalculator::statistics+	Minimum column unit = Jy/beam
2023-04-12 20:06:57	INFO	imstat::ImageStatsCalculator::statistics+	Maximum column unit = Jy/beam
2023-04-12 20:06:57	INFO	imstat::ImageStatsCalculator::statistics	Npts          Sum           Mean          Rms           Std_dev       Minimum       Maximum     
2023-04-12 20:06:57	INFO	imstat::ImageStatsCalculator::statistics	 7.067400e+04  1.032880e+02  1.461470e-03  2.742455e-03  2.320612e-03 -1.983814e-05  1.193842e-02
2023-04-12 20:06:57	INFO	imstat::::casa	Task imstat complete. Start time: 2023-04-12 20:06:56.589241 End time: 2023-04-12 20:06:56.687118
2023-04-12 20:06:57	INFO	imstat::::casa	##### End Task: imstat               #####
2023-04-12 20:06:57	INFO	imstat::::casa	##########################################
2023-04-12 20:06:57	INFO	imstat::::casa	##########################################
2023-04-12 20:06:57	INFO	imstat::::casa	##### Begin Task: imstat             #####
2023-04-12 20:06:57	INFO	imstat::::casa	imstat( imagename='/lustre/cv/users/jspeedie/data/images_continuum/robust1.5/ABAur_continuum.clean.JvMcorr_lowres.image.pbcor', axes=[], region='circle[[04h55m45.8549s, +30.33.03.733], 3.0arcsec]', box='', chans='', stokes='', listit=True, verbose=True, mask='', stretch=False, logfile='', append=True, algorithm='classic', fence=-1.0, center='mean', lside=True, zscore=-1.0, maxiter=-1, clmethod='auto', niter=3 )
2023-04-12 20:06:57	INFO	imstat::AsciiRegionFileParser::_parse	Combined 1 image regions (which excludes any annotation regions)
2023-04-12 20:06:57	INFO	imstat::AsciiRegionFileParser::_parse	The specified region will select all pixels that are included in the region. Full pixels will be included even when they are only partially covered by the region(s).
2023-04-12 20:06:57	INFO	imstat::CasacRegionManager::fromBCS	Region read from text string circle[[04h55m45.8549s, +30.33.03.733], 3.0arcsec]
2023-04-12 20:06:57	INFO	imstat::image::statistics 	Determining stats for image ABAur_continuum.clean.JvMcorr_lowres.image.pbcor
2023-04-12 20:06:57	INFO	imstat::ImageRegion::fromRecord	Selected bounding box : 
2023-04-12 20:06:57	INFO	imstat::ImageRegion::fromRecord+	    [874, 874, 0, 0] to [1174, 1173, 0, 0]  (04:55:46.087, +30.33.00.733, I, 2.26769e+11Hz to 04:55:45.623, +30.33.06.713, I, 2.26769e+11Hz)
2023-04-12 20:06:57	INFO	imstat::ImageStatsCalculator::_logStartup	Statistics calculated using Classic algorithm
2023-04-12 20:06:57	INFO	imstat::ImageStatsCalculator::_logStartup	Regions --- 
2023-04-12 20:06:57	INFO	imstat::ImageStatsCalculator::_logStartup	         -- bottom-left corner (pixel) [blc]:  [874, 874, 0, 0]
2023-04-12 20:06:57	INFO	imstat::ImageStatsCalculator::_logStartup	         -- top-right corner (pixel) [trc]:    [1174, 1173, 0, 0]
2023-04-12 20:06:57	INFO	imstat::ImageStatsCalculator::_logStartup	         -- bottom-left corner (world) [blcf]: 04:55:46.087, +30.33.00.733, I, 2.26769e+11Hz
2023-04-12 20:06:57	INFO	imstat::ImageStatsCalculator::_logStartup	         -- top-right corner (world) [trcf]:   04:55:45.623, +30.33.06.713, I, 2.26769e+11Hz
2023-04-12 20:06:57	INFO	imstat::::	Values --- 
2023-04-12 20:06:57	INFO	imstat::::	         -- flux density [flux]:                    0.0902606 Jy
2023-04-12 20:06:57	INFO	imstat::::	         -- number of points [npts]:                70674
2023-04-12 20:06:57	INFO	imstat::::	         -- maximum value [max]:                    0.0119384 Jy/beam
2023-04-12 20:06:57	INFO	imstat::::	         -- minimum value [min]:                    -1.98381e-05 Jy/beam
2023-04-12 20:06:57	INFO	imstat::::	         -- position of max value (pixel) [maxpos]: [1071, 1022, 0, 0]
2023-04-12 20:06:57	INFO	imstat::::	         -- position of min value (pixel) [minpos]: [921, 930, 0, 0]
2023-04-12 20:06:57	INFO	imstat::::	         -- position of max value (world) [maxposf]: 04:55:45.782, +30.33.03.693, I, 2.26769e+11Hz
2023-04-12 20:06:57	INFO	imstat::::	         -- position of min value (world) [minposf]: 04:55:46.014, +30.33.01.853, I, 2.26769e+11Hz
2023-04-12 20:06:57	INFO	imstat::::	         -- Sum of pixel values [sum]:               103.288 Jy/beam
2023-04-12 20:06:57	INFO	imstat::::	         -- Sum of squared pixel values [sumsq]:     0.531543 Jy/beam.Jy/beam
2023-04-12 20:06:57	INFO	imstat::::	Statistics --- 
2023-04-12 20:06:57	INFO	imstat::::	        -- Mean of the pixel values [mean]:         0.00146147 Jy/beam
2023-04-12 20:06:57	INFO	imstat::::	        -- Variance of the pixel values :           5.38524e-06 Jy/beam
2023-04-12 20:06:57	INFO	imstat::::	        -- Standard deviation of the Mean [sigma]:  0.00232061 Jy/beam
2023-04-12 20:06:57	INFO	imstat::::	        -- Root mean square [rms]:                  0.00274246 Jy/beam
2023-04-12 20:06:57	INFO	imstat::::	        -- Median of the pixel values [median]:     0.000205446 Jy/beam
2023-04-12 20:06:57	INFO	imstat::::	        -- Median of the deviations [medabsdevmed]: 0.000170604 Jy/beam
2023-04-12 20:06:57	INFO	imstat::::	        -- IQR [quartile]:                          0.00201142 Jy/beam
2023-04-12 20:06:57	INFO	imstat::::	        -- First quartile [q1]:                     8.07321e-05 Jy/beam
2023-04-12 20:06:57	INFO	imstat::::	        -- Third quartile [q3]:                     0.00209216 Jy/beam
2023-04-12 20:06:57	INFO	imstat::ImageStatsCalculator::statistics	Sum column unit = Jy/beam
2023-04-12 20:06:57	INFO	imstat::ImageStatsCalculator::statistics+	Mean column unit = Jy/beam
2023-04-12 20:06:57	INFO	imstat::ImageStatsCalculator::statistics+	Std_dev column unit = Jy/beam
2023-04-12 20:06:57	INFO	imstat::ImageStatsCalculator::statistics+	Minimum column unit = Jy/beam
2023-04-12 20:06:57	INFO	imstat::ImageStatsCalculator::statistics+	Maximum column unit = Jy/beam
2023-04-12 20:06:57	INFO	imstat::ImageStatsCalculator::statistics	Npts          Sum           Mean          Rms           Std_dev       Minimum       Maximum     
2023-04-12 20:06:57	INFO	imstat::ImageStatsCalculator::statistics	 7.067400e+04  1.032880e+02  1.461470e-03  2.742455e-03  2.320612e-03 -1.983814e-05  1.193842e-02
2023-04-12 20:06:57	INFO	imstat::::casa	Task imstat complete. Start time: 2023-04-12 20:06:56.690516 End time: 2023-04-12 20:06:56.768412
2023-04-12 20:06:57	INFO	imstat::::casa	##### End Task: imstat               #####
2023-04-12 20:06:57	INFO	imstat::::casa	##########################################
2023-04-12 20:06:57	INFO	imstat::::casa	##########################################
2023-04-12 20:06:57	INFO	imstat::::casa	##### Begin Task: imstat             #####
2023-04-12 20:06:57	INFO	imstat::::casa	imstat( imagename='/lustre/cv/users/jspeedie/data/images_continuum/robust1.5/ABAur_continuum.clean.JvMcorr_lowres.image.pbcor', axes=[], region="annulus[[04h55m45.8549s, +30.33.03.733],['6.00arcsec', '10.0arcsec']]", box='', chans='', stokes='', listit=True, verbose=True, mask='', stretch=False, logfile='', append=True, algorithm='classic', fence=-1.0, center='mean', lside=True, zscore=-1.0, maxiter=-1, clmethod='auto', niter=3 )
2023-04-12 20:06:57	INFO	imstat::AsciiRegionFileParser::_parse	Combined 1 image regions (which excludes any annotation regions)
2023-04-12 20:06:57	INFO	imstat::AsciiRegionFileParser::_parse	The specified region will select all pixels that are included in the region. Full pixels will be included even when they are only partially covered by the region(s).
2023-04-12 20:06:57	INFO	imstat::CasacRegionManager::fromBCS	Region read from text string annulus[[04h55m45.8549s, +30.33.03.733],['6.00arcsec', '10.0arcsec']]
2023-04-12 20:06:57	INFO	imstat::image::statistics 	Determining stats for image ABAur_continuum.clean.JvMcorr_lowres.image.pbcor
2023-04-12 20:06:57	INFO	imstat::ImageRegion::fromRecord	Selected bounding box : 
2023-04-12 20:06:57	INFO	imstat::ImageRegion::fromRecord+	    [524, 524, 0, 0] to [1524, 1524, 0, 0]  (04:55:46.629, +30.32.53.733, I, 2.26769e+11Hz to 04:55:45.081, +30.33.13.733, I, 2.26769e+11Hz)
2023-04-12 20:06:57	INFO	imstat::ImageStatsCalculator::_logStartup	Statistics calculated using Classic algorithm
2023-04-12 20:06:57	INFO	imstat::ImageStatsCalculator::_logStartup	Regions --- 
2023-04-12 20:06:57	INFO	imstat::ImageStatsCalculator::_logStartup	         -- bottom-left corner (pixel) [blc]:  [524, 524, 0, 0]
2023-04-12 20:06:57	INFO	imstat::ImageStatsCalculator::_logStartup	         -- top-right corner (pixel) [trc]:    [1524, 1524, 0, 0]
2023-04-12 20:06:57	INFO	imstat::ImageStatsCalculator::_logStartup	         -- bottom-left corner (world) [blcf]: 04:55:46.629, +30.32.53.733, I, 2.26769e+11Hz
2023-04-12 20:06:57	INFO	imstat::ImageStatsCalculator::_logStartup	         -- top-right corner (world) [trcf]:   04:55:45.081, +30.33.13.733, I, 2.26769e+11Hz
2023-04-12 20:06:57	INFO	imstat::::	Values --- 
2023-04-12 20:06:57	INFO	imstat::::	         -- flux density [flux]:                    -0.0168828 Jy
2023-04-12 20:06:57	INFO	imstat::::	         -- number of points [npts]:                502718
2023-04-12 20:06:57	INFO	imstat::::	         -- maximum value [max]:                    0.000112384 Jy/beam
2023-04-12 20:06:57	INFO	imstat::::	         -- minimum value [min]:                    -0.000168476 Jy/beam
2023-04-12 20:06:57	INFO	imstat::::	         -- position of max value (pixel) [maxpos]: [774, 607, 0, 0]
2023-04-12 20:06:57	INFO	imstat::::	         -- position of min value (pixel) [minpos]: [1489, 1172, 0, 0]
2023-04-12 20:06:57	INFO	imstat::::	         -- position of max value (world) [maxposf]: 04:55:46.242, +30.32.55.393, I, 2.26769e+11Hz
2023-04-12 20:06:57	INFO	imstat::::	         -- position of min value (world) [minposf]: 04:55:45.135, +30.33.06.693, I, 2.26769e+11Hz
2023-04-12 20:06:57	INFO	imstat::::	         -- Sum of pixel values [sum]:               -19.3195 Jy/beam
2023-04-12 20:06:57	INFO	imstat::::	         -- Sum of squared pixel values [sumsq]:     0.00155813 Jy/beam.Jy/beam
2023-04-12 20:06:57	INFO	imstat::::	Statistics --- 
2023-04-12 20:06:57	INFO	imstat::::	        -- Mean of the pixel values [mean]:         -3.843e-05 Jy/beam
2023-04-12 20:06:57	INFO	imstat::::	        -- Variance of the pixel values :           1.62255e-09 Jy/beam
2023-04-12 20:06:57	INFO	imstat::::	        -- Standard deviation of the Mean [sigma]:  4.02809e-05 Jy/beam
2023-04-12 20:06:57	INFO	imstat::::	        -- Root mean square [rms]:                  5.56724e-05 Jy/beam
2023-04-12 20:06:57	INFO	imstat::::	        -- Median of the pixel values [median]:     -4.9063e-05 Jy/beam
2023-04-12 20:06:57	INFO	imstat::::	        -- Median of the deviations [medabsdevmed]: 2.17567e-05 Jy/beam
2023-04-12 20:06:57	INFO	imstat::::	        -- IQR [quartile]:                          5.06876e-05 Jy/beam
2023-04-12 20:06:57	INFO	imstat::::	        -- First quartile [q1]:                     -6.68437e-05 Jy/beam
2023-04-12 20:06:57	INFO	imstat::::	        -- Third quartile [q3]:                     -1.61561e-05 Jy/beam
2023-04-12 20:06:57	INFO	imstat::ImageStatsCalculator::statistics	Sum column unit = Jy/beam
2023-04-12 20:06:57	INFO	imstat::ImageStatsCalculator::statistics+	Mean column unit = Jy/beam
2023-04-12 20:06:57	INFO	imstat::ImageStatsCalculator::statistics+	Std_dev column unit = Jy/beam
2023-04-12 20:06:57	INFO	imstat::ImageStatsCalculator::statistics+	Minimum column unit = Jy/beam
2023-04-12 20:06:57	INFO	imstat::ImageStatsCalculator::statistics+	Maximum column unit = Jy/beam
2023-04-12 20:06:57	INFO	imstat::ImageStatsCalculator::statistics	Npts          Sum           Mean          Rms           Std_dev       Minimum       Maximum     
2023-04-12 20:06:57	INFO	imstat::ImageStatsCalculator::statistics	 5.027180e+05 -1.931946e+01 -3.843002e-05  5.567236e-05  4.028087e-05 -1.684758e-04  1.123836e-04
2023-04-12 20:06:57	INFO	imstat::::casa	Task imstat complete. Start time: 2023-04-12 20:06:56.774207 End time: 2023-04-12 20:06:56.876222
2023-04-12 20:06:57	INFO	imstat::::casa	##### End Task: imstat               #####
2023-04-12 20:06:57	INFO	imstat::::casa	##########################################
2023-04-12 20:06:57	INFO	imstat::::casa	##########################################
2023-04-12 20:06:57	INFO	imstat::::casa	##### Begin Task: imstat             #####
2023-04-12 20:06:57	INFO	imstat::::casa	imstat( imagename='/lustre/cv/users/jspeedie/data/images_continuum/robust1.5/ABAur_continuum.clean.JvMcorr_lowres.image.pbcor', axes=[], region='circle[[04h55m45.8549s, +30.33.03.733], 3.0arcsec]', box='', chans='', stokes='', listit=True, verbose=True, mask='', stretch=False, logfile='', append=True, algorithm='classic', fence=-1.0, center='mean', lside=True, zscore=-1.0, maxiter=-1, clmethod='auto', niter=3 )
2023-04-12 20:06:57	INFO	imstat::AsciiRegionFileParser::_parse	Combined 1 image regions (which excludes any annotation regions)
2023-04-12 20:06:57	INFO	imstat::AsciiRegionFileParser::_parse	The specified region will select all pixels that are included in the region. Full pixels will be included even when they are only partially covered by the region(s).
2023-04-12 20:06:57	INFO	imstat::CasacRegionManager::fromBCS	Region read from text string circle[[04h55m45.8549s, +30.33.03.733], 3.0arcsec]
2023-04-12 20:06:57	INFO	imstat::image::statistics 	Determining stats for image ABAur_continuum.clean.JvMcorr_lowres.image.pbcor
2023-04-12 20:06:57	INFO	imstat::ImageRegion::fromRecord	Selected bounding box : 
2023-04-12 20:06:57	INFO	imstat::ImageRegion::fromRecord+	    [874, 874, 0, 0] to [1174, 1173, 0, 0]  (04:55:46.087, +30.33.00.733, I, 2.26769e+11Hz to 04:55:45.623, +30.33.06.713, I, 2.26769e+11Hz)
2023-04-12 20:06:57	INFO	imstat::ImageStatsCalculator::_logStartup	Statistics calculated using Classic algorithm
2023-04-12 20:06:57	INFO	imstat::ImageStatsCalculator::_logStartup	Regions --- 
2023-04-12 20:06:57	INFO	imstat::ImageStatsCalculator::_logStartup	         -- bottom-left corner (pixel) [blc]:  [874, 874, 0, 0]
2023-04-12 20:06:57	INFO	imstat::ImageStatsCalculator::_logStartup	         -- top-right corner (pixel) [trc]:    [1174, 1173, 0, 0]
2023-04-12 20:06:57	INFO	imstat::ImageStatsCalculator::_logStartup	         -- bottom-left corner (world) [blcf]: 04:55:46.087, +30.33.00.733, I, 2.26769e+11Hz
2023-04-12 20:06:57	INFO	imstat::ImageStatsCalculator::_logStartup	         -- top-right corner (world) [trcf]:   04:55:45.623, +30.33.06.713, I, 2.26769e+11Hz
2023-04-12 20:06:57	INFO	imstat::::	Values --- 
2023-04-12 20:06:57	INFO	imstat::::	         -- flux density [flux]:                    0.0902606 Jy
2023-04-12 20:06:57	INFO	imstat::::	         -- number of points [npts]:                70674
2023-04-12 20:06:57	INFO	imstat::::	         -- maximum value [max]:                    0.0119384 Jy/beam
2023-04-12 20:06:57	INFO	imstat::::	         -- minimum value [min]:                    -1.98381e-05 Jy/beam
2023-04-12 20:06:57	INFO	imstat::::	         -- position of max value (pixel) [maxpos]: [1071, 1022, 0, 0]
2023-04-12 20:06:57	INFO	imstat::::	         -- position of min value (pixel) [minpos]: [921, 930, 0, 0]
2023-04-12 20:06:57	INFO	imstat::::	         -- position of max value (world) [maxposf]: 04:55:45.782, +30.33.03.693, I, 2.26769e+11Hz
2023-04-12 20:06:57	INFO	imstat::::	         -- position of min value (world) [minposf]: 04:55:46.014, +30.33.01.853, I, 2.26769e+11Hz
2023-04-12 20:06:57	INFO	imstat::::	         -- Sum of pixel values [sum]:               103.288 Jy/beam
2023-04-12 20:06:57	INFO	imstat::::	         -- Sum of squared pixel values [sumsq]:     0.531543 Jy/beam.Jy/beam
2023-04-12 20:06:57	INFO	imstat::::	Statistics --- 
2023-04-12 20:06:57	INFO	imstat::::	        -- Mean of the pixel values [mean]:         0.00146147 Jy/beam
2023-04-12 20:06:57	INFO	imstat::::	        -- Variance of the pixel values :           5.38524e-06 Jy/beam
2023-04-12 20:06:57	INFO	imstat::::	        -- Standard deviation of the Mean [sigma]:  0.00232061 Jy/beam
2023-04-12 20:06:57	INFO	imstat::::	        -- Root mean square [rms]:                  0.00274246 Jy/beam
2023-04-12 20:06:57	INFO	imstat::::	        -- Median of the pixel values [median]:     0.000205446 Jy/beam
2023-04-12 20:06:57	INFO	imstat::::	        -- Median of the deviations [medabsdevmed]: 0.000170604 Jy/beam
2023-04-12 20:06:57	INFO	imstat::::	        -- IQR [quartile]:                          0.00201142 Jy/beam
2023-04-12 20:06:57	INFO	imstat::::	        -- First quartile [q1]:                     8.07321e-05 Jy/beam
2023-04-12 20:06:57	INFO	imstat::::	        -- Third quartile [q3]:                     0.00209216 Jy/beam
2023-04-12 20:06:57	INFO	imstat::ImageStatsCalculator::statistics	Sum column unit = Jy/beam
2023-04-12 20:06:57	INFO	imstat::ImageStatsCalculator::statistics+	Mean column unit = Jy/beam
2023-04-12 20:06:57	INFO	imstat::ImageStatsCalculator::statistics+	Std_dev column unit = Jy/beam
2023-04-12 20:06:57	INFO	imstat::ImageStatsCalculator::statistics+	Minimum column unit = Jy/beam
2023-04-12 20:06:57	INFO	imstat::ImageStatsCalculator::statistics+	Maximum column unit = Jy/beam
2023-04-12 20:06:57	INFO	imstat::ImageStatsCalculator::statistics	Npts          Sum           Mean          Rms           Std_dev       Minimum       Maximum     
2023-04-12 20:06:57	INFO	imstat::ImageStatsCalculator::statistics	 7.067400e+04  1.032880e+02  1.461470e-03  2.742455e-03  2.320612e-03 -1.983814e-05  1.193842e-02
2023-04-12 20:06:57	INFO	imstat::::casa	Task imstat complete. Start time: 2023-04-12 20:06:56.879662 End time: 2023-04-12 20:06:56.961075
2023-04-12 20:06:57	INFO	imstat::::casa	##### End Task: imstat               #####
2023-04-12 20:06:57	INFO	imstat::::casa	##########################################
2023-04-12 20:06:57	INFO	imstat::::casa	##########################################
2023-04-12 20:06:57	INFO	imstat::::casa	##### Begin Task: imstat             #####
2023-04-12 20:06:57	INFO	imstat::::casa	imstat( imagename='/lustre/cv/users/jspeedie/data/images_continuum/robust1.5/ABAur_continuum.clean.JvMcorr_lowres.image.pbcor', axes=[], region="annulus[[04h55m45.8549s, +30.33.03.733],['6.00arcsec', '10.0arcsec']]", box='', chans='', stokes='', listit=True, verbose=True, mask='', stretch=False, logfile='', append=True, algorithm='classic', fence=-1.0, center='mean', lside=True, zscore=-1.0, maxiter=-1, clmethod='auto', niter=3 )
2023-04-12 20:06:57	INFO	imstat::AsciiRegionFileParser::_parse	Combined 1 image regions (which excludes any annotation regions)
2023-04-12 20:06:57	INFO	imstat::AsciiRegionFileParser::_parse	The specified region will select all pixels that are included in the region. Full pixels will be included even when they are only partially covered by the region(s).
2023-04-12 20:06:57	INFO	imstat::CasacRegionManager::fromBCS	Region read from text string annulus[[04h55m45.8549s, +30.33.03.733],['6.00arcsec', '10.0arcsec']]
2023-04-12 20:06:57	INFO	imstat::image::statistics 	Determining stats for image ABAur_continuum.clean.JvMcorr_lowres.image.pbcor
2023-04-12 20:06:57	INFO	imstat::ImageRegion::fromRecord	Selected bounding box : 
2023-04-12 20:06:57	INFO	imstat::ImageRegion::fromRecord+	    [524, 524, 0, 0] to [1524, 1524, 0, 0]  (04:55:46.629, +30.32.53.733, I, 2.26769e+11Hz to 04:55:45.081, +30.33.13.733, I, 2.26769e+11Hz)
2023-04-12 20:06:57	INFO	imstat::ImageStatsCalculator::_logStartup	Statistics calculated using Classic algorithm
2023-04-12 20:06:57	INFO	imstat::ImageStatsCalculator::_logStartup	Regions --- 
2023-04-12 20:06:57	INFO	imstat::ImageStatsCalculator::_logStartup	         -- bottom-left corner (pixel) [blc]:  [524, 524, 0, 0]
2023-04-12 20:06:57	INFO	imstat::ImageStatsCalculator::_logStartup	         -- top-right corner (pixel) [trc]:    [1524, 1524, 0, 0]
2023-04-12 20:06:57	INFO	imstat::ImageStatsCalculator::_logStartup	         -- bottom-left corner (world) [blcf]: 04:55:46.629, +30.32.53.733, I, 2.26769e+11Hz
2023-04-12 20:06:57	INFO	imstat::ImageStatsCalculator::_logStartup	         -- top-right corner (world) [trcf]:   04:55:45.081, +30.33.13.733, I, 2.26769e+11Hz
2023-04-12 20:06:57	INFO	imstat::::	Values --- 
2023-04-12 20:06:57	INFO	imstat::::	         -- flux density [flux]:                    -0.0168828 Jy
2023-04-12 20:06:57	INFO	imstat::::	         -- number of points [npts]:                502718
2023-04-12 20:06:57	INFO	imstat::::	         -- maximum value [max]:                    0.000112384 Jy/beam
2023-04-12 20:06:57	INFO	imstat::::	         -- minimum value [min]:                    -0.000168476 Jy/beam
2023-04-12 20:06:57	INFO	imstat::::	         -- position of max value (pixel) [maxpos]: [774, 607, 0, 0]
2023-04-12 20:06:57	INFO	imstat::::	         -- position of min value (pixel) [minpos]: [1489, 1172, 0, 0]
2023-04-12 20:06:57	INFO	imstat::::	         -- position of max value (world) [maxposf]: 04:55:46.242, +30.32.55.393, I, 2.26769e+11Hz
2023-04-12 20:06:57	INFO	imstat::::	         -- position of min value (world) [minposf]: 04:55:45.135, +30.33.06.693, I, 2.26769e+11Hz
2023-04-12 20:06:57	INFO	imstat::::	         -- Sum of pixel values [sum]:               -19.3195 Jy/beam
2023-04-12 20:06:57	INFO	imstat::::	         -- Sum of squared pixel values [sumsq]:     0.00155813 Jy/beam.Jy/beam
2023-04-12 20:06:57	INFO	imstat::::	Statistics --- 
2023-04-12 20:06:57	INFO	imstat::::	        -- Mean of the pixel values [mean]:         -3.843e-05 Jy/beam
2023-04-12 20:06:57	INFO	imstat::::	        -- Variance of the pixel values :           1.62255e-09 Jy/beam
2023-04-12 20:06:57	INFO	imstat::::	        -- Standard deviation of the Mean [sigma]:  4.02809e-05 Jy/beam
2023-04-12 20:06:57	INFO	imstat::::	        -- Root mean square [rms]:                  5.56724e-05 Jy/beam
2023-04-12 20:06:57	INFO	imstat::::	        -- Median of the pixel values [median]:     -4.9063e-05 Jy/beam
2023-04-12 20:06:57	INFO	imstat::::	        -- Median of the deviations [medabsdevmed]: 2.17567e-05 Jy/beam
2023-04-12 20:06:57	INFO	imstat::::	        -- IQR [quartile]:                          5.06876e-05 Jy/beam
2023-04-12 20:06:57	INFO	imstat::::	        -- First quartile [q1]:                     -6.68437e-05 Jy/beam
2023-04-12 20:06:57	INFO	imstat::::	        -- Third quartile [q3]:                     -1.61561e-05 Jy/beam
2023-04-12 20:06:57	INFO	imstat::ImageStatsCalculator::statistics	Sum column unit = Jy/beam
2023-04-12 20:06:57	INFO	imstat::ImageStatsCalculator::statistics+	Mean column unit = Jy/beam
2023-04-12 20:06:57	INFO	imstat::ImageStatsCalculator::statistics+	Std_dev column unit = Jy/beam
2023-04-12 20:06:57	INFO	imstat::ImageStatsCalculator::statistics+	Minimum column unit = Jy/beam
2023-04-12 20:06:57	INFO	imstat::ImageStatsCalculator::statistics+	Maximum column unit = Jy/beam
2023-04-12 20:06:57	INFO	imstat::ImageStatsCalculator::statistics	Npts          Sum           Mean          Rms           Std_dev       Minimum       Maximum     
2023-04-12 20:06:57	INFO	imstat::ImageStatsCalculator::statistics	 5.027180e+05 -1.931946e+01 -3.843002e-05  5.567236e-05  4.028087e-05 -1.684758e-04  1.123836e-04
2023-04-12 20:06:57	INFO	imstat::::casa	Task imstat complete. Start time: 2023-04-12 20:06:56.964536 End time: 2023-04-12 20:06:57.080708
2023-04-12 20:06:57	INFO	imstat::::casa	##### End Task: imstat               #####
2023-04-12 20:06:57	INFO	imstat::::casa	##########################################
