2023-04-12 17:25:41	INFO	::casa	
2023-04-12 17:25:42	INFO	::casa	CASA Version MODULAR 6.4.3.27
2023-04-12 17:25:42	INFO	::casa	Can't import casatelemetry module.
2023-04-12 17:25:43	INFO	tclean::::casa	##########################################
2023-04-12 17:25:43	INFO	tclean::::casa	##### Begin Task: tclean             #####
2023-04-12 17:25:43	INFO	tclean::::casa	tclean( vis='workflow/step3/ABAur_continuum.ms', selectdata=True, field='', spw='', timerange='', uvrange='', antenna='', scan='', observation='', intent='', datacolumn='corrected', imagename='/lustre/cv/users/jspeedie/data/images_continuum/robust0.5/ABAur_continuum.dirty', imsize=[2048], cell=['0.02arcsec'], phasecenter='', stokes='I', projection='SIN', startmodel='', specmode='mfs', reffreq='', nchan=-1, start='', width='', outframe='LSRK', veltype='radio', restfreq=[], interpolation='linear', perchanweightdensity=True, gridder='standard', facets=1, psfphasecenter='', wprojplanes=1, vptable='', mosweight=True, aterm=True, psterm=False, wbawp=True, conjbeams=False, cfcache='', usepointing=False, computepastep=360.0, rotatepastep=360.0, pointingoffsetsigdev=[], pblimit=0.2, normtype='flatnoise', deconvolver='hogbom', scales=[], nterms=1, smallscalebias=0.6, restoration=True, restoringbeam=[], pbcor=False, outlierfile='', weighting='briggs', robust=0.5, noise='1.0Jy', npixels=0, uvtaper=[], niter=0, gain=0.1, threshold=0.0, nsigma=0.0, cycleniter=300, cyclefactor=1.0, minpsffraction=0.05, maxpsffraction=0.8, interactive=False, usemask='user', mask='circle[[04h55m45.8549s, +30.33.03.733], 3.0arcsec]', pbmask=0.0, sidelobethreshold=3.0, noisethreshold=5.0, lownoisethreshold=1.5, negativethreshold=0.0, smoothfactor=1.0, minbeamfrac=0.3, cutthreshold=0.01, growiterations=75, dogrowprune=True, minpercentchange=-1.0, verbose=False, fastnoise=True, restart=True, savemodel='none', calcres=True, calcpsf=True, psfcutoff=0.35, parallel=False )
2023-04-12 17:25:43	INFO	tclean::::casa	Verifying Input Parameters
2023-04-12 17:25:43	INFO	SynthesisImagerVi2::selectData 	MS : workflow/step3/ABAur_continuum.ms | [Opened in readonly mode]
2023-04-12 17:25:49	INFO	SynthesisImagerVi2::selectData 	  NRows selected : 13623405
2023-04-12 17:25:49	SEVERE	MeasTable::dUTC(Double) (file casacore/measures/Measures/MeasTable.cc, line 4290)	Leap second table TAI_UTC seems out-of-date.
2023-04-12 17:25:49	SEVERE	MeasTable::dUTC(Double) (file casacore/measures/Measures/MeasTable.cc, line 4290)+	Until the table is updated (see the CASA documentation or your system admin),
2023-04-12 17:25:49	SEVERE	MeasTable::dUTC(Double) (file casacore/measures/Measures/MeasTable.cc, line 4290)+	times and coordinates derived from UTC could be wrong by 1s or more.
2023-04-12 17:26:13	INFO	SynthesisImagerVi2::defineImage 	Define image coordinates for [/lustre/cv/users/jspeedie/data/images_continuum/robust0.5/ABAur_continuum.dirty] : 
2023-04-12 17:26:17	INFO	SynthesisImagerVi2::defineImage 	Impars : start 
2023-04-12 17:26:17	INFO	SynthesisImagerVi2::defineImage 	Shape : [2048, 2048, 1, 1]Spectral : [2.26769e+11] at [0] with increment [1.44749e+10]
2023-04-12 17:26:17	INFO	SynthesisImagerVi2::defineImage 	Set Gridding options for [/lustre/cv/users/jspeedie/data/images_continuum/robust0.5/ABAur_continuum.dirty] with ftmachine : gridft
2023-04-12 17:26:17	INFO	SynthesisImagerVi2::nSubCubeFitInMemory	Required memory: 0.2095 GB. Available mem.: 158.6 GB (rc, mem. fraction: 80%, memory: -) => Subcubes: 1. Processes on node: 1.
2023-04-12 17:26:17	INFO	SynthesisImagerVi2::weight() 	Set imaging weights : Briggs weighting: sidelobes will be suppressed over full image
2023-04-12 17:26:58	INFO	VisSetUtil::VisImagingWeight() 	Normal robustness, robust = 0.5
2023-04-12 17:26:58	INFO	task_tclean::SynthesisDeconvolver::setupDeconvolution 	Set Deconvolution Options for [/lustre/cv/users/jspeedie/data/images_continuum/robust0.5/ABAur_continuum.dirty] : hogbom
2023-04-12 17:26:58	INFO	SynthesisImager::makePSF 	----------------------------------------------------------- Make PSF ---------------------------------------------
2023-04-12 17:33:10	INFO	SIImageStore::calcSensitivity 	[/lustre/cv/users/jspeedie/data/images_continuum/robust0.5/ABAur_continuum.dirty] Theoretical sensitivity (Jy/bm):3.38294e-06 
2023-04-12 17:33:10	INFO	SIImageStore::getPSFGaussian 	Time to fit Gaussian to PSF 0.09
2023-04-12 17:33:10	INFO	SIImageStore::printBeamSet 	Beam : 0.241159 arcsec, 0.179547 arcsec, -4.71411 deg
2023-04-12 17:33:10	INFO	task_tclean::SynthesisImagerVi2::makePrimaryBeam 	vi2 : Evaluating Primary Beam model onto image grid(s)
2023-04-12 17:33:20	INFO	task_tclean::SynthesisImager::executeMajorCycle 	----------------------------------------------------------- Run (Last) Major Cycle 1 -------------------------------------
2023-04-12 17:38:23	INFO	task_tclean::SDAlgorithmBase::restore 	[/lustre/cv/users/jspeedie/data/images_continuum/robust0.5/ABAur_continuum.dirty] : Restoring model image.
2023-04-12 17:38:23	WARN	task_tclean::SIImageStore::restore (file src/code/synthesis/ImagerObjects/SIImageStore.cc, line 2246)	Restoring with an empty model image. Only residuals will be processed to form the output restored image.
2023-04-12 17:38:26	INFO	task_tclean::SIImageStore::restore 	Beam for chan : 0 : 0.241159 arcsec, 0.179547 arcsec, -4.71411 deg
2023-04-12 17:38:27	INFO	tclean::::casa	Searching for images with prefix '/lustre/cv/users/jspeedie/data/images_continuum/robust0.5/ABAur_continuum.dirty'... Found these, writing history into them: ['/lustre/cv/users/jspeedie/data/images_continuum/robust0.5/ABAur_continuum.dirty.image', '/lustre/cv/users/jspeedie/data/images_continuum/robust0.5/ABAur_continuum.dirty.psf', '/lustre/cv/users/jspeedie/data/images_continuum/robust0.5/ABAur_continuum.dirty.pb', '/lustre/cv/users/jspeedie/data/images_continuum/robust0.5/ABAur_continuum.dirty.sumwt', '/lustre/cv/users/jspeedie/data/images_continuum/robust0.5/ABAur_continuum.dirty.residual', '/lustre/cv/users/jspeedie/data/images_continuum/robust0.5/ABAur_continuum.dirty.model']
2023-04-12 17:38:29	INFO	tclean::::casa	Task tclean complete. Start time: 2023-04-12 17:25:42.530944 End time: 2023-04-12 17:38:28.891728
2023-04-12 17:38:29	INFO	tclean::::casa	##### End Task: tclean               #####
2023-04-12 17:38:29	INFO	tclean::::casa	##########################################
2023-04-12 17:38:29	INFO	exportfits::::casa	##########################################
2023-04-12 17:38:29	INFO	exportfits::::casa	##### Begin Task: exportfits         #####
2023-04-12 17:38:29	INFO	exportfits::::casa	exportfits( imagename='/lustre/cv/users/jspeedie/data/images_continuum/robust0.5/ABAur_continuum.dirty.image', fitsimage='/lustre/cv/users/jspeedie/data/images_continuum/robust0.5/ABAur_continuum.dirty.image.fits', velocity=False, optical=False, bitpix=-32, minpix=0, maxpix=-1, overwrite=True, dropstokes=True, stokeslast=True, history=True, dropdeg=False )
2023-04-12 17:38:29	INFO	exportfits::ImageFactory::toFITS	Applying mask of name 'mask0'
2023-04-12 17:38:29	INFO	exportfits::ImageRegion::fromRecord	Selected bounding box : 
2023-04-12 17:38:29	INFO	exportfits::ImageRegion::fromRecord+	    [0, 0, 0, 0] to [2047, 2047, 0, 0]  (04:55:47.440, +30.32.43.253, I, 2.26769e+11Hz to 04:55:44.271, +30.33.24.193, I, 2.26769e+11Hz)
2023-04-12 17:38:29	INFO	exportfits::ImageFitsConverter::ImageHeaderToFITS 	Truncating miscinfo field useweightimage to useweigh
2023-04-12 17:38:29	INFO	exportfits::::casa	Task exportfits complete. Start time: 2023-04-12 17:38:28.906767 End time: 2023-04-12 17:38:29.062680
2023-04-12 17:38:29	INFO	exportfits::::casa	##### End Task: exportfits           #####
2023-04-12 17:38:29	INFO	exportfits::::casa	##########################################
2023-04-12 17:38:29	INFO	exportfits::::casa	##########################################
2023-04-12 17:38:29	INFO	exportfits::::casa	##### Begin Task: exportfits         #####
2023-04-12 17:38:29	INFO	exportfits::::casa	exportfits( imagename='/lustre/cv/users/jspeedie/data/images_continuum/robust0.5/ABAur_continuum.dirty.psf', fitsimage='/lustre/cv/users/jspeedie/data/images_continuum/robust0.5/ABAur_continuum.dirty.psf.fits', velocity=False, optical=False, bitpix=-32, minpix=0, maxpix=-1, overwrite=True, dropstokes=True, stokeslast=True, history=True, dropdeg=False )
2023-04-12 17:38:29	INFO	exportfits::ImageRegion::fromRecord	Selected bounding box : 
2023-04-12 17:38:29	INFO	exportfits::ImageRegion::fromRecord+	    [0, 0, 0, 0] to [2047, 2047, 0, 0]  (04:55:47.440, +30.32.43.253, I, 2.26769e+11Hz to 04:55:44.271, +30.33.24.193, I, 2.26769e+11Hz)
2023-04-12 17:38:29	INFO	exportfits::::casa	Task exportfits complete. Start time: 2023-04-12 17:38:29.065487 End time: 2023-04-12 17:38:29.200343
2023-04-12 17:38:29	INFO	exportfits::::casa	##### End Task: exportfits           #####
2023-04-12 17:38:29	INFO	exportfits::::casa	##########################################
2023-04-12 17:38:29	INFO	imstat::::casa	##########################################
2023-04-12 17:38:29	INFO	imstat::::casa	##### Begin Task: imstat             #####
2023-04-12 17:38:29	INFO	imstat::::casa	imstat( imagename='/lustre/cv/users/jspeedie/data/images_continuum/robust0.5/ABAur_continuum.dirty.image', axes=[], region="annulus[[04h55m45.8549s, +30.33.03.733],['6.00arcsec', '10.0arcsec']]", box='', chans='', stokes='', listit=True, verbose=True, mask='', stretch=False, logfile='', append=True, algorithm='classic', fence=-1.0, center='mean', lside=True, zscore=-1.0, maxiter=-1, clmethod='auto', niter=3 )
2023-04-12 17:38:29	INFO	imstat::AsciiRegionFileParser::_parse	Combined 1 image regions (which excludes any annotation regions)
2023-04-12 17:38:29	INFO	imstat::AsciiRegionFileParser::_parse	The specified region will select all pixels that are included in the region. Full pixels will be included even when they are only partially covered by the region(s).
2023-04-12 17:38:29	INFO	imstat::CasacRegionManager::fromBCS	Region read from text string annulus[[04h55m45.8549s, +30.33.03.733],['6.00arcsec', '10.0arcsec']]
2023-04-12 17:38:29	INFO	imstat::image::statistics 	Determining stats for image ABAur_continuum.dirty.image
2023-04-12 17:38:29	INFO	imstat::ImageRegion::fromRecord	Selected bounding box : 
2023-04-12 17:38:29	INFO	imstat::ImageRegion::fromRecord+	    [524, 524, 0, 0] to [1524, 1524, 0, 0]  (04:55:46.629, +30.32.53.733, I, 2.26769e+11Hz to 04:55:45.081, +30.33.13.733, I, 2.26769e+11Hz)
2023-04-12 17:38:29	INFO	imstat::ImageStatsCalculator::_logStartup	Statistics calculated using Classic algorithm
2023-04-12 17:38:29	INFO	imstat::ImageStatsCalculator::_logStartup	Regions --- 
2023-04-12 17:38:29	INFO	imstat::ImageStatsCalculator::_logStartup	         -- bottom-left corner (pixel) [blc]:  [524, 524, 0, 0]
2023-04-12 17:38:29	INFO	imstat::ImageStatsCalculator::_logStartup	         -- top-right corner (pixel) [trc]:    [1524, 1524, 0, 0]
2023-04-12 17:38:29	INFO	imstat::ImageStatsCalculator::_logStartup	         -- bottom-left corner (world) [blcf]: 04:55:46.629, +30.32.53.733, I, 2.26769e+11Hz
2023-04-12 17:38:29	INFO	imstat::ImageStatsCalculator::_logStartup	         -- top-right corner (world) [trcf]:   04:55:45.081, +30.33.13.733, I, 2.26769e+11Hz
2023-04-12 17:38:30	INFO	imstat::::	Values --- 
2023-04-12 17:38:30	INFO	imstat::::	         -- flux density [flux]:                    -0.104768 Jy
2023-04-12 17:38:30	INFO	imstat::::	         -- number of points [npts]:                502718
2023-04-12 17:38:30	INFO	imstat::::	         -- maximum value [max]:                    0.000133271 Jy/beam
2023-04-12 17:38:30	INFO	imstat::::	         -- minimum value [min]:                    -0.000188732 Jy/beam
2023-04-12 17:38:30	INFO	imstat::::	         -- position of max value (pixel) [maxpos]: [1071, 1485, 0, 0]
2023-04-12 17:38:30	INFO	imstat::::	         -- position of min value (pixel) [minpos]: [717, 1379, 0, 0]
2023-04-12 17:38:30	INFO	imstat::::	         -- position of max value (world) [maxposf]: 04:55:45.782, +30.33.12.953, I, 2.26769e+11Hz
2023-04-12 17:38:30	INFO	imstat::::	         -- position of min value (world) [minposf]: 04:55:46.330, +30.33.10.833, I, 2.26769e+11Hz
2023-04-12 17:38:30	INFO	imstat::::	         -- Sum of pixel values [sum]:               -12.8504 Jy/beam
2023-04-12 17:38:30	INFO	imstat::::	         -- Sum of squared pixel values [sumsq]:     0.00126715 Jy/beam.Jy/beam
2023-04-12 17:38:30	INFO	imstat::::	Statistics --- 
2023-04-12 17:38:30	INFO	imstat::::	        -- Mean of the pixel values [mean]:         -2.55618e-05 Jy/beam
2023-04-12 17:38:30	INFO	imstat::::	        -- Variance of the pixel values :           1.86719e-09 Jy/beam
2023-04-12 17:38:30	INFO	imstat::::	        -- Standard deviation of the Mean [sigma]:  4.3211e-05 Jy/beam
2023-04-12 17:38:30	INFO	imstat::::	        -- Root mean square [rms]:                  5.02055e-05 Jy/beam
2023-04-12 17:38:30	INFO	imstat::::	        -- Median of the pixel values [median]:     -2.8625e-05 Jy/beam
2023-04-12 17:38:30	INFO	imstat::::	        -- Median of the deviations [medabsdevmed]: 3.08546e-05 Jy/beam
2023-04-12 17:38:30	INFO	imstat::::	        -- IQR [quartile]:                          6.2289e-05 Jy/beam
2023-04-12 17:38:30	INFO	imstat::::	        -- First quartile [q1]:                     -5.75899e-05 Jy/beam
2023-04-12 17:38:30	INFO	imstat::::	        -- Third quartile [q3]:                     4.69905e-06 Jy/beam
2023-04-12 17:38:30	INFO	imstat::ImageStatsCalculator::statistics	Sum column unit = Jy/beam
2023-04-12 17:38:30	INFO	imstat::ImageStatsCalculator::statistics+	Mean column unit = Jy/beam
2023-04-12 17:38:30	INFO	imstat::ImageStatsCalculator::statistics+	Std_dev column unit = Jy/beam
2023-04-12 17:38:30	INFO	imstat::ImageStatsCalculator::statistics+	Minimum column unit = Jy/beam
2023-04-12 17:38:30	INFO	imstat::ImageStatsCalculator::statistics+	Maximum column unit = Jy/beam
2023-04-12 17:38:30	INFO	imstat::ImageStatsCalculator::statistics	Npts          Sum           Mean          Rms           Std_dev       Minimum       Maximum     
2023-04-12 17:38:30	INFO	imstat::ImageStatsCalculator::statistics	 5.027180e+05 -1.285038e+01 -2.556181e-05  5.020553e-05  4.321103e-05 -1.887320e-04  1.332708e-04
2023-04-12 17:38:30	INFO	imstat::::casa	Task imstat complete. Start time: 2023-04-12 17:38:29.318073 End time: 2023-04-12 17:38:29.554362
2023-04-12 17:38:30	INFO	imstat::::casa	##### End Task: imstat               #####
2023-04-12 17:38:30	INFO	imstat::::casa	##########################################
2023-04-12 17:38:30	INFO	tclean::::casa	##########################################
2023-04-12 17:38:30	INFO	tclean::::casa	##### Begin Task: tclean             #####
2023-04-12 17:38:30	INFO	tclean::::casa	tclean( vis='workflow/step3/ABAur_continuum.ms', selectdata=True, field='', spw='', timerange='', uvrange='', antenna='', scan='', observation='', intent='', datacolumn='corrected', imagename='/lustre/cv/users/jspeedie/data/images_continuum/robust0.5/ABAur_continuum.clean', imsize=[2048], cell=['0.02arcsec'], phasecenter='', stokes='I', projection='SIN', startmodel='', specmode='mfs', reffreq='', nchan=-1, start='', width='', outframe='LSRK', veltype='radio', restfreq=[], interpolation='linear', perchanweightdensity=True, gridder='standard', facets=1, psfphasecenter='', wprojplanes=1, vptable='', mosweight=True, aterm=True, psterm=False, wbawp=True, conjbeams=False, cfcache='', usepointing=False, computepastep=360.0, rotatepastep=360.0, pointingoffsetsigdev=[], pblimit=0.2, normtype='flatnoise', deconvolver='hogbom', scales=[], nterms=1, smallscalebias=0.6, restoration=True, restoringbeam=[], pbcor=False, outlierfile='', weighting='briggs', robust=0.5, noise='1.0Jy', npixels=0, uvtaper=[], niter=100000, gain=0.2, threshold='0.10041106mJy', nsigma=0.0, cycleniter=300, cyclefactor=1.0, minpsffraction=0.05, maxpsffraction=0.8, interactive=False, usemask='user', mask='circle[[04h55m45.8549s, +30.33.03.733], 3.0arcsec]', pbmask=0.0, sidelobethreshold=3.0, noisethreshold=5.0, lownoisethreshold=1.5, negativethreshold=0.0, smoothfactor=1.0, minbeamfrac=0.3, cutthreshold=0.01, growiterations=75, dogrowprune=True, minpercentchange=-1.0, verbose=False, fastnoise=True, restart=True, savemodel='none', calcres=True, calcpsf=True, psfcutoff=0.35, parallel=False )
2023-04-12 17:38:30	INFO	tclean::::casa	Verifying Input Parameters
2023-04-12 17:38:30	INFO	SynthesisImagerVi2::selectData 	MS : workflow/step3/ABAur_continuum.ms | [Opened in readonly mode]
2023-04-12 17:38:36	INFO	SynthesisImagerVi2::selectData 	  NRows selected : 13623405
2023-04-12 17:39:00	INFO	SynthesisImagerVi2::defineImage 	Define image coordinates for [/lustre/cv/users/jspeedie/data/images_continuum/robust0.5/ABAur_continuum.clean] : 
2023-04-12 17:39:04	INFO	SynthesisImagerVi2::defineImage 	Impars : start 
2023-04-12 17:39:04	INFO	SynthesisImagerVi2::defineImage 	Shape : [2048, 2048, 1, 1]Spectral : [2.26769e+11] at [0] with increment [1.44749e+10]
2023-04-12 17:39:04	INFO	SynthesisImagerVi2::defineImage 	Set Gridding options for [/lustre/cv/users/jspeedie/data/images_continuum/robust0.5/ABAur_continuum.clean] with ftmachine : gridft
2023-04-12 17:39:04	INFO	SynthesisImagerVi2::nSubCubeFitInMemory	Required memory: 0.2095 GB. Available mem.: 198.4 GB (rc, mem. fraction: 80%, memory: -) => Subcubes: 1. Processes on node: 1.
2023-04-12 17:39:05	INFO	SynthesisImagerVi2::weight() 	Set imaging weights : Briggs weighting: sidelobes will be suppressed over full image
2023-04-12 17:39:44	INFO	VisSetUtil::VisImagingWeight() 	Normal robustness, robust = 0.5
2023-04-12 17:39:44	INFO	task_tclean::SynthesisDeconvolver::setupDeconvolution 	Set Deconvolution Options for [/lustre/cv/users/jspeedie/data/images_continuum/robust0.5/ABAur_continuum.clean] : hogbom
2023-04-12 17:39:44	INFO	task_tclean::SynthesisImager::makePSF 	----------------------------------------------------------- Make PSF ---------------------------------------------
2023-04-12 17:44:50	INFO	task_tclean::SIImageStore::calcSensitivity 	[/lustre/cv/users/jspeedie/data/images_continuum/robust0.5/ABAur_continuum.clean] Theoretical sensitivity (Jy/bm):3.38294e-06 
2023-04-12 17:44:50	INFO	task_tclean::SIImageStore::getPSFGaussian 	Time to fit Gaussian to PSF 0.05
2023-04-12 17:44:50	INFO	task_tclean::SIImageStore::printBeamSet 	Beam : 0.241159 arcsec, 0.179547 arcsec, -4.71411 deg
2023-04-12 17:44:51	INFO	task_tclean::SynthesisImagerVi2::makePrimaryBeam 	vi2 : Evaluating Primary Beam model onto image grid(s)
2023-04-12 17:45:01	INFO	task_tclean::SynthesisImager::executeMajorCycle 	----------------------------------------------------------- Run Major Cycle 1 -------------------------------------
2023-04-12 17:49:58	INFO	task_tclean::SynthesisDeconvolver::initMinorCycle 	 Absolute Peak residual within mask : 0.00351153, over full image : 0.00351153
2023-04-12 17:49:58	INFO	SynthesisDeconvolver::setupMask 	[/lustre/cv/users/jspeedie/data/images_continuum/robust0.5/ABAur_continuum.clean] Setting up a mask from [circle[[04h55m45.8549s, +30.33.03.733], 3.0arcsec]]
2023-04-12 17:49:59	INFO	CasacRegionManager::fromBCS	No directional region specified. Using full positional plane.
2023-04-12 17:49:59	INFO	CasacRegionManager::fromBCS	Using all spectral channels.
2023-04-12 17:49:59	INFO	CasacRegionManager::fromBCS	Using polarizations ALL
2023-04-12 17:49:59	INFO		You've specified explicitly that the spectral axis should be regridded. However, the input image has a degenerate spectral axis and so it cannot be regridded. Instead, the resulting single output channel will be replicated 1 times in the output image.
2023-04-12 17:49:59	INFO	ImageMaskAttacher::makeMask	Created and initialized mask `mask0'
2023-04-12 17:49:59	INFO	SDMaskHandler::fillMask 	IT'S A CONCATImage
2023-04-12 17:49:59	INFO	SDMaskHandler::fillMask 	Reading text mask: circle[[04h55m45.8549s, +30.33.03.733], 3.0arcsec]
2023-04-12 17:49:59	INFO	AsciiRegionFileParser::_parse	Combined 1 image regions (which excludes any annotation regions)
2023-04-12 17:49:59	INFO	AsciiRegionFileParser::_parse	The specified region will select all pixels that are included in the region. Full pixels will be included even when they are only partially covered by the region(s).
2023-04-12 17:50:00	INFO	SynthesisDeconvolver::setupMask 	----------------------------------------------------------------------------------------------------------------------------------------
2023-04-12 17:50:00	INFO	SynthesisDeconvolver::setupMask 	[/lustre/cv/users/jspeedie/data/images_continuum/robust0.5/ABAur_continuum.clean] Number of pixels in the clean mask : 70674 out of a total of 4.1943e+06 pixels. [ 1.685 % ]
2023-04-12 17:50:00	INFO	SynthesisDeconvolver::initMinorCycle 	 Absolute Peak residual within mask : 0.00351153, over full image : 0.00351153
2023-04-12 17:50:00	INFO	task_tclean::SDAlgorithmBase::deconvolve 	[/lustre/cv/users/jspeedie/data/images_continuum/robust0.5/ABAur_continuum.clean] Run Hogbom minor-cycle | CycleThreshold=0.000724142, CycleNiter=300, Gain=0.2
2023-04-12 17:50:02	INFO	task_tclean::SDAlgorithmBase::deconvolve 	[/lustre/cv/users/jspeedie/data/images_continuum/robust0.5/ABAur_continuum.clean] iters=0->168 [168], model=0->0.0442054, peakres=0.00351153->0.000721811, Reached cyclethreshold.
2023-04-12 17:50:02	INFO	task_tclean::grpcInteractiveCleanManager::mergeCycleExecutionRecord 	Completed 168 iterations.
2023-04-12 17:50:02	INFO	task_tclean::SynthesisImager::executeMajorCycle 	----------------------------------------------------------- Run Major Cycle 2 -------------------------------------
2023-04-12 17:56:39	INFO	task_tclean::SynthesisDeconvolver::initMinorCycle 	 Absolute Peak residual within mask : 0.000721809, over full image : 0.000721809
2023-04-12 17:56:40	INFO	SDAlgorithmBase::deconvolve 	[/lustre/cv/users/jspeedie/data/images_continuum/robust0.5/ABAur_continuum.clean] Run Hogbom minor-cycle | CycleThreshold=0.00014885, CycleNiter=300, Gain=0.2
2023-04-12 17:56:42	INFO	SDAlgorithmBase::deconvolve 	[/lustre/cv/users/jspeedie/data/images_continuum/robust0.5/ABAur_continuum.clean] iters=0->300 [300], model=0.0442054->0.0690772, peakres=0.000721809->0.000232724, Reached cycleniter.
2023-04-12 17:56:42	INFO	grpcInteractiveCleanManager::mergeCycleExecutionRecord 	Completed 468 iterations.
2023-04-12 17:56:42	INFO	task_tclean::SynthesisImager::executeMajorCycle 	----------------------------------------------------------- Run Major Cycle 3 -------------------------------------
2023-04-12 18:04:04	INFO	task_tclean::SynthesisDeconvolver::initMinorCycle 	 Absolute Peak residual within mask : 0.000232724, over full image : 0.000232724
2023-04-12 18:04:04	INFO	SDAlgorithmBase::deconvolve 	[/lustre/cv/users/jspeedie/data/images_continuum/robust0.5/ABAur_continuum.clean] Run Hogbom minor-cycle | CycleThreshold=0.000100411, CycleNiter=300, Gain=0.2
2023-04-12 18:04:07	INFO	SDAlgorithmBase::deconvolve 	[/lustre/cv/users/jspeedie/data/images_continuum/robust0.5/ABAur_continuum.clean] iters=0->300 [300], model=0.0690772->0.0785688, peakres=0.000232724->0.000105805, Reached cycleniter.
2023-04-12 18:04:07	INFO	grpcInteractiveCleanManager::mergeCycleExecutionRecord 	Completed 768 iterations.
2023-04-12 18:04:07	INFO	task_tclean::SynthesisImager::executeMajorCycle 	----------------------------------------------------------- Run Major Cycle 4 -------------------------------------
2023-04-12 18:10:32	INFO	task_tclean::SynthesisDeconvolver::initMinorCycle 	 Absolute Peak residual within mask : 0.000105805, over full image : 0.000105805
2023-04-12 18:10:32	INFO	SDAlgorithmBase::deconvolve 	[/lustre/cv/users/jspeedie/data/images_continuum/robust0.5/ABAur_continuum.clean] Run Hogbom minor-cycle | CycleThreshold=0.000100411, CycleNiter=300, Gain=0.2
2023-04-12 18:10:33	INFO	SDAlgorithmBase::deconvolve 	[/lustre/cv/users/jspeedie/data/images_continuum/robust0.5/ABAur_continuum.clean] iters=0->21 [21], model=0.0785688->0.0790013, peakres=0.000105805->9.92186e-05, Reached cyclethreshold.
2023-04-12 18:10:33	INFO	grpcInteractiveCleanManager::mergeCycleExecutionRecord 	Completed 789 iterations.
2023-04-12 18:10:33	INFO	task_tclean::SynthesisImager::executeMajorCycle 	----------------------------------------------------------- Run (Last) Major Cycle 5 -------------------------------------
2023-04-12 18:17:33	INFO	task_tclean::SynthesisDeconvolver::initMinorCycle 	 Absolute Peak residual within mask : 9.92186e-05, over full image : 9.92186e-05
2023-04-12 18:17:33	INFO	tclean::::casa	Reached global stopping criterion : threshold
2023-04-12 18:17:33	INFO	SDAlgorithmBase::restore 	[/lustre/cv/users/jspeedie/data/images_continuum/robust0.5/ABAur_continuum.clean] : Restoring model image.
2023-04-12 18:17:35	INFO	SIImageStore::restore 	Beam for chan : 0 : 0.241159 arcsec, 0.179547 arcsec, -4.71411 deg
2023-04-12 18:17:36	INFO	tclean::::casa	Searching for images with prefix '/lustre/cv/users/jspeedie/data/images_continuum/robust0.5/ABAur_continuum.clean'... Found these, writing history into them: ['/lustre/cv/users/jspeedie/data/images_continuum/robust0.5/ABAur_continuum.clean.mask', '/lustre/cv/users/jspeedie/data/images_continuum/robust0.5/ABAur_continuum.clean.residual', '/lustre/cv/users/jspeedie/data/images_continuum/robust0.5/ABAur_continuum.clean.image', '/lustre/cv/users/jspeedie/data/images_continuum/robust0.5/ABAur_continuum.clean.psf', '/lustre/cv/users/jspeedie/data/images_continuum/robust0.5/ABAur_continuum.clean.pb', '/lustre/cv/users/jspeedie/data/images_continuum/robust0.5/ABAur_continuum.clean.model', '/lustre/cv/users/jspeedie/data/images_continuum/robust0.5/ABAur_continuum.clean.sumwt']
2023-04-12 18:17:38	INFO	tclean::::casa	Task tclean complete. Start time: 2023-04-12 17:38:29.743889 End time: 2023-04-12 18:17:38.356268
2023-04-12 18:17:38	INFO	tclean::::casa	##### End Task: tclean               #####
2023-04-12 18:17:38	INFO	tclean::::casa	##########################################
2023-04-12 18:17:38	INFO	exportfits::::casa	##########################################
2023-04-12 18:17:38	INFO	exportfits::::casa	##### Begin Task: exportfits         #####
2023-04-12 18:17:38	INFO	exportfits::::casa	exportfits( imagename='/lustre/cv/users/jspeedie/data/images_continuum/robust0.5/ABAur_continuum.clean.residual', fitsimage='/lustre/cv/users/jspeedie/data/images_continuum/robust0.5/ABAur_continuum.clean.residual.fits', velocity=False, optical=False, bitpix=-32, minpix=0, maxpix=-1, overwrite=True, dropstokes=True, stokeslast=True, history=True, dropdeg=False )
2023-04-12 18:17:38	INFO	exportfits::ImageFactory::toFITS	Applying mask of name 'mask0'
2023-04-12 18:17:38	INFO	exportfits::ImageRegion::fromRecord	Selected bounding box : 
2023-04-12 18:17:38	INFO	exportfits::ImageRegion::fromRecord+	    [0, 0, 0, 0] to [2047, 2047, 0, 0]  (04:55:47.440, +30.32.43.253, I, 2.26769e+11Hz to 04:55:44.271, +30.33.24.193, I, 2.26769e+11Hz)
2023-04-12 18:17:39	INFO	exportfits::::casa	Task exportfits complete. Start time: 2023-04-12 18:17:38.388138 End time: 2023-04-12 18:17:38.596429
2023-04-12 18:17:39	INFO	exportfits::::casa	##### End Task: exportfits           #####
2023-04-12 18:17:39	INFO	exportfits::::casa	##########################################
2023-04-12 18:17:39	INFO	exportfits::::casa	##########################################
2023-04-12 18:17:39	INFO	exportfits::::casa	##### Begin Task: exportfits         #####
2023-04-12 18:17:39	INFO	exportfits::::casa	exportfits( imagename='/lustre/cv/users/jspeedie/data/images_continuum/robust0.5/ABAur_continuum.clean.psf', fitsimage='/lustre/cv/users/jspeedie/data/images_continuum/robust0.5/ABAur_continuum.clean.psf.fits', velocity=False, optical=False, bitpix=-32, minpix=0, maxpix=-1, overwrite=True, dropstokes=True, stokeslast=True, history=True, dropdeg=False )
2023-04-12 18:17:39	INFO	exportfits::ImageRegion::fromRecord	Selected bounding box : 
2023-04-12 18:17:39	INFO	exportfits::ImageRegion::fromRecord+	    [0, 0, 0, 0] to [2047, 2047, 0, 0]  (04:55:47.440, +30.32.43.253, I, 2.26769e+11Hz to 04:55:44.271, +30.33.24.193, I, 2.26769e+11Hz)
2023-04-12 18:17:39	INFO	exportfits::::casa	Task exportfits complete. Start time: 2023-04-12 18:17:38.599126 End time: 2023-04-12 18:17:39.036877
2023-04-12 18:17:39	INFO	exportfits::::casa	##### End Task: exportfits           #####
2023-04-12 18:17:39	INFO	exportfits::::casa	##########################################
2023-04-12 18:17:39	INFO	exportfits::::casa	##########################################
2023-04-12 18:17:39	INFO	exportfits::::casa	##### Begin Task: exportfits         #####
2023-04-12 18:17:39	INFO	exportfits::::casa	exportfits( imagename='/lustre/cv/users/jspeedie/data/images_continuum/robust0.5/ABAur_continuum.clean.model', fitsimage='/lustre/cv/users/jspeedie/data/images_continuum/robust0.5/ABAur_continuum.clean.model.fits', velocity=False, optical=False, bitpix=-32, minpix=0, maxpix=-1, overwrite=True, dropstokes=True, stokeslast=True, history=True, dropdeg=False )
2023-04-12 18:17:39	INFO	exportfits::ImageRegion::fromRecord	Selected bounding box : 
2023-04-12 18:17:39	INFO	exportfits::ImageRegion::fromRecord+	    [0, 0, 0, 0] to [2047, 2047, 0, 0]  (04:55:47.440, +30.32.43.253, I, 2.26769e+11Hz to 04:55:44.271, +30.33.24.193, I, 2.26769e+11Hz)
2023-04-12 18:17:39	INFO	exportfits::ImageFitsConverter::ImageHeaderToFITS 	Truncating miscinfo field useweightimage to useweigh
2023-04-12 18:17:39	INFO	exportfits::::casa	Task exportfits complete. Start time: 2023-04-12 18:17:39.040731 End time: 2023-04-12 18:17:39.142892
2023-04-12 18:17:39	INFO	exportfits::::casa	##### End Task: exportfits           #####
2023-04-12 18:17:39	INFO	exportfits::::casa	##########################################
2023-04-12 18:17:40	INFO	imsmooth::::casa	##########################################
2023-04-12 18:17:40	INFO	imsmooth::::casa	##### Begin Task: imsmooth           #####
2023-04-12 18:17:40	INFO	imsmooth::::casa	imsmooth( imagename='/lustre/cv/users/jspeedie/data/images_continuum/robust0.5/ABAur_continuum.clean.model', kernel='gauss', major='0.24115930497646332arcsec', minor='0.17954739928245544arcsec', pa='-4.714111328125deg', targetres=True, kimage='', scale=-1.0, region='', box='', chans='', stokes='', mask='', outfile='/lustre/cv/users/jspeedie/data/images_continuum/robust0.5/ABAur_continuum.clean_convolved_model_temp.image', stretch=False, overwrite=False, beam='' )
2023-04-12 18:17:40	INFO	imsmooth::CasacRegionManager::fromBCS	No directional region specified. Using full positional plane.
2023-04-12 18:17:40	INFO	imsmooth::CasacRegionManager::fromBCS	Using all spectral channels.
2023-04-12 18:17:40	INFO	imsmooth::CasacRegionManager::fromBCS	Using polarizations ALL
2023-04-12 18:17:40	INFO	imsmooth::Image2DConvolver<T>::_doSingleBeam	Convolving image that has a beam of major: 0 arcsec, minor: 0 arcsec, pa: 0 deg with a Gaussian of major: 0.241159 arcsec, minor: 0.179547 arcsec, pa: -4.71411 deg to reach a target resolution of major: 0.241159 arcsec, minor: 0.179547 arcsec, pa: -4.71411 deg
2023-04-12 18:17:40	INFO	imsmooth::Image2DConvolver::_dealWithRestoringBeam	You are convolving the sky
2023-04-12 18:17:40	INFO	imsmooth::Image2DConvolver::_dealWithRestoringBeam	Scaling pixel values by 1
2023-04-12 18:17:41	INFO	imsmooth::Image2DConvolver::_dealWithRestoringBeam	Original /lustre/cv/users/jspeedie/data/images_continuum/robust0.5/ABAur_continuum.clean.model has no beam
2023-04-12 18:17:41	INFO	imsmooth::Image2DConvolver::_dealWithRestoringBeam	Output /lustre/cv/users/jspeedie/data/images_continuum/robust0.5/ABAur_continuum.clean_convolved_model_temp.image resolution major: 0.241159 arcsec, minor: 0.179547 arcsec, pa: -4.71411 deg
2023-04-12 18:17:41	INFO	imsmooth::SubImageFactory::createImage	Creating image '/lustre/cv/users/jspeedie/data/images_continuum/robust0.5/ABAur_continuum.clean_convolved_model_temp.image' of shape [2048, 2048, 1, 1]
2023-04-12 18:17:42	INFO	imsmooth::::casa	Task imsmooth complete. Start time: 2023-04-12 18:17:39.649245 End time: 2023-04-12 18:17:42.072785
2023-04-12 18:17:42	INFO	imsmooth::::casa	##### End Task: imsmooth             #####
2023-04-12 18:17:42	INFO	imsmooth::::casa	##########################################
2023-04-12 18:17:42	INFO	immath::::casa	##########################################
2023-04-12 18:17:42	INFO	immath::::casa	##### Begin Task: immath             #####
2023-04-12 18:17:42	INFO	immath::::casa	immath( imagename=['/lustre/cv/users/jspeedie/data/images_continuum/robust0.5/ABAur_continuum.clean_convolved_model_temp.image', '/lustre/cv/users/jspeedie/data/images_continuum/robust0.5/ABAur_continuum.clean.residual'], mode='evalexpr', outfile='/lustre/cv/users/jspeedie/data/images_continuum/robust0.5/ABAur_continuum.clean.JvMcorr.image', expr='IM0 + 0.4565945123031262*IM1', varnames='', sigma='0.0mJy/beam', polithresh='', mask='', region='', box='', chans='', stokes='', stretch=False, imagemd='/lustre/cv/users/jspeedie/data/images_continuum/robust0.5/ABAur_continuum.clean_convolved_model_temp.image', prec='float' )
2023-04-12 18:17:42	WARN	ImageExprCalculator::compute	image units are not the same: 'Jy/beam' vs ''. Proceed with caution. Output image metadata will be copied from image /lustre/cv/users/jspeedie/data/images_continuum/robust0.5/ABAur_continuum.clean_convolved_model_temp.image
2023-04-12 18:17:42	INFO	ImageExprCalculator::_imagecalc	Creating image `/lustre/cv/users/jspeedie/data/images_continuum/robust0.5/ABAur_continuum.clean.JvMcorr.image' of shape [2048, 2048, 1, 1]
2023-04-12 18:17:43	INFO	ImageMaskAttacher::makeMask	Created mask `mask0'
2023-04-12 18:17:44	INFO	immath::::casa	Task immath complete. Start time: 2023-04-12 18:17:42.099181 End time: 2023-04-12 18:17:44.108609
2023-04-12 18:17:44	INFO	immath::::casa	##### End Task: immath               #####
2023-04-12 18:17:44	INFO	immath::::casa	##########################################
2023-04-12 18:17:44	INFO	exportfits::::casa	##########################################
2023-04-12 18:17:44	INFO	exportfits::::casa	##### Begin Task: exportfits         #####
2023-04-12 18:17:44	INFO	exportfits::::casa	exportfits( imagename='/lustre/cv/users/jspeedie/data/images_continuum/robust0.5/ABAur_continuum.clean_convolved_model_temp.image', fitsimage='/lustre/cv/users/jspeedie/data/images_continuum/robust0.5/ABAur_continuum.clean_convolved_model_temp.image.fits', velocity=False, optical=False, bitpix=-32, minpix=0, maxpix=-1, overwrite=True, dropstokes=True, stokeslast=True, history=True, dropdeg=False )
2023-04-12 18:17:44	INFO	exportfits::ImageRegion::fromRecord	Selected bounding box : 
2023-04-12 18:17:44	INFO	exportfits::ImageRegion::fromRecord+	    [0, 0, 0, 0] to [2047, 2047, 0, 0]  (04:55:47.440, +30.32.43.253, I, 2.26769e+11Hz to 04:55:44.271, +30.33.24.193, I, 2.26769e+11Hz)
2023-04-12 18:17:44	INFO	exportfits::ImageFitsConverter::ImageHeaderToFITS 	Truncating miscinfo field useweightimage to useweigh
2023-04-12 18:17:44	INFO	exportfits::::casa	Task exportfits complete. Start time: 2023-04-12 18:17:44.111545 End time: 2023-04-12 18:17:44.213401
2023-04-12 18:17:44	INFO	exportfits::::casa	##### End Task: exportfits           #####
2023-04-12 18:17:44	INFO	exportfits::::casa	##########################################
2023-04-12 18:17:44	INFO	imsmooth::::casa	##########################################
2023-04-12 18:17:44	INFO	imsmooth::::casa	##### Begin Task: imsmooth           #####
2023-04-12 18:17:44	INFO	imsmooth::::casa	imsmooth( imagename='/lustre/cv/users/jspeedie/data/images_continuum/robust0.5/ABAur_continuum.clean.model', kernel='gauss', major='0.3568935340666697arcsec', minor='0.26571359487310253arcsec', pa='-4.714111328125deg', targetres=True, kimage='', scale=-1.0, region='', box='', chans='', stokes='', mask='', outfile='/lustre/cv/users/jspeedie/data/images_continuum/robust0.5/ABAur_continuum.clean_convolved_model_temp.image', stretch=False, overwrite=False, beam='' )
2023-04-12 18:17:44	INFO	imsmooth::CasacRegionManager::fromBCS	No directional region specified. Using full positional plane.
2023-04-12 18:17:44	INFO	imsmooth::CasacRegionManager::fromBCS	Using all spectral channels.
2023-04-12 18:17:44	INFO	imsmooth::CasacRegionManager::fromBCS	Using polarizations ALL
2023-04-12 18:17:44	INFO	imsmooth::Image2DConvolver<T>::_doSingleBeam	Convolving image that has a beam of major: 0 arcsec, minor: 0 arcsec, pa: 0 deg with a Gaussian of major: 0.356894 arcsec, minor: 0.265714 arcsec, pa: -4.71411 deg to reach a target resolution of major: 0.356894 arcsec, minor: 0.265714 arcsec, pa: -4.71411 deg
2023-04-12 18:17:44	INFO	imsmooth::Image2DConvolver::_dealWithRestoringBeam	You are convolving the sky
2023-04-12 18:17:44	INFO	imsmooth::Image2DConvolver::_dealWithRestoringBeam	Scaling pixel values by 1
2023-04-12 18:17:46	INFO	imsmooth::Image2DConvolver::_dealWithRestoringBeam	Original /lustre/cv/users/jspeedie/data/images_continuum/robust0.5/ABAur_continuum.clean.model has no beam
2023-04-12 18:17:46	INFO	imsmooth::Image2DConvolver::_dealWithRestoringBeam	Output /lustre/cv/users/jspeedie/data/images_continuum/robust0.5/ABAur_continuum.clean_convolved_model_temp.image resolution major: 0.356894 arcsec, minor: 0.265714 arcsec, pa: -4.71411 deg
2023-04-12 18:17:46	INFO	imsmooth::SubImageFactory::createImage	Creating image '/lustre/cv/users/jspeedie/data/images_continuum/robust0.5/ABAur_continuum.clean_convolved_model_temp.image' of shape [2048, 2048, 1, 1]
2023-04-12 18:17:47	INFO	imsmooth::::casa	Task imsmooth complete. Start time: 2023-04-12 18:17:44.226796 End time: 2023-04-12 18:17:46.687762
2023-04-12 18:17:47	INFO	imsmooth::::casa	##### End Task: imsmooth             #####
2023-04-12 18:17:47	INFO	imsmooth::::casa	##########################################
2023-04-12 18:17:47	INFO	immath::::casa	##########################################
2023-04-12 18:17:47	INFO	immath::::casa	##### Begin Task: immath             #####
2023-04-12 18:17:47	INFO	immath::::casa	immath( imagename=['/lustre/cv/users/jspeedie/data/images_continuum/robust0.5/ABAur_continuum.clean_convolved_model_temp.image', '/lustre/cv/users/jspeedie/data/images_continuum/robust0.5/ABAur_continuum.clean.residual'], mode='evalexpr', outfile='/lustre/cv/users/jspeedie/data/images_continuum/robust0.5/ABAur_continuum.clean.JvMcorr_lowres.image', expr='IM0 + IM1', varnames='', sigma='0.0mJy/beam', polithresh='', mask='', region='', box='', chans='', stokes='', stretch=False, imagemd='/lustre/cv/users/jspeedie/data/images_continuum/robust0.5/ABAur_continuum.clean_convolved_model_temp.image', prec='float' )
2023-04-12 18:17:47	WARN	ImageExprCalculator::compute	image units are not the same: 'Jy/beam' vs ''. Proceed with caution. Output image metadata will be copied from image /lustre/cv/users/jspeedie/data/images_continuum/robust0.5/ABAur_continuum.clean_convolved_model_temp.image
2023-04-12 18:17:47	INFO	ImageExprCalculator::_imagecalc	Creating image `/lustre/cv/users/jspeedie/data/images_continuum/robust0.5/ABAur_continuum.clean.JvMcorr_lowres.image' of shape [2048, 2048, 1, 1]
2023-04-12 18:17:47	INFO	ImageMaskAttacher::makeMask	Created mask `mask0'
2023-04-12 18:17:48	INFO	immath::::casa	Task immath complete. Start time: 2023-04-12 18:17:46.690647 End time: 2023-04-12 18:17:48.341099
2023-04-12 18:17:48	INFO	immath::::casa	##### End Task: immath               #####
2023-04-12 18:17:48	INFO	immath::::casa	##########################################
2023-04-12 18:17:48	INFO	impbcor::::casa	##########################################
2023-04-12 18:17:48	INFO	impbcor::::casa	##### Begin Task: impbcor            #####
2023-04-12 18:17:48	INFO	impbcor::::casa	impbcor( imagename='/lustre/cv/users/jspeedie/data/images_continuum/robust0.5/ABAur_continuum.clean.image', pbimage='/lustre/cv/users/jspeedie/data/images_continuum/robust0.5/ABAur_continuum.clean.pb', outfile='/lustre/cv/users/jspeedie/data/images_continuum/robust0.5/ABAur_continuum.clean.image.pbcor', overwrite=True, box='', region='', chans='', stokes='', mask='', mode='divide', cutoff=-1.0, stretch=False )
2023-04-12 18:17:48	INFO	impbcor::CasacRegionManager::fromBCS	No directional region specified. Using full positional plane.
2023-04-12 18:17:48	INFO	impbcor::CasacRegionManager::fromBCS	Using all spectral channels.
2023-04-12 18:17:48	INFO	impbcor::CasacRegionManager::fromBCS	Using polarizations ALL
2023-04-12 18:17:48	INFO	impbcor::ImageRegion::fromRecord	Selected bounding box : 
2023-04-12 18:17:48	INFO	impbcor::ImageRegion::fromRecord+	    [0, 0, 0, 0] to [2047, 2047, 0, 0]  (04:55:47.440, +30.32.43.253, I, 2.26769e+11Hz to 04:55:44.271, +30.33.24.193, I, 2.26769e+11Hz)
2023-04-12 18:17:48	INFO	impbcor::ImageRegion::fromRecord	Selected bounding box : 
2023-04-12 18:17:48	INFO	impbcor::ImageRegion::fromRecord+	    [0, 0, 0, 0] to [2047, 2047, 0, 0]  (04:55:47.440, +30.32.43.253, I, 2.26769e+11Hz to 04:55:44.271, +30.33.24.193, I, 2.26769e+11Hz)
2023-04-12 18:17:49	INFO	impbcor::SubImageFactory::createImage	Creating image '/lustre/cv/users/jspeedie/data/images_continuum/robust0.5/ABAur_continuum.clean.image.pbcor' of shape [2048, 2048, 1, 1]
2023-04-12 18:17:49	INFO	impbcor::ImageMaskAttacher::makeMask	Created mask `mask0'
2023-04-12 18:17:51	INFO	impbcor::::casa	Task impbcor complete. Start time: 2023-04-12 18:17:48.369764 End time: 2023-04-12 18:17:50.525519
2023-04-12 18:17:51	INFO	impbcor::::casa	##### End Task: impbcor              #####
2023-04-12 18:17:51	INFO	impbcor::::casa	##########################################
2023-04-12 18:17:51	INFO	impbcor::::casa	##########################################
2023-04-12 18:17:51	INFO	impbcor::::casa	##### Begin Task: impbcor            #####
2023-04-12 18:17:51	INFO	impbcor::::casa	impbcor( imagename='/lustre/cv/users/jspeedie/data/images_continuum/robust0.5/ABAur_continuum.clean.JvMcorr.image', pbimage='/lustre/cv/users/jspeedie/data/images_continuum/robust0.5/ABAur_continuum.clean.pb', outfile='/lustre/cv/users/jspeedie/data/images_continuum/robust0.5/ABAur_continuum.clean.JvMcorr.image.pbcor', overwrite=True, box='', region='', chans='', stokes='', mask='', mode='divide', cutoff=-1.0, stretch=False )
2023-04-12 18:17:51	INFO	impbcor::CasacRegionManager::fromBCS	No directional region specified. Using full positional plane.
2023-04-12 18:17:51	INFO	impbcor::CasacRegionManager::fromBCS	Using all spectral channels.
2023-04-12 18:17:51	INFO	impbcor::CasacRegionManager::fromBCS	Using polarizations ALL
2023-04-12 18:17:51	INFO	impbcor::ImageRegion::fromRecord	Selected bounding box : 
2023-04-12 18:17:51	INFO	impbcor::ImageRegion::fromRecord+	    [0, 0, 0, 0] to [2047, 2047, 0, 0]  (04:55:47.440, +30.32.43.253, I, 2.26769e+11Hz to 04:55:44.271, +30.33.24.193, I, 2.26769e+11Hz)
2023-04-12 18:17:51	INFO	impbcor::ImageRegion::fromRecord	Selected bounding box : 
2023-04-12 18:17:51	INFO	impbcor::ImageRegion::fromRecord+	    [0, 0, 0, 0] to [2047, 2047, 0, 0]  (04:55:47.440, +30.32.43.253, I, 2.26769e+11Hz to 04:55:44.271, +30.33.24.193, I, 2.26769e+11Hz)
2023-04-12 18:17:51	INFO	impbcor::SubImageFactory::createImage	Creating image '/lustre/cv/users/jspeedie/data/images_continuum/robust0.5/ABAur_continuum.clean.JvMcorr.image.pbcor' of shape [2048, 2048, 1, 1]
2023-04-12 18:17:51	INFO	impbcor::ImageMaskAttacher::makeMask	Created mask `mask0'
2023-04-12 18:17:51	INFO	impbcor::::casa	Task impbcor complete. Start time: 2023-04-12 18:17:50.529014 End time: 2023-04-12 18:17:51.451589
2023-04-12 18:17:51	INFO	impbcor::::casa	##### End Task: impbcor              #####
2023-04-12 18:17:51	INFO	impbcor::::casa	##########################################
2023-04-12 18:17:51	INFO	impbcor::::casa	##########################################
2023-04-12 18:17:51	INFO	impbcor::::casa	##### Begin Task: impbcor            #####
2023-04-12 18:17:51	INFO	impbcor::::casa	impbcor( imagename='/lustre/cv/users/jspeedie/data/images_continuum/robust0.5/ABAur_continuum.clean.JvMcorr_lowres.image', pbimage='/lustre/cv/users/jspeedie/data/images_continuum/robust0.5/ABAur_continuum.clean.pb', outfile='/lustre/cv/users/jspeedie/data/images_continuum/robust0.5/ABAur_continuum.clean.JvMcorr_lowres.image.pbcor', overwrite=True, box='', region='', chans='', stokes='', mask='', mode='divide', cutoff=-1.0, stretch=False )
2023-04-12 18:17:51	INFO	impbcor::CasacRegionManager::fromBCS	No directional region specified. Using full positional plane.
2023-04-12 18:17:51	INFO	impbcor::CasacRegionManager::fromBCS	Using all spectral channels.
2023-04-12 18:17:51	INFO	impbcor::CasacRegionManager::fromBCS	Using polarizations ALL
2023-04-12 18:17:51	INFO	impbcor::ImageRegion::fromRecord	Selected bounding box : 
2023-04-12 18:17:51	INFO	impbcor::ImageRegion::fromRecord+	    [0, 0, 0, 0] to [2047, 2047, 0, 0]  (04:55:47.440, +30.32.43.253, I, 2.26769e+11Hz to 04:55:44.271, +30.33.24.193, I, 2.26769e+11Hz)
2023-04-12 18:17:51	INFO	impbcor::ImageRegion::fromRecord	Selected bounding box : 
2023-04-12 18:17:51	INFO	impbcor::ImageRegion::fromRecord+	    [0, 0, 0, 0] to [2047, 2047, 0, 0]  (04:55:47.440, +30.32.43.253, I, 2.26769e+11Hz to 04:55:44.271, +30.33.24.193, I, 2.26769e+11Hz)
2023-04-12 18:17:52	INFO	impbcor::SubImageFactory::createImage	Creating image '/lustre/cv/users/jspeedie/data/images_continuum/robust0.5/ABAur_continuum.clean.JvMcorr_lowres.image.pbcor' of shape [2048, 2048, 1, 1]
2023-04-12 18:17:52	INFO	impbcor::ImageMaskAttacher::makeMask	Created mask `mask0'
2023-04-12 18:17:54	INFO	impbcor::::casa	Task impbcor complete. Start time: 2023-04-12 18:17:51.454599 End time: 2023-04-12 18:17:53.632268
2023-04-12 18:17:54	INFO	impbcor::::casa	##### End Task: impbcor              #####
2023-04-12 18:17:54	INFO	impbcor::::casa	##########################################
2023-04-12 18:17:54	INFO	exportfits::::casa	##########################################
2023-04-12 18:17:54	INFO	exportfits::::casa	##### Begin Task: exportfits         #####
2023-04-12 18:17:54	INFO	exportfits::::casa	exportfits( imagename='/lustre/cv/users/jspeedie/data/images_continuum/robust0.5/ABAur_continuum.clean.image', fitsimage='/lustre/cv/users/jspeedie/data/images_continuum/robust0.5/ABAur_continuum.clean.image.fits', velocity=False, optical=False, bitpix=-32, minpix=0, maxpix=-1, overwrite=True, dropstokes=True, stokeslast=True, history=True, dropdeg=False )
2023-04-12 18:17:54	INFO	exportfits::ImageFactory::toFITS	Applying mask of name 'mask0'
2023-04-12 18:17:54	INFO	exportfits::ImageRegion::fromRecord	Selected bounding box : 
2023-04-12 18:17:54	INFO	exportfits::ImageRegion::fromRecord+	    [0, 0, 0, 0] to [2047, 2047, 0, 0]  (04:55:47.440, +30.32.43.253, I, 2.26769e+11Hz to 04:55:44.271, +30.33.24.193, I, 2.26769e+11Hz)
2023-04-12 18:17:54	INFO	exportfits::ImageFitsConverter::ImageHeaderToFITS 	Truncating miscinfo field useweightimage to useweigh
2023-04-12 18:17:54	INFO	exportfits::::casa	Task exportfits complete. Start time: 2023-04-12 18:17:53.635751 End time: 2023-04-12 18:17:53.761381
2023-04-12 18:17:54	INFO	exportfits::::casa	##### End Task: exportfits           #####
2023-04-12 18:17:54	INFO	exportfits::::casa	##########################################
2023-04-12 18:17:54	INFO	exportfits::::casa	##########################################
2023-04-12 18:17:54	INFO	exportfits::::casa	##### Begin Task: exportfits         #####
2023-04-12 18:17:54	INFO	exportfits::::casa	exportfits( imagename='/lustre/cv/users/jspeedie/data/images_continuum/robust0.5/ABAur_continuum.clean.JvMcorr.image', fitsimage='/lustre/cv/users/jspeedie/data/images_continuum/robust0.5/ABAur_continuum.clean.JvMcorr.image.fits', velocity=False, optical=False, bitpix=-32, minpix=0, maxpix=-1, overwrite=True, dropstokes=True, stokeslast=True, history=True, dropdeg=False )
2023-04-12 18:17:54	INFO	exportfits::ImageFactory::toFITS	Applying mask of name 'mask0'
2023-04-12 18:17:54	INFO	exportfits::ImageRegion::fromRecord	Selected bounding box : 
2023-04-12 18:17:54	INFO	exportfits::ImageRegion::fromRecord+	    [0, 0, 0, 0] to [2047, 2047, 0, 0]  (04:55:47.440, +30.32.43.253, I, 2.26769e+11Hz to 04:55:44.271, +30.33.24.193, I, 2.26769e+11Hz)
2023-04-12 18:17:54	INFO	exportfits::ImageFitsConverter::ImageHeaderToFITS 	Truncating miscinfo field useweightimage to useweigh
2023-04-12 18:17:54	INFO	exportfits::::casa	Task exportfits complete. Start time: 2023-04-12 18:17:53.763911 End time: 2023-04-12 18:17:53.902989
2023-04-12 18:17:54	INFO	exportfits::::casa	##### End Task: exportfits           #####
2023-04-12 18:17:54	INFO	exportfits::::casa	##########################################
2023-04-12 18:17:54	INFO	exportfits::::casa	##########################################
2023-04-12 18:17:54	INFO	exportfits::::casa	##### Begin Task: exportfits         #####
2023-04-12 18:17:54	INFO	exportfits::::casa	exportfits( imagename='/lustre/cv/users/jspeedie/data/images_continuum/robust0.5/ABAur_continuum.clean.JvMcorr_lowres.image', fitsimage='/lustre/cv/users/jspeedie/data/images_continuum/robust0.5/ABAur_continuum.clean.JvMcorr_lowres.image.fits', velocity=False, optical=False, bitpix=-32, minpix=0, maxpix=-1, overwrite=True, dropstokes=True, stokeslast=True, history=True, dropdeg=False )
2023-04-12 18:17:54	INFO	exportfits::ImageFactory::toFITS	Applying mask of name 'mask0'
2023-04-12 18:17:54	INFO	exportfits::ImageRegion::fromRecord	Selected bounding box : 
2023-04-12 18:17:54	INFO	exportfits::ImageRegion::fromRecord+	    [0, 0, 0, 0] to [2047, 2047, 0, 0]  (04:55:47.440, +30.32.43.253, I, 2.26769e+11Hz to 04:55:44.271, +30.33.24.193, I, 2.26769e+11Hz)
2023-04-12 18:17:54	INFO	exportfits::ImageFitsConverter::ImageHeaderToFITS 	Truncating miscinfo field useweightimage to useweigh
2023-04-12 18:17:54	INFO	exportfits::::casa	Task exportfits complete. Start time: 2023-04-12 18:17:53.906027 End time: 2023-04-12 18:17:53.993976
2023-04-12 18:17:54	INFO	exportfits::::casa	##### End Task: exportfits           #####
2023-04-12 18:17:54	INFO	exportfits::::casa	##########################################
2023-04-12 18:17:54	INFO	exportfits::::casa	##########################################
2023-04-12 18:17:54	INFO	exportfits::::casa	##### Begin Task: exportfits         #####
2023-04-12 18:17:54	INFO	exportfits::::casa	exportfits( imagename='/lustre/cv/users/jspeedie/data/images_continuum/robust0.5/ABAur_continuum.clean.image.pbcor', fitsimage='/lustre/cv/users/jspeedie/data/images_continuum/robust0.5/ABAur_continuum.clean.image.pbcor.fits', velocity=False, optical=False, bitpix=-32, minpix=0, maxpix=-1, overwrite=True, dropstokes=True, stokeslast=True, history=True, dropdeg=False )
2023-04-12 18:17:54	INFO	exportfits::ImageFactory::toFITS	Applying mask of name 'mask0'
2023-04-12 18:17:54	INFO	exportfits::ImageRegion::fromRecord	Selected bounding box : 
2023-04-12 18:17:54	INFO	exportfits::ImageRegion::fromRecord+	    [0, 0, 0, 0] to [2047, 2047, 0, 0]  (04:55:47.440, +30.32.43.253, I, 2.26769e+11Hz to 04:55:44.271, +30.33.24.193, I, 2.26769e+11Hz)
2023-04-12 18:17:54	INFO	exportfits::ImageFitsConverter::ImageHeaderToFITS 	Truncating miscinfo field useweightimage to useweigh
2023-04-12 18:17:54	INFO	exportfits::::casa	Task exportfits complete. Start time: 2023-04-12 18:17:53.995823 End time: 2023-04-12 18:17:54.085436
2023-04-12 18:17:54	INFO	exportfits::::casa	##### End Task: exportfits           #####
2023-04-12 18:17:54	INFO	exportfits::::casa	##########################################
2023-04-12 18:17:54	INFO	exportfits::::casa	##########################################
2023-04-12 18:17:54	INFO	exportfits::::casa	##### Begin Task: exportfits         #####
2023-04-12 18:17:54	INFO	exportfits::::casa	exportfits( imagename='/lustre/cv/users/jspeedie/data/images_continuum/robust0.5/ABAur_continuum.clean.JvMcorr.image.pbcor', fitsimage='/lustre/cv/users/jspeedie/data/images_continuum/robust0.5/ABAur_continuum.clean.JvMcorr.image.pbcor.fits', velocity=False, optical=False, bitpix=-32, minpix=0, maxpix=-1, overwrite=True, dropstokes=True, stokeslast=True, history=True, dropdeg=False )
2023-04-12 18:17:54	INFO	exportfits::ImageFactory::toFITS	Applying mask of name 'mask0'
2023-04-12 18:17:54	INFO	exportfits::ImageRegion::fromRecord	Selected bounding box : 
2023-04-12 18:17:54	INFO	exportfits::ImageRegion::fromRecord+	    [0, 0, 0, 0] to [2047, 2047, 0, 0]  (04:55:47.440, +30.32.43.253, I, 2.26769e+11Hz to 04:55:44.271, +30.33.24.193, I, 2.26769e+11Hz)
2023-04-12 18:17:54	INFO	exportfits::ImageFitsConverter::ImageHeaderToFITS 	Truncating miscinfo field useweightimage to useweigh
2023-04-12 18:17:54	INFO	exportfits::::casa	Task exportfits complete. Start time: 2023-04-12 18:17:54.088066 End time: 2023-04-12 18:17:54.232380
2023-04-12 18:17:54	INFO	exportfits::::casa	##### End Task: exportfits           #####
2023-04-12 18:17:54	INFO	exportfits::::casa	##########################################
2023-04-12 18:17:54	INFO	exportfits::::casa	##########################################
2023-04-12 18:17:54	INFO	exportfits::::casa	##### Begin Task: exportfits         #####
2023-04-12 18:17:54	INFO	exportfits::::casa	exportfits( imagename='/lustre/cv/users/jspeedie/data/images_continuum/robust0.5/ABAur_continuum.clean.JvMcorr_lowres.image.pbcor', fitsimage='/lustre/cv/users/jspeedie/data/images_continuum/robust0.5/ABAur_continuum.clean.JvMcorr_lowres.image.pbcor.fits', velocity=False, optical=False, bitpix=-32, minpix=0, maxpix=-1, overwrite=True, dropstokes=True, stokeslast=True, history=True, dropdeg=False )
2023-04-12 18:17:54	INFO	exportfits::ImageFactory::toFITS	Applying mask of name 'mask0'
2023-04-12 18:17:54	INFO	exportfits::ImageRegion::fromRecord	Selected bounding box : 
2023-04-12 18:17:54	INFO	exportfits::ImageRegion::fromRecord+	    [0, 0, 0, 0] to [2047, 2047, 0, 0]  (04:55:47.440, +30.32.43.253, I, 2.26769e+11Hz to 04:55:44.271, +30.33.24.193, I, 2.26769e+11Hz)
2023-04-12 18:17:54	INFO	exportfits::ImageFitsConverter::ImageHeaderToFITS 	Truncating miscinfo field useweightimage to useweigh
2023-04-12 18:17:54	INFO	exportfits::::casa	Task exportfits complete. Start time: 2023-04-12 18:17:54.235059 End time: 2023-04-12 18:17:54.374916
2023-04-12 18:17:54	INFO	exportfits::::casa	##### End Task: exportfits           #####
2023-04-12 18:17:54	INFO	exportfits::::casa	##########################################
2023-04-12 18:17:54	INFO	exportfits::::casa	##########################################
2023-04-12 18:17:54	INFO	exportfits::::casa	##### Begin Task: exportfits         #####
2023-04-12 18:17:54	INFO	exportfits::::casa	exportfits( imagename='/lustre/cv/users/jspeedie/data/images_continuum/robust0.5/ABAur_continuum.clean.mask', fitsimage='/lustre/cv/users/jspeedie/data/images_continuum/robust0.5/ABAur_continuum.clean.mask.fits', velocity=False, optical=False, bitpix=-32, minpix=0, maxpix=-1, overwrite=True, dropstokes=True, stokeslast=True, history=True, dropdeg=False )
2023-04-12 18:17:54	INFO	exportfits::ImageRegion::fromRecord	Selected bounding box : 
2023-04-12 18:17:54	INFO	exportfits::ImageRegion::fromRecord+	    [0, 0, 0, 0] to [2047, 2047, 0, 0]  (04:55:47.440, +30.32.43.253, I, 2.26769e+11Hz to 04:55:44.271, +30.33.24.193, I, 2.26769e+11Hz)
2023-04-12 18:17:54	INFO	exportfits::ImageFitsConverter::ImageHeaderToFITS 	Truncating miscinfo field useweightimage to useweigh
2023-04-12 18:17:54	INFO	exportfits::::casa	Task exportfits complete. Start time: 2023-04-12 18:17:54.378357 End time: 2023-04-12 18:17:54.477541
2023-04-12 18:17:54	INFO	exportfits::::casa	##### End Task: exportfits           #####
2023-04-12 18:17:54	INFO	exportfits::::casa	##########################################
2023-04-12 18:17:54	INFO	imstat::::casa	##########################################
2023-04-12 18:17:54	INFO	imstat::::casa	##### Begin Task: imstat             #####
2023-04-12 18:17:54	INFO	imstat::::casa	imstat( imagename='/lustre/cv/users/jspeedie/data/images_continuum/robust0.5/ABAur_continuum.clean.residual', axes=[], region='circle[[04h55m45.8549s, +30.33.03.733], 3.0arcsec]', box='', chans='', stokes='', listit=True, verbose=True, mask='', stretch=False, logfile='', append=True, algorithm='classic', fence=-1.0, center='mean', lside=True, zscore=-1.0, maxiter=-1, clmethod='auto', niter=3 )
2023-04-12 18:17:55	INFO	imstat::AsciiRegionFileParser::_parse	Combined 1 image regions (which excludes any annotation regions)
2023-04-12 18:17:55	INFO	imstat::AsciiRegionFileParser::_parse	The specified region will select all pixels that are included in the region. Full pixels will be included even when they are only partially covered by the region(s).
2023-04-12 18:17:55	INFO	imstat::CasacRegionManager::fromBCS	Region read from text string circle[[04h55m45.8549s, +30.33.03.733], 3.0arcsec]
2023-04-12 18:17:55	INFO	imstat::image::statistics 	Determining stats for image ABAur_continuum.clean.residual
2023-04-12 18:17:55	INFO	imstat::ImageRegion::fromRecord	Selected bounding box : 
2023-04-12 18:17:55	INFO	imstat::ImageRegion::fromRecord+	    [874, 874, 0, 0] to [1174, 1173, 0, 0]  (04:55:46.087, +30.33.00.733, I, 2.26769e+11Hz to 04:55:45.623, +30.33.06.713, I, 2.26769e+11Hz)
2023-04-12 18:17:55	INFO	imstat::ImageStatsCalculator::_logStartup	Statistics calculated using Classic algorithm
2023-04-12 18:17:55	INFO	imstat::ImageStatsCalculator::_logStartup	Regions --- 
2023-04-12 18:17:55	INFO	imstat::ImageStatsCalculator::_logStartup	         -- bottom-left corner (pixel) [blc]:  [874, 874, 0, 0]
2023-04-12 18:17:55	INFO	imstat::ImageStatsCalculator::_logStartup	         -- top-right corner (pixel) [trc]:    [1174, 1173, 0, 0]
2023-04-12 18:17:55	INFO	imstat::ImageStatsCalculator::_logStartup	         -- bottom-left corner (world) [blcf]: 04:55:46.087, +30.33.00.733, I, 2.26769e+11Hz
2023-04-12 18:17:55	INFO	imstat::ImageStatsCalculator::_logStartup	         -- top-right corner (world) [trcf]:   04:55:45.623, +30.33.06.713, I, 2.26769e+11Hz
2023-04-12 18:17:55	INFO	imstat::::	Values --- 
2023-04-12 18:17:55	INFO	imstat::::	         -- number of points [npts]:                70674
2023-04-12 18:17:55	INFO	imstat::::	         -- maximum value [max]:                    9.92186e-05 
2023-04-12 18:17:55	INFO	imstat::::	         -- minimum value [min]:                    -3.28012e-05 
2023-04-12 18:17:55	INFO	imstat::::	         -- position of max value (pixel) [maxpos]: [1050, 1064, 0, 0]
2023-04-12 18:17:55	INFO	imstat::::	         -- position of min value (pixel) [minpos]: [1155, 1089, 0, 0]
2023-04-12 18:17:55	INFO	imstat::::	         -- position of max value (world) [maxposf]: 04:55:45.815, +30.33.04.533, I, 2.26769e+11Hz
2023-04-12 18:17:55	INFO	imstat::::	         -- position of min value (world) [minposf]: 04:55:45.652, +30.33.05.033, I, 2.26769e+11Hz
2023-04-12 18:17:55	INFO	imstat::::	         -- Sum of pixel values [sum]:               2.93684 
2023-04-12 18:17:55	INFO	imstat::::	         -- Sum of squared pixel values [sumsq]:     0.000206383 
2023-04-12 18:17:55	INFO	imstat::::	Statistics --- 
2023-04-12 18:17:55	INFO	imstat::::	        -- Mean of the pixel values [mean]:         4.15547e-05 
2023-04-12 18:17:55	INFO	imstat::::	        -- Variance of the pixel values :           1.19344e-09 
2023-04-12 18:17:55	INFO	imstat::::	        -- Standard deviation of the Mean [sigma]:  3.45461e-05 
2023-04-12 18:17:55	INFO	imstat::::	        -- Root mean square [rms]:                  5.4039e-05 
2023-04-12 18:17:55	INFO	imstat::::	        -- Median of the pixel values [median]:     3.27266e-05 
2023-04-12 18:17:55	INFO	imstat::::	        -- Median of the deviations [medabsdevmed]: 2.90188e-05 
2023-04-12 18:17:55	INFO	imstat::::	        -- IQR [quartile]:                          6.87214e-05 
2023-04-12 18:17:55	INFO	imstat::::	        -- First quartile [q1]:                     1.17346e-05 
2023-04-12 18:17:55	INFO	imstat::::	        -- Third quartile [q3]:                     8.0456e-05 
2023-04-12 18:17:55	INFO	imstat::ImageStatsCalculator::statistics	Sum column unit = 
2023-04-12 18:17:55	INFO	imstat::ImageStatsCalculator::statistics+	Mean column unit = 
2023-04-12 18:17:55	INFO	imstat::ImageStatsCalculator::statistics+	Std_dev column unit = 
2023-04-12 18:17:55	INFO	imstat::ImageStatsCalculator::statistics+	Minimum column unit = 
2023-04-12 18:17:55	INFO	imstat::ImageStatsCalculator::statistics+	Maximum column unit = 
2023-04-12 18:17:55	INFO	imstat::ImageStatsCalculator::statistics	Npts          Sum           Mean          Rms           Std_dev       Minimum       Maximum     
2023-04-12 18:17:55	INFO	imstat::ImageStatsCalculator::statistics	 7.067400e+04  2.936838e+00  4.155472e-05  5.403899e-05  3.454613e-05 -3.280123e-05  9.921855e-05
2023-04-12 18:17:55	INFO	imstat::::casa	Task imstat complete. Start time: 2023-04-12 18:17:54.482127 End time: 2023-04-12 18:17:54.588671
2023-04-12 18:17:55	INFO	imstat::::casa	##### End Task: imstat               #####
2023-04-12 18:17:55	INFO	imstat::::casa	##########################################
2023-04-12 18:17:55	INFO	imstat::::casa	##########################################
2023-04-12 18:17:55	INFO	imstat::::casa	##### Begin Task: imstat             #####
2023-04-12 18:17:55	INFO	imstat::::casa	imstat( imagename='/lustre/cv/users/jspeedie/data/images_continuum/robust0.5/ABAur_continuum.clean.image', axes=[], region='circle[[04h55m45.8549s, +30.33.03.733], 3.0arcsec]', box='', chans='', stokes='', listit=True, verbose=True, mask='', stretch=False, logfile='', append=True, algorithm='classic', fence=-1.0, center='mean', lside=True, zscore=-1.0, maxiter=-1, clmethod='auto', niter=3 )
2023-04-12 18:17:55	INFO	imstat::AsciiRegionFileParser::_parse	Combined 1 image regions (which excludes any annotation regions)
2023-04-12 18:17:55	INFO	imstat::AsciiRegionFileParser::_parse	The specified region will select all pixels that are included in the region. Full pixels will be included even when they are only partially covered by the region(s).
2023-04-12 18:17:55	INFO	imstat::CasacRegionManager::fromBCS	Region read from text string circle[[04h55m45.8549s, +30.33.03.733], 3.0arcsec]
2023-04-12 18:17:55	INFO	imstat::image::statistics 	Determining stats for image ABAur_continuum.clean.image
2023-04-12 18:17:55	INFO	imstat::ImageRegion::fromRecord	Selected bounding box : 
2023-04-12 18:17:55	INFO	imstat::ImageRegion::fromRecord+	    [874, 874, 0, 0] to [1174, 1173, 0, 0]  (04:55:46.087, +30.33.00.733, I, 2.26769e+11Hz to 04:55:45.623, +30.33.06.713, I, 2.26769e+11Hz)
2023-04-12 18:17:55	INFO	imstat::ImageStatsCalculator::_logStartup	Statistics calculated using Classic algorithm
2023-04-12 18:17:55	INFO	imstat::ImageStatsCalculator::_logStartup	Regions --- 
2023-04-12 18:17:55	INFO	imstat::ImageStatsCalculator::_logStartup	         -- bottom-left corner (pixel) [blc]:  [874, 874, 0, 0]
2023-04-12 18:17:55	INFO	imstat::ImageStatsCalculator::_logStartup	         -- top-right corner (pixel) [trc]:    [1174, 1173, 0, 0]
2023-04-12 18:17:55	INFO	imstat::ImageStatsCalculator::_logStartup	         -- bottom-left corner (world) [blcf]: 04:55:46.087, +30.33.00.733, I, 2.26769e+11Hz
2023-04-12 18:17:55	INFO	imstat::ImageStatsCalculator::_logStartup	         -- top-right corner (world) [trcf]:   04:55:45.623, +30.33.06.713, I, 2.26769e+11Hz
2023-04-12 18:17:55	INFO	imstat::::	Values --- 
2023-04-12 18:17:55	INFO	imstat::::	         -- flux density [flux]:                    0.102945 Jy
2023-04-12 18:17:55	INFO	imstat::::	         -- number of points [npts]:                70674
2023-04-12 18:17:55	INFO	imstat::::	         -- maximum value [max]:                    0.00213517 Jy/beam
2023-04-12 18:17:55	INFO	imstat::::	         -- minimum value [min]:                    -3.28012e-05 Jy/beam
2023-04-12 18:17:55	INFO	imstat::::	         -- position of max value (pixel) [maxpos]: [1072, 1013, 0, 0]
2023-04-12 18:17:55	INFO	imstat::::	         -- position of min value (pixel) [minpos]: [1155, 1089, 0, 0]
2023-04-12 18:17:55	INFO	imstat::::	         -- position of max value (world) [maxposf]: 04:55:45.781, +30.33.03.513, I, 2.26769e+11Hz
2023-04-12 18:17:55	INFO	imstat::::	         -- position of min value (world) [minposf]: 04:55:45.652, +30.33.05.033, I, 2.26769e+11Hz
2023-04-12 18:17:55	INFO	imstat::::	         -- Sum of pixel values [sum]:               12.6268 Jy/beam
2023-04-12 18:17:55	INFO	imstat::::	         -- Sum of squared pixel values [sumsq]:     0.010652 Jy/beam.Jy/beam
2023-04-12 18:17:55	INFO	imstat::::	Statistics --- 
2023-04-12 18:17:55	INFO	imstat::::	        -- Mean of the pixel values [mean]:         0.000178663 Jy/beam
2023-04-12 18:17:55	INFO	imstat::::	        -- Variance of the pixel values :           1.18802e-07 Jy/beam
2023-04-12 18:17:55	INFO	imstat::::	        -- Standard deviation of the Mean [sigma]:  0.000344676 Jy/beam
2023-04-12 18:17:55	INFO	imstat::::	        -- Root mean square [rms]:                  0.000388227 Jy/beam
2023-04-12 18:17:55	INFO	imstat::::	        -- Median of the pixel values [median]:     3.27447e-05 Jy/beam
2023-04-12 18:17:55	INFO	imstat::::	        -- Median of the deviations [medabsdevmed]: 3.00028e-05 Jy/beam
2023-04-12 18:17:55	INFO	imstat::::	        -- IQR [quartile]:                          0.000132814 Jy/beam
2023-04-12 18:17:55	INFO	imstat::::	        -- First quartile [q1]:                     1.17346e-05 Jy/beam
2023-04-12 18:17:55	INFO	imstat::::	        -- Third quartile [q3]:                     0.000144548 Jy/beam
2023-04-12 18:17:55	INFO	imstat::ImageStatsCalculator::statistics	Sum column unit = Jy/beam
2023-04-12 18:17:55	INFO	imstat::ImageStatsCalculator::statistics+	Mean column unit = Jy/beam
2023-04-12 18:17:55	INFO	imstat::ImageStatsCalculator::statistics+	Std_dev column unit = Jy/beam
2023-04-12 18:17:55	INFO	imstat::ImageStatsCalculator::statistics+	Minimum column unit = Jy/beam
2023-04-12 18:17:55	INFO	imstat::ImageStatsCalculator::statistics+	Maximum column unit = Jy/beam
2023-04-12 18:17:55	INFO	imstat::ImageStatsCalculator::statistics	Npts          Sum           Mean          Rms           Std_dev       Minimum       Maximum     
2023-04-12 18:17:55	INFO	imstat::ImageStatsCalculator::statistics	 7.067400e+04  1.262680e+01  1.786625e-04  3.882272e-04  3.446763e-04 -3.280124e-05  2.135166e-03
2023-04-12 18:17:55	INFO	imstat::::casa	Task imstat complete. Start time: 2023-04-12 18:17:54.728306 End time: 2023-04-12 18:17:54.791519
2023-04-12 18:17:55	INFO	imstat::::casa	##### End Task: imstat               #####
2023-04-12 18:17:55	INFO	imstat::::casa	##########################################
2023-04-12 18:17:55	INFO	imstat::::casa	##########################################
2023-04-12 18:17:55	INFO	imstat::::casa	##### Begin Task: imstat             #####
2023-04-12 18:17:55	INFO	imstat::::casa	imstat( imagename='/lustre/cv/users/jspeedie/data/images_continuum/robust0.5/ABAur_continuum.clean.image', axes=[], region='circle[[04h55m45.8549s, +30.33.03.733], 3.0arcsec]', box='', chans='', stokes='', listit=True, verbose=True, mask='', stretch=False, logfile='', append=True, algorithm='classic', fence=-1.0, center='mean', lside=True, zscore=-1.0, maxiter=-1, clmethod='auto', niter=3 )
2023-04-12 18:17:55	INFO	imstat::AsciiRegionFileParser::_parse	Combined 1 image regions (which excludes any annotation regions)
2023-04-12 18:17:55	INFO	imstat::AsciiRegionFileParser::_parse	The specified region will select all pixels that are included in the region. Full pixels will be included even when they are only partially covered by the region(s).
2023-04-12 18:17:55	INFO	imstat::CasacRegionManager::fromBCS	Region read from text string circle[[04h55m45.8549s, +30.33.03.733], 3.0arcsec]
2023-04-12 18:17:55	INFO	imstat::image::statistics 	Determining stats for image ABAur_continuum.clean.image
2023-04-12 18:17:55	INFO	imstat::ImageRegion::fromRecord	Selected bounding box : 
2023-04-12 18:17:55	INFO	imstat::ImageRegion::fromRecord+	    [874, 874, 0, 0] to [1174, 1173, 0, 0]  (04:55:46.087, +30.33.00.733, I, 2.26769e+11Hz to 04:55:45.623, +30.33.06.713, I, 2.26769e+11Hz)
2023-04-12 18:17:55	INFO	imstat::ImageStatsCalculator::_logStartup	Statistics calculated using Classic algorithm
2023-04-12 18:17:55	INFO	imstat::ImageStatsCalculator::_logStartup	Regions --- 
2023-04-12 18:17:55	INFO	imstat::ImageStatsCalculator::_logStartup	         -- bottom-left corner (pixel) [blc]:  [874, 874, 0, 0]
2023-04-12 18:17:55	INFO	imstat::ImageStatsCalculator::_logStartup	         -- top-right corner (pixel) [trc]:    [1174, 1173, 0, 0]
2023-04-12 18:17:55	INFO	imstat::ImageStatsCalculator::_logStartup	         -- bottom-left corner (world) [blcf]: 04:55:46.087, +30.33.00.733, I, 2.26769e+11Hz
2023-04-12 18:17:55	INFO	imstat::ImageStatsCalculator::_logStartup	         -- top-right corner (world) [trcf]:   04:55:45.623, +30.33.06.713, I, 2.26769e+11Hz
2023-04-12 18:17:55	INFO	imstat::::	Values --- 
2023-04-12 18:17:55	INFO	imstat::::	         -- flux density [flux]:                    0.102945 Jy
2023-04-12 18:17:55	INFO	imstat::::	         -- number of points [npts]:                70674
2023-04-12 18:17:55	INFO	imstat::::	         -- maximum value [max]:                    0.00213517 Jy/beam
2023-04-12 18:17:55	INFO	imstat::::	         -- minimum value [min]:                    -3.28012e-05 Jy/beam
2023-04-12 18:17:55	INFO	imstat::::	         -- position of max value (pixel) [maxpos]: [1072, 1013, 0, 0]
2023-04-12 18:17:55	INFO	imstat::::	         -- position of min value (pixel) [minpos]: [1155, 1089, 0, 0]
2023-04-12 18:17:55	INFO	imstat::::	         -- position of max value (world) [maxposf]: 04:55:45.781, +30.33.03.513, I, 2.26769e+11Hz
2023-04-12 18:17:55	INFO	imstat::::	         -- position of min value (world) [minposf]: 04:55:45.652, +30.33.05.033, I, 2.26769e+11Hz
2023-04-12 18:17:55	INFO	imstat::::	         -- Sum of pixel values [sum]:               12.6268 Jy/beam
2023-04-12 18:17:55	INFO	imstat::::	         -- Sum of squared pixel values [sumsq]:     0.010652 Jy/beam.Jy/beam
2023-04-12 18:17:55	INFO	imstat::::	Statistics --- 
2023-04-12 18:17:55	INFO	imstat::::	        -- Mean of the pixel values [mean]:         0.000178663 Jy/beam
2023-04-12 18:17:55	INFO	imstat::::	        -- Variance of the pixel values :           1.18802e-07 Jy/beam
2023-04-12 18:17:55	INFO	imstat::::	        -- Standard deviation of the Mean [sigma]:  0.000344676 Jy/beam
2023-04-12 18:17:55	INFO	imstat::::	        -- Root mean square [rms]:                  0.000388227 Jy/beam
2023-04-12 18:17:55	INFO	imstat::::	        -- Median of the pixel values [median]:     3.27447e-05 Jy/beam
2023-04-12 18:17:55	INFO	imstat::::	        -- Median of the deviations [medabsdevmed]: 3.00028e-05 Jy/beam
2023-04-12 18:17:55	INFO	imstat::::	        -- IQR [quartile]:                          0.000132814 Jy/beam
2023-04-12 18:17:55	INFO	imstat::::	        -- First quartile [q1]:                     1.17346e-05 Jy/beam
2023-04-12 18:17:55	INFO	imstat::::	        -- Third quartile [q3]:                     0.000144548 Jy/beam
2023-04-12 18:17:55	INFO	imstat::ImageStatsCalculator::statistics	Sum column unit = Jy/beam
2023-04-12 18:17:55	INFO	imstat::ImageStatsCalculator::statistics+	Mean column unit = Jy/beam
2023-04-12 18:17:55	INFO	imstat::ImageStatsCalculator::statistics+	Std_dev column unit = Jy/beam
2023-04-12 18:17:55	INFO	imstat::ImageStatsCalculator::statistics+	Minimum column unit = Jy/beam
2023-04-12 18:17:55	INFO	imstat::ImageStatsCalculator::statistics+	Maximum column unit = Jy/beam
2023-04-12 18:17:55	INFO	imstat::ImageStatsCalculator::statistics	Npts          Sum           Mean          Rms           Std_dev       Minimum       Maximum     
2023-04-12 18:17:55	INFO	imstat::ImageStatsCalculator::statistics	 7.067400e+04  1.262680e+01  1.786625e-04  3.882272e-04  3.446763e-04 -3.280124e-05  2.135166e-03
2023-04-12 18:17:55	INFO	imstat::::casa	Task imstat complete. Start time: 2023-04-12 18:17:54.796501 End time: 2023-04-12 18:17:54.886236
2023-04-12 18:17:55	INFO	imstat::::casa	##### End Task: imstat               #####
2023-04-12 18:17:55	INFO	imstat::::casa	##########################################
2023-04-12 18:17:55	INFO	imstat::::casa	##########################################
2023-04-12 18:17:55	INFO	imstat::::casa	##### Begin Task: imstat             #####
2023-04-12 18:17:55	INFO	imstat::::casa	imstat( imagename='/lustre/cv/users/jspeedie/data/images_continuum/robust0.5/ABAur_continuum.clean.image', axes=[], region="annulus[[04h55m45.8549s, +30.33.03.733],['6.00arcsec', '10.0arcsec']]", box='', chans='', stokes='', listit=True, verbose=True, mask='', stretch=False, logfile='', append=True, algorithm='classic', fence=-1.0, center='mean', lside=True, zscore=-1.0, maxiter=-1, clmethod='auto', niter=3 )
2023-04-12 18:17:55	INFO	imstat::AsciiRegionFileParser::_parse	Combined 1 image regions (which excludes any annotation regions)
2023-04-12 18:17:55	INFO	imstat::AsciiRegionFileParser::_parse	The specified region will select all pixels that are included in the region. Full pixels will be included even when they are only partially covered by the region(s).
2023-04-12 18:17:55	INFO	imstat::CasacRegionManager::fromBCS	Region read from text string annulus[[04h55m45.8549s, +30.33.03.733],['6.00arcsec', '10.0arcsec']]
2023-04-12 18:17:55	INFO	imstat::image::statistics 	Determining stats for image ABAur_continuum.clean.image
2023-04-12 18:17:55	INFO	imstat::ImageRegion::fromRecord	Selected bounding box : 
2023-04-12 18:17:55	INFO	imstat::ImageRegion::fromRecord+	    [524, 524, 0, 0] to [1524, 1524, 0, 0]  (04:55:46.629, +30.32.53.733, I, 2.26769e+11Hz to 04:55:45.081, +30.33.13.733, I, 2.26769e+11Hz)
2023-04-12 18:17:55	INFO	imstat::ImageStatsCalculator::_logStartup	Statistics calculated using Classic algorithm
2023-04-12 18:17:55	INFO	imstat::ImageStatsCalculator::_logStartup	Regions --- 
2023-04-12 18:17:55	INFO	imstat::ImageStatsCalculator::_logStartup	         -- bottom-left corner (pixel) [blc]:  [524, 524, 0, 0]
2023-04-12 18:17:55	INFO	imstat::ImageStatsCalculator::_logStartup	         -- top-right corner (pixel) [trc]:    [1524, 1524, 0, 0]
2023-04-12 18:17:55	INFO	imstat::ImageStatsCalculator::_logStartup	         -- bottom-left corner (world) [blcf]: 04:55:46.629, +30.32.53.733, I, 2.26769e+11Hz
2023-04-12 18:17:55	INFO	imstat::ImageStatsCalculator::_logStartup	         -- top-right corner (world) [trcf]:   04:55:45.081, +30.33.13.733, I, 2.26769e+11Hz
2023-04-12 18:17:55	INFO	imstat::::	Values --- 
2023-04-12 18:17:55	INFO	imstat::::	         -- flux density [flux]:                    -0.0186896 Jy
2023-04-12 18:17:55	INFO	imstat::::	         -- number of points [npts]:                502718
2023-04-12 18:17:55	INFO	imstat::::	         -- maximum value [max]:                    4.96053e-05 Jy/beam
2023-04-12 18:17:55	INFO	imstat::::	         -- minimum value [min]:                    -5.9193e-05 Jy/beam
2023-04-12 18:17:55	INFO	imstat::::	         -- position of max value (pixel) [maxpos]: [1273, 1438, 0, 0]
2023-04-12 18:17:55	INFO	imstat::::	         -- position of min value (pixel) [minpos]: [1397, 745, 0, 0]
2023-04-12 18:17:55	INFO	imstat::::	         -- position of max value (world) [maxposf]: 04:55:45.469, +30.33.12.013, I, 2.26769e+11Hz
2023-04-12 18:17:55	INFO	imstat::::	         -- position of min value (world) [minposf]: 04:55:45.277, +30.32.58.153, I, 2.26769e+11Hz
2023-04-12 18:17:55	INFO	imstat::::	         -- Sum of pixel values [sum]:               -2.29238 Jy/beam
2023-04-12 18:17:55	INFO	imstat::::	         -- Sum of squared pixel values [sumsq]:     9.01441e-05 Jy/beam.Jy/beam
2023-04-12 18:17:55	INFO	imstat::::	Statistics --- 
2023-04-12 18:17:55	INFO	imstat::::	        -- Mean of the pixel values [mean]:         -4.55997e-06 Jy/beam
2023-04-12 18:17:55	INFO	imstat::::	        -- Variance of the pixel values :           1.5852e-10 Jy/beam
2023-04-12 18:17:55	INFO	imstat::::	        -- Standard deviation of the Mean [sigma]:  1.25905e-05 Jy/beam
2023-04-12 18:17:55	INFO	imstat::::	        -- Root mean square [rms]:                  1.33908e-05 Jy/beam
2023-04-12 18:17:55	INFO	imstat::::	        -- Median of the pixel values [median]:     -4.67728e-06 Jy/beam
2023-04-12 18:17:55	INFO	imstat::::	        -- Median of the deviations [medabsdevmed]: 8.41761e-06 Jy/beam
2023-04-12 18:17:55	INFO	imstat::::	        -- IQR [quartile]:                          1.68432e-05 Jy/beam
2023-04-12 18:17:55	INFO	imstat::::	        -- First quartile [q1]:                     -1.30124e-05 Jy/beam
2023-04-12 18:17:55	INFO	imstat::::	        -- Third quartile [q3]:                     3.83082e-06 Jy/beam
2023-04-12 18:17:55	INFO	imstat::ImageStatsCalculator::statistics	Sum column unit = Jy/beam
2023-04-12 18:17:55	INFO	imstat::ImageStatsCalculator::statistics+	Mean column unit = Jy/beam
2023-04-12 18:17:55	INFO	imstat::ImageStatsCalculator::statistics+	Std_dev column unit = Jy/beam
2023-04-12 18:17:55	INFO	imstat::ImageStatsCalculator::statistics+	Minimum column unit = Jy/beam
2023-04-12 18:17:55	INFO	imstat::ImageStatsCalculator::statistics+	Maximum column unit = Jy/beam
2023-04-12 18:17:55	INFO	imstat::ImageStatsCalculator::statistics	Npts          Sum           Mean          Rms           Std_dev       Minimum       Maximum     
2023-04-12 18:17:55	INFO	imstat::ImageStatsCalculator::statistics	 5.027180e+05 -2.292381e+00 -4.559973e-06  1.339080e-05  1.259049e-05 -5.919297e-05  4.960533e-05
2023-04-12 18:17:55	INFO	imstat::::casa	Task imstat complete. Start time: 2023-04-12 18:17:54.890017 End time: 2023-04-12 18:17:54.961856
2023-04-12 18:17:55	INFO	imstat::::casa	##### End Task: imstat               #####
2023-04-12 18:17:55	INFO	imstat::::casa	##########################################
2023-04-12 18:17:55	INFO	imstat::::casa	##########################################
2023-04-12 18:17:55	INFO	imstat::::casa	##### Begin Task: imstat             #####
2023-04-12 18:17:55	INFO	imstat::::casa	imstat( imagename='/lustre/cv/users/jspeedie/data/images_continuum/robust0.5/ABAur_continuum.clean.image', axes=[], region='circle[[04h55m45.8549s, +30.33.03.733], 3.0arcsec]', box='', chans='', stokes='', listit=True, verbose=True, mask='', stretch=False, logfile='', append=True, algorithm='classic', fence=-1.0, center='mean', lside=True, zscore=-1.0, maxiter=-1, clmethod='auto', niter=3 )
2023-04-12 18:17:55	INFO	imstat::AsciiRegionFileParser::_parse	Combined 1 image regions (which excludes any annotation regions)
2023-04-12 18:17:55	INFO	imstat::AsciiRegionFileParser::_parse	The specified region will select all pixels that are included in the region. Full pixels will be included even when they are only partially covered by the region(s).
2023-04-12 18:17:55	INFO	imstat::CasacRegionManager::fromBCS	Region read from text string circle[[04h55m45.8549s, +30.33.03.733], 3.0arcsec]
2023-04-12 18:17:55	INFO	imstat::image::statistics 	Determining stats for image ABAur_continuum.clean.image
2023-04-12 18:17:55	INFO	imstat::ImageRegion::fromRecord	Selected bounding box : 
2023-04-12 18:17:55	INFO	imstat::ImageRegion::fromRecord+	    [874, 874, 0, 0] to [1174, 1173, 0, 0]  (04:55:46.087, +30.33.00.733, I, 2.26769e+11Hz to 04:55:45.623, +30.33.06.713, I, 2.26769e+11Hz)
2023-04-12 18:17:55	INFO	imstat::ImageStatsCalculator::_logStartup	Statistics calculated using Classic algorithm
2023-04-12 18:17:55	INFO	imstat::ImageStatsCalculator::_logStartup	Regions --- 
2023-04-12 18:17:55	INFO	imstat::ImageStatsCalculator::_logStartup	         -- bottom-left corner (pixel) [blc]:  [874, 874, 0, 0]
2023-04-12 18:17:55	INFO	imstat::ImageStatsCalculator::_logStartup	         -- top-right corner (pixel) [trc]:    [1174, 1173, 0, 0]
2023-04-12 18:17:55	INFO	imstat::ImageStatsCalculator::_logStartup	         -- bottom-left corner (world) [blcf]: 04:55:46.087, +30.33.00.733, I, 2.26769e+11Hz
2023-04-12 18:17:55	INFO	imstat::ImageStatsCalculator::_logStartup	         -- top-right corner (world) [trcf]:   04:55:45.623, +30.33.06.713, I, 2.26769e+11Hz
2023-04-12 18:17:55	INFO	imstat::::	Values --- 
2023-04-12 18:17:55	INFO	imstat::::	         -- flux density [flux]:                    0.102945 Jy
2023-04-12 18:17:55	INFO	imstat::::	         -- number of points [npts]:                70674
2023-04-12 18:17:55	INFO	imstat::::	         -- maximum value [max]:                    0.00213517 Jy/beam
2023-04-12 18:17:55	INFO	imstat::::	         -- minimum value [min]:                    -3.28012e-05 Jy/beam
2023-04-12 18:17:55	INFO	imstat::::	         -- position of max value (pixel) [maxpos]: [1072, 1013, 0, 0]
2023-04-12 18:17:55	INFO	imstat::::	         -- position of min value (pixel) [minpos]: [1155, 1089, 0, 0]
2023-04-12 18:17:55	INFO	imstat::::	         -- position of max value (world) [maxposf]: 04:55:45.781, +30.33.03.513, I, 2.26769e+11Hz
2023-04-12 18:17:55	INFO	imstat::::	         -- position of min value (world) [minposf]: 04:55:45.652, +30.33.05.033, I, 2.26769e+11Hz
2023-04-12 18:17:55	INFO	imstat::::	         -- Sum of pixel values [sum]:               12.6268 Jy/beam
2023-04-12 18:17:55	INFO	imstat::::	         -- Sum of squared pixel values [sumsq]:     0.010652 Jy/beam.Jy/beam
2023-04-12 18:17:55	INFO	imstat::::	Statistics --- 
2023-04-12 18:17:55	INFO	imstat::::	        -- Mean of the pixel values [mean]:         0.000178663 Jy/beam
2023-04-12 18:17:55	INFO	imstat::::	        -- Variance of the pixel values :           1.18802e-07 Jy/beam
2023-04-12 18:17:55	INFO	imstat::::	        -- Standard deviation of the Mean [sigma]:  0.000344676 Jy/beam
2023-04-12 18:17:55	INFO	imstat::::	        -- Root mean square [rms]:                  0.000388227 Jy/beam
2023-04-12 18:17:55	INFO	imstat::::	        -- Median of the pixel values [median]:     3.27447e-05 Jy/beam
2023-04-12 18:17:55	INFO	imstat::::	        -- Median of the deviations [medabsdevmed]: 3.00028e-05 Jy/beam
2023-04-12 18:17:55	INFO	imstat::::	        -- IQR [quartile]:                          0.000132814 Jy/beam
2023-04-12 18:17:55	INFO	imstat::::	        -- First quartile [q1]:                     1.17346e-05 Jy/beam
2023-04-12 18:17:55	INFO	imstat::::	        -- Third quartile [q3]:                     0.000144548 Jy/beam
2023-04-12 18:17:55	INFO	imstat::ImageStatsCalculator::statistics	Sum column unit = Jy/beam
2023-04-12 18:17:55	INFO	imstat::ImageStatsCalculator::statistics+	Mean column unit = Jy/beam
2023-04-12 18:17:55	INFO	imstat::ImageStatsCalculator::statistics+	Std_dev column unit = Jy/beam
2023-04-12 18:17:55	INFO	imstat::ImageStatsCalculator::statistics+	Minimum column unit = Jy/beam
2023-04-12 18:17:55	INFO	imstat::ImageStatsCalculator::statistics+	Maximum column unit = Jy/beam
2023-04-12 18:17:55	INFO	imstat::ImageStatsCalculator::statistics	Npts          Sum           Mean          Rms           Std_dev       Minimum       Maximum     
2023-04-12 18:17:55	INFO	imstat::ImageStatsCalculator::statistics	 7.067400e+04  1.262680e+01  1.786625e-04  3.882272e-04  3.446763e-04 -3.280124e-05  2.135166e-03
2023-04-12 18:17:55	INFO	imstat::::casa	Task imstat complete. Start time: 2023-04-12 18:17:54.966575 End time: 2023-04-12 18:17:55.040950
2023-04-12 18:17:55	INFO	imstat::::casa	##### End Task: imstat               #####
2023-04-12 18:17:55	INFO	imstat::::casa	##########################################
2023-04-12 18:17:55	INFO	imstat::::casa	##########################################
2023-04-12 18:17:55	INFO	imstat::::casa	##### Begin Task: imstat             #####
2023-04-12 18:17:55	INFO	imstat::::casa	imstat( imagename='/lustre/cv/users/jspeedie/data/images_continuum/robust0.5/ABAur_continuum.clean.image', axes=[], region="annulus[[04h55m45.8549s, +30.33.03.733],['6.00arcsec', '10.0arcsec']]", box='', chans='', stokes='', listit=True, verbose=True, mask='', stretch=False, logfile='', append=True, algorithm='classic', fence=-1.0, center='mean', lside=True, zscore=-1.0, maxiter=-1, clmethod='auto', niter=3 )
2023-04-12 18:17:55	INFO	imstat::AsciiRegionFileParser::_parse	Combined 1 image regions (which excludes any annotation regions)
2023-04-12 18:17:55	INFO	imstat::AsciiRegionFileParser::_parse	The specified region will select all pixels that are included in the region. Full pixels will be included even when they are only partially covered by the region(s).
2023-04-12 18:17:55	INFO	imstat::CasacRegionManager::fromBCS	Region read from text string annulus[[04h55m45.8549s, +30.33.03.733],['6.00arcsec', '10.0arcsec']]
2023-04-12 18:17:55	INFO	imstat::image::statistics 	Determining stats for image ABAur_continuum.clean.image
2023-04-12 18:17:55	INFO	imstat::ImageRegion::fromRecord	Selected bounding box : 
2023-04-12 18:17:55	INFO	imstat::ImageRegion::fromRecord+	    [524, 524, 0, 0] to [1524, 1524, 0, 0]  (04:55:46.629, +30.32.53.733, I, 2.26769e+11Hz to 04:55:45.081, +30.33.13.733, I, 2.26769e+11Hz)
2023-04-12 18:17:55	INFO	imstat::ImageStatsCalculator::_logStartup	Statistics calculated using Classic algorithm
2023-04-12 18:17:55	INFO	imstat::ImageStatsCalculator::_logStartup	Regions --- 
2023-04-12 18:17:55	INFO	imstat::ImageStatsCalculator::_logStartup	         -- bottom-left corner (pixel) [blc]:  [524, 524, 0, 0]
2023-04-12 18:17:55	INFO	imstat::ImageStatsCalculator::_logStartup	         -- top-right corner (pixel) [trc]:    [1524, 1524, 0, 0]
2023-04-12 18:17:55	INFO	imstat::ImageStatsCalculator::_logStartup	         -- bottom-left corner (world) [blcf]: 04:55:46.629, +30.32.53.733, I, 2.26769e+11Hz
2023-04-12 18:17:55	INFO	imstat::ImageStatsCalculator::_logStartup	         -- top-right corner (world) [trcf]:   04:55:45.081, +30.33.13.733, I, 2.26769e+11Hz
2023-04-12 18:17:55	INFO	imstat::::	Values --- 
2023-04-12 18:17:55	INFO	imstat::::	         -- flux density [flux]:                    -0.0186896 Jy
2023-04-12 18:17:55	INFO	imstat::::	         -- number of points [npts]:                502718
2023-04-12 18:17:55	INFO	imstat::::	         -- maximum value [max]:                    4.96053e-05 Jy/beam
2023-04-12 18:17:55	INFO	imstat::::	         -- minimum value [min]:                    -5.9193e-05 Jy/beam
2023-04-12 18:17:55	INFO	imstat::::	         -- position of max value (pixel) [maxpos]: [1273, 1438, 0, 0]
2023-04-12 18:17:55	INFO	imstat::::	         -- position of min value (pixel) [minpos]: [1397, 745, 0, 0]
2023-04-12 18:17:55	INFO	imstat::::	         -- position of max value (world) [maxposf]: 04:55:45.469, +30.33.12.013, I, 2.26769e+11Hz
2023-04-12 18:17:55	INFO	imstat::::	         -- position of min value (world) [minposf]: 04:55:45.277, +30.32.58.153, I, 2.26769e+11Hz
2023-04-12 18:17:55	INFO	imstat::::	         -- Sum of pixel values [sum]:               -2.29238 Jy/beam
2023-04-12 18:17:55	INFO	imstat::::	         -- Sum of squared pixel values [sumsq]:     9.01441e-05 Jy/beam.Jy/beam
2023-04-12 18:17:55	INFO	imstat::::	Statistics --- 
2023-04-12 18:17:55	INFO	imstat::::	        -- Mean of the pixel values [mean]:         -4.55997e-06 Jy/beam
2023-04-12 18:17:55	INFO	imstat::::	        -- Variance of the pixel values :           1.5852e-10 Jy/beam
2023-04-12 18:17:55	INFO	imstat::::	        -- Standard deviation of the Mean [sigma]:  1.25905e-05 Jy/beam
2023-04-12 18:17:55	INFO	imstat::::	        -- Root mean square [rms]:                  1.33908e-05 Jy/beam
2023-04-12 18:17:55	INFO	imstat::::	        -- Median of the pixel values [median]:     -4.67728e-06 Jy/beam
2023-04-12 18:17:55	INFO	imstat::::	        -- Median of the deviations [medabsdevmed]: 8.41761e-06 Jy/beam
2023-04-12 18:17:55	INFO	imstat::::	        -- IQR [quartile]:                          1.68432e-05 Jy/beam
2023-04-12 18:17:55	INFO	imstat::::	        -- First quartile [q1]:                     -1.30124e-05 Jy/beam
2023-04-12 18:17:55	INFO	imstat::::	        -- Third quartile [q3]:                     3.83082e-06 Jy/beam
2023-04-12 18:17:55	INFO	imstat::ImageStatsCalculator::statistics	Sum column unit = Jy/beam
2023-04-12 18:17:55	INFO	imstat::ImageStatsCalculator::statistics+	Mean column unit = Jy/beam
2023-04-12 18:17:55	INFO	imstat::ImageStatsCalculator::statistics+	Std_dev column unit = Jy/beam
2023-04-12 18:17:55	INFO	imstat::ImageStatsCalculator::statistics+	Minimum column unit = Jy/beam
2023-04-12 18:17:55	INFO	imstat::ImageStatsCalculator::statistics+	Maximum column unit = Jy/beam
2023-04-12 18:17:55	INFO	imstat::ImageStatsCalculator::statistics	Npts          Sum           Mean          Rms           Std_dev       Minimum       Maximum     
2023-04-12 18:17:55	INFO	imstat::ImageStatsCalculator::statistics	 5.027180e+05 -2.292381e+00 -4.559973e-06  1.339080e-05  1.259049e-05 -5.919297e-05  4.960533e-05
2023-04-12 18:17:55	INFO	imstat::::casa	Task imstat complete. Start time: 2023-04-12 18:17:55.044705 End time: 2023-04-12 18:17:55.188890
2023-04-12 18:17:55	INFO	imstat::::casa	##### End Task: imstat               #####
2023-04-12 18:17:55	INFO	imstat::::casa	##########################################
2023-04-12 18:17:55	INFO	imstat::::casa	##########################################
2023-04-12 18:17:55	INFO	imstat::::casa	##### Begin Task: imstat             #####
2023-04-12 18:17:55	INFO	imstat::::casa	imstat( imagename='/lustre/cv/users/jspeedie/data/images_continuum/robust0.5/ABAur_continuum.clean.JvMcorr.image', axes=[], region='circle[[04h55m45.8549s, +30.33.03.733], 3.0arcsec]', box='', chans='', stokes='', listit=True, verbose=True, mask='', stretch=False, logfile='', append=True, algorithm='classic', fence=-1.0, center='mean', lside=True, zscore=-1.0, maxiter=-1, clmethod='auto', niter=3 )
2023-04-12 18:17:55	INFO	imstat::AsciiRegionFileParser::_parse	Combined 1 image regions (which excludes any annotation regions)
2023-04-12 18:17:55	INFO	imstat::AsciiRegionFileParser::_parse	The specified region will select all pixels that are included in the region. Full pixels will be included even when they are only partially covered by the region(s).
2023-04-12 18:17:55	INFO	imstat::CasacRegionManager::fromBCS	Region read from text string circle[[04h55m45.8549s, +30.33.03.733], 3.0arcsec]
2023-04-12 18:17:55	INFO	imstat::image::statistics 	Determining stats for image ABAur_continuum.clean.JvMcorr.image
2023-04-12 18:17:55	INFO	imstat::ImageRegion::fromRecord	Selected bounding box : 
2023-04-12 18:17:55	INFO	imstat::ImageRegion::fromRecord+	    [874, 874, 0, 0] to [1174, 1173, 0, 0]  (04:55:46.087, +30.33.00.733, I, 2.26769e+11Hz to 04:55:45.623, +30.33.06.713, I, 2.26769e+11Hz)
2023-04-12 18:17:55	INFO	imstat::ImageStatsCalculator::_logStartup	Statistics calculated using Classic algorithm
2023-04-12 18:17:55	INFO	imstat::ImageStatsCalculator::_logStartup	Regions --- 
2023-04-12 18:17:55	INFO	imstat::ImageStatsCalculator::_logStartup	         -- bottom-left corner (pixel) [blc]:  [874, 874, 0, 0]
2023-04-12 18:17:55	INFO	imstat::ImageStatsCalculator::_logStartup	         -- top-right corner (pixel) [trc]:    [1174, 1173, 0, 0]
2023-04-12 18:17:55	INFO	imstat::ImageStatsCalculator::_logStartup	         -- bottom-left corner (world) [blcf]: 04:55:46.087, +30.33.00.733, I, 2.26769e+11Hz
2023-04-12 18:17:55	INFO	imstat::ImageStatsCalculator::_logStartup	         -- top-right corner (world) [trcf]:   04:55:45.623, +30.33.06.713, I, 2.26769e+11Hz
2023-04-12 18:17:55	INFO	imstat::::	Values --- 
2023-04-12 18:17:55	INFO	imstat::::	         -- flux density [flux]:                    0.0899339 Jy
2023-04-12 18:17:55	INFO	imstat::::	         -- number of points [npts]:                70674
2023-04-12 18:17:55	INFO	imstat::::	         -- maximum value [max]:                    0.00209121 Jy/beam
2023-04-12 18:17:55	INFO	imstat::::	         -- minimum value [min]:                    -1.49769e-05 Jy/beam
2023-04-12 18:17:55	INFO	imstat::::	         -- position of max value (pixel) [maxpos]: [1072, 1013, 0, 0]
2023-04-12 18:17:55	INFO	imstat::::	         -- position of min value (pixel) [minpos]: [1155, 1089, 0, 0]
2023-04-12 18:17:55	INFO	imstat::::	         -- position of max value (world) [maxposf]: 04:55:45.781, +30.33.03.513, I, 2.26769e+11Hz
2023-04-12 18:17:55	INFO	imstat::::	         -- position of min value (world) [minposf]: 04:55:45.652, +30.33.05.033, I, 2.26769e+11Hz
2023-04-12 18:17:55	INFO	imstat::::	         -- Sum of pixel values [sum]:               11.0309 Jy/beam
2023-04-12 18:17:55	INFO	imstat::::	         -- Sum of squared pixel values [sumsq]:     0.0095865 Jy/beam.Jy/beam
2023-04-12 18:17:55	INFO	imstat::::	Statistics --- 
2023-04-12 18:17:55	INFO	imstat::::	        -- Mean of the pixel values [mean]:         0.000156081 Jy/beam
2023-04-12 18:17:55	INFO	imstat::::	        -- Variance of the pixel values :           1.11284e-07 Jy/beam
2023-04-12 18:17:55	INFO	imstat::::	        -- Standard deviation of the Mean [sigma]:  0.000333593 Jy/beam
2023-04-12 18:17:55	INFO	imstat::::	        -- Root mean square [rms]:                  0.000368299 Jy/beam
2023-04-12 18:17:55	INFO	imstat::::	        -- Median of the pixel values [median]:     1.49524e-05 Jy/beam
2023-04-12 18:17:55	INFO	imstat::::	        -- Median of the deviations [medabsdevmed]: 1.39311e-05 Jy/beam
2023-04-12 18:17:55	INFO	imstat::::	        -- IQR [quartile]:                          9.40384e-05 Jy/beam
2023-04-12 18:17:55	INFO	imstat::::	        -- First quartile [q1]:                     5.35796e-06 Jy/beam
2023-04-12 18:17:55	INFO	imstat::::	        -- Third quartile [q3]:                     9.93963e-05 Jy/beam
2023-04-12 18:17:55	INFO	imstat::ImageStatsCalculator::statistics	Sum column unit = Jy/beam
2023-04-12 18:17:55	INFO	imstat::ImageStatsCalculator::statistics+	Mean column unit = Jy/beam
2023-04-12 18:17:55	INFO	imstat::ImageStatsCalculator::statistics+	Std_dev column unit = Jy/beam
2023-04-12 18:17:55	INFO	imstat::ImageStatsCalculator::statistics+	Minimum column unit = Jy/beam
2023-04-12 18:17:55	INFO	imstat::ImageStatsCalculator::statistics+	Maximum column unit = Jy/beam
2023-04-12 18:17:55	INFO	imstat::ImageStatsCalculator::statistics	Npts          Sum           Mean          Rms           Std_dev       Minimum       Maximum     
2023-04-12 18:17:55	INFO	imstat::ImageStatsCalculator::statistics	 7.067400e+04  1.103090e+01  1.560815e-04  3.682988e-04  3.335927e-04 -1.497685e-05  2.091211e-03
2023-04-12 18:17:55	INFO	imstat::::casa	Task imstat complete. Start time: 2023-04-12 18:17:55.194620 End time: 2023-04-12 18:17:55.272608
2023-04-12 18:17:55	INFO	imstat::::casa	##### End Task: imstat               #####
2023-04-12 18:17:55	INFO	imstat::::casa	##########################################
2023-04-12 18:17:55	INFO	imstat::::casa	##########################################
2023-04-12 18:17:55	INFO	imstat::::casa	##### Begin Task: imstat             #####
2023-04-12 18:17:55	INFO	imstat::::casa	imstat( imagename='/lustre/cv/users/jspeedie/data/images_continuum/robust0.5/ABAur_continuum.clean.JvMcorr.image', axes=[], region='circle[[04h55m45.8549s, +30.33.03.733], 3.0arcsec]', box='', chans='', stokes='', listit=True, verbose=True, mask='', stretch=False, logfile='', append=True, algorithm='classic', fence=-1.0, center='mean', lside=True, zscore=-1.0, maxiter=-1, clmethod='auto', niter=3 )
2023-04-12 18:17:55	INFO	imstat::AsciiRegionFileParser::_parse	Combined 1 image regions (which excludes any annotation regions)
2023-04-12 18:17:55	INFO	imstat::AsciiRegionFileParser::_parse	The specified region will select all pixels that are included in the region. Full pixels will be included even when they are only partially covered by the region(s).
2023-04-12 18:17:55	INFO	imstat::CasacRegionManager::fromBCS	Region read from text string circle[[04h55m45.8549s, +30.33.03.733], 3.0arcsec]
2023-04-12 18:17:55	INFO	imstat::image::statistics 	Determining stats for image ABAur_continuum.clean.JvMcorr.image
2023-04-12 18:17:55	INFO	imstat::ImageRegion::fromRecord	Selected bounding box : 
2023-04-12 18:17:55	INFO	imstat::ImageRegion::fromRecord+	    [874, 874, 0, 0] to [1174, 1173, 0, 0]  (04:55:46.087, +30.33.00.733, I, 2.26769e+11Hz to 04:55:45.623, +30.33.06.713, I, 2.26769e+11Hz)
2023-04-12 18:17:55	INFO	imstat::ImageStatsCalculator::_logStartup	Statistics calculated using Classic algorithm
2023-04-12 18:17:55	INFO	imstat::ImageStatsCalculator::_logStartup	Regions --- 
2023-04-12 18:17:55	INFO	imstat::ImageStatsCalculator::_logStartup	         -- bottom-left corner (pixel) [blc]:  [874, 874, 0, 0]
2023-04-12 18:17:55	INFO	imstat::ImageStatsCalculator::_logStartup	         -- top-right corner (pixel) [trc]:    [1174, 1173, 0, 0]
2023-04-12 18:17:55	INFO	imstat::ImageStatsCalculator::_logStartup	         -- bottom-left corner (world) [blcf]: 04:55:46.087, +30.33.00.733, I, 2.26769e+11Hz
2023-04-12 18:17:55	INFO	imstat::ImageStatsCalculator::_logStartup	         -- top-right corner (world) [trcf]:   04:55:45.623, +30.33.06.713, I, 2.26769e+11Hz
2023-04-12 18:17:55	INFO	imstat::::	Values --- 
2023-04-12 18:17:55	INFO	imstat::::	         -- flux density [flux]:                    0.0899339 Jy
2023-04-12 18:17:55	INFO	imstat::::	         -- number of points [npts]:                70674
2023-04-12 18:17:55	INFO	imstat::::	         -- maximum value [max]:                    0.00209121 Jy/beam
2023-04-12 18:17:55	INFO	imstat::::	         -- minimum value [min]:                    -1.49769e-05 Jy/beam
2023-04-12 18:17:55	INFO	imstat::::	         -- position of max value (pixel) [maxpos]: [1072, 1013, 0, 0]
2023-04-12 18:17:55	INFO	imstat::::	         -- position of min value (pixel) [minpos]: [1155, 1089, 0, 0]
2023-04-12 18:17:55	INFO	imstat::::	         -- position of max value (world) [maxposf]: 04:55:45.781, +30.33.03.513, I, 2.26769e+11Hz
2023-04-12 18:17:55	INFO	imstat::::	         -- position of min value (world) [minposf]: 04:55:45.652, +30.33.05.033, I, 2.26769e+11Hz
2023-04-12 18:17:55	INFO	imstat::::	         -- Sum of pixel values [sum]:               11.0309 Jy/beam
2023-04-12 18:17:55	INFO	imstat::::	         -- Sum of squared pixel values [sumsq]:     0.0095865 Jy/beam.Jy/beam
2023-04-12 18:17:55	INFO	imstat::::	Statistics --- 
2023-04-12 18:17:55	INFO	imstat::::	        -- Mean of the pixel values [mean]:         0.000156081 Jy/beam
2023-04-12 18:17:55	INFO	imstat::::	        -- Variance of the pixel values :           1.11284e-07 Jy/beam
2023-04-12 18:17:55	INFO	imstat::::	        -- Standard deviation of the Mean [sigma]:  0.000333593 Jy/beam
2023-04-12 18:17:55	INFO	imstat::::	        -- Root mean square [rms]:                  0.000368299 Jy/beam
2023-04-12 18:17:55	INFO	imstat::::	        -- Median of the pixel values [median]:     1.49524e-05 Jy/beam
2023-04-12 18:17:55	INFO	imstat::::	        -- Median of the deviations [medabsdevmed]: 1.39311e-05 Jy/beam
2023-04-12 18:17:55	INFO	imstat::::	        -- IQR [quartile]:                          9.40384e-05 Jy/beam
2023-04-12 18:17:55	INFO	imstat::::	        -- First quartile [q1]:                     5.35796e-06 Jy/beam
2023-04-12 18:17:55	INFO	imstat::::	        -- Third quartile [q3]:                     9.93963e-05 Jy/beam
2023-04-12 18:17:55	INFO	imstat::ImageStatsCalculator::statistics	Sum column unit = Jy/beam
2023-04-12 18:17:55	INFO	imstat::ImageStatsCalculator::statistics+	Mean column unit = Jy/beam
2023-04-12 18:17:55	INFO	imstat::ImageStatsCalculator::statistics+	Std_dev column unit = Jy/beam
2023-04-12 18:17:55	INFO	imstat::ImageStatsCalculator::statistics+	Minimum column unit = Jy/beam
2023-04-12 18:17:55	INFO	imstat::ImageStatsCalculator::statistics+	Maximum column unit = Jy/beam
2023-04-12 18:17:55	INFO	imstat::ImageStatsCalculator::statistics	Npts          Sum           Mean          Rms           Std_dev       Minimum       Maximum     
2023-04-12 18:17:55	INFO	imstat::ImageStatsCalculator::statistics	 7.067400e+04  1.103090e+01  1.560815e-04  3.682988e-04  3.335927e-04 -1.497685e-05  2.091211e-03
2023-04-12 18:17:55	INFO	imstat::::casa	Task imstat complete. Start time: 2023-04-12 18:17:55.275904 End time: 2023-04-12 18:17:55.367451
2023-04-12 18:17:55	INFO	imstat::::casa	##### End Task: imstat               #####
2023-04-12 18:17:55	INFO	imstat::::casa	##########################################
2023-04-12 18:17:55	INFO	imstat::::casa	##########################################
2023-04-12 18:17:55	INFO	imstat::::casa	##### Begin Task: imstat             #####
2023-04-12 18:17:55	INFO	imstat::::casa	imstat( imagename='/lustre/cv/users/jspeedie/data/images_continuum/robust0.5/ABAur_continuum.clean.JvMcorr.image', axes=[], region="annulus[[04h55m45.8549s, +30.33.03.733],['6.00arcsec', '10.0arcsec']]", box='', chans='', stokes='', listit=True, verbose=True, mask='', stretch=False, logfile='', append=True, algorithm='classic', fence=-1.0, center='mean', lside=True, zscore=-1.0, maxiter=-1, clmethod='auto', niter=3 )
2023-04-12 18:17:55	INFO	imstat::AsciiRegionFileParser::_parse	Combined 1 image regions (which excludes any annotation regions)
2023-04-12 18:17:55	INFO	imstat::AsciiRegionFileParser::_parse	The specified region will select all pixels that are included in the region. Full pixels will be included even when they are only partially covered by the region(s).
2023-04-12 18:17:55	INFO	imstat::CasacRegionManager::fromBCS	Region read from text string annulus[[04h55m45.8549s, +30.33.03.733],['6.00arcsec', '10.0arcsec']]
2023-04-12 18:17:55	INFO	imstat::image::statistics 	Determining stats for image ABAur_continuum.clean.JvMcorr.image
2023-04-12 18:17:55	INFO	imstat::ImageRegion::fromRecord	Selected bounding box : 
2023-04-12 18:17:55	INFO	imstat::ImageRegion::fromRecord+	    [524, 524, 0, 0] to [1524, 1524, 0, 0]  (04:55:46.629, +30.32.53.733, I, 2.26769e+11Hz to 04:55:45.081, +30.33.13.733, I, 2.26769e+11Hz)
2023-04-12 18:17:55	INFO	imstat::ImageStatsCalculator::_logStartup	Statistics calculated using Classic algorithm
2023-04-12 18:17:55	INFO	imstat::ImageStatsCalculator::_logStartup	Regions --- 
2023-04-12 18:17:55	INFO	imstat::ImageStatsCalculator::_logStartup	         -- bottom-left corner (pixel) [blc]:  [524, 524, 0, 0]
2023-04-12 18:17:55	INFO	imstat::ImageStatsCalculator::_logStartup	         -- top-right corner (pixel) [trc]:    [1524, 1524, 0, 0]
2023-04-12 18:17:55	INFO	imstat::ImageStatsCalculator::_logStartup	         -- bottom-left corner (world) [blcf]: 04:55:46.629, +30.32.53.733, I, 2.26769e+11Hz
2023-04-12 18:17:55	INFO	imstat::ImageStatsCalculator::_logStartup	         -- top-right corner (world) [trcf]:   04:55:45.081, +30.33.13.733, I, 2.26769e+11Hz
2023-04-12 18:17:55	INFO	imstat::::	Values --- 
2023-04-12 18:17:55	INFO	imstat::::	         -- flux density [flux]:                    -0.00853355 Jy
2023-04-12 18:17:55	INFO	imstat::::	         -- number of points [npts]:                502718
2023-04-12 18:17:55	INFO	imstat::::	         -- maximum value [max]:                    2.26495e-05 Jy/beam
2023-04-12 18:17:55	INFO	imstat::::	         -- minimum value [min]:                    -2.70272e-05 Jy/beam
2023-04-12 18:17:55	INFO	imstat::::	         -- position of max value (pixel) [maxpos]: [1273, 1438, 0, 0]
2023-04-12 18:17:55	INFO	imstat::::	         -- position of min value (pixel) [minpos]: [1397, 745, 0, 0]
2023-04-12 18:17:55	INFO	imstat::::	         -- position of max value (world) [maxposf]: 04:55:45.469, +30.33.12.013, I, 2.26769e+11Hz
2023-04-12 18:17:55	INFO	imstat::::	         -- position of min value (world) [minposf]: 04:55:45.277, +30.32.58.153, I, 2.26769e+11Hz
2023-04-12 18:17:55	INFO	imstat::::	         -- Sum of pixel values [sum]:               -1.04669 Jy/beam
2023-04-12 18:17:55	INFO	imstat::::	         -- Sum of squared pixel values [sumsq]:     1.87931e-05 Jy/beam.Jy/beam
2023-04-12 18:17:55	INFO	imstat::::	Statistics --- 
2023-04-12 18:17:55	INFO	imstat::::	        -- Mean of the pixel values [mean]:         -2.08206e-06 Jy/beam
2023-04-12 18:17:55	INFO	imstat::::	        -- Variance of the pixel values :           3.30481e-11 Jy/beam
2023-04-12 18:17:55	INFO	imstat::::	        -- Standard deviation of the Mean [sigma]:  5.74875e-06 Jy/beam
2023-04-12 18:17:55	INFO	imstat::::	        -- Root mean square [rms]:                  6.11417e-06 Jy/beam
2023-04-12 18:17:55	INFO	imstat::::	        -- Median of the pixel values [median]:     -2.13562e-06 Jy/beam
2023-04-12 18:17:55	INFO	imstat::::	        -- Median of the deviations [medabsdevmed]: 3.84344e-06 Jy/beam
2023-04-12 18:17:55	INFO	imstat::::	        -- IQR [quartile]:                          7.69053e-06 Jy/beam
2023-04-12 18:17:55	INFO	imstat::::	        -- First quartile [q1]:                     -5.9414e-06 Jy/beam
2023-04-12 18:17:55	INFO	imstat::::	        -- Third quartile [q3]:                     1.74913e-06 Jy/beam
2023-04-12 18:17:55	INFO	imstat::ImageStatsCalculator::statistics	Sum column unit = Jy/beam
2023-04-12 18:17:55	INFO	imstat::ImageStatsCalculator::statistics+	Mean column unit = Jy/beam
2023-04-12 18:17:55	INFO	imstat::ImageStatsCalculator::statistics+	Std_dev column unit = Jy/beam
2023-04-12 18:17:55	INFO	imstat::ImageStatsCalculator::statistics+	Minimum column unit = Jy/beam
2023-04-12 18:17:55	INFO	imstat::ImageStatsCalculator::statistics+	Maximum column unit = Jy/beam
2023-04-12 18:17:55	INFO	imstat::ImageStatsCalculator::statistics	Npts          Sum           Mean          Rms           Std_dev       Minimum       Maximum     
2023-04-12 18:17:55	INFO	imstat::ImageStatsCalculator::statistics	 5.027180e+05 -1.046689e+00 -2.082059e-06  6.114166e-06  5.748750e-06 -2.702718e-05  2.264952e-05
2023-04-12 18:17:55	INFO	imstat::::casa	Task imstat complete. Start time: 2023-04-12 18:17:55.370721 End time: 2023-04-12 18:17:55.448911
2023-04-12 18:17:55	INFO	imstat::::casa	##### End Task: imstat               #####
2023-04-12 18:17:55	INFO	imstat::::casa	##########################################
2023-04-12 18:17:55	INFO	imstat::::casa	##########################################
2023-04-12 18:17:55	INFO	imstat::::casa	##### Begin Task: imstat             #####
2023-04-12 18:17:55	INFO	imstat::::casa	imstat( imagename='/lustre/cv/users/jspeedie/data/images_continuum/robust0.5/ABAur_continuum.clean.JvMcorr.image', axes=[], region='circle[[04h55m45.8549s, +30.33.03.733], 3.0arcsec]', box='', chans='', stokes='', listit=True, verbose=True, mask='', stretch=False, logfile='', append=True, algorithm='classic', fence=-1.0, center='mean', lside=True, zscore=-1.0, maxiter=-1, clmethod='auto', niter=3 )
2023-04-12 18:17:55	INFO	imstat::AsciiRegionFileParser::_parse	Combined 1 image regions (which excludes any annotation regions)
2023-04-12 18:17:55	INFO	imstat::AsciiRegionFileParser::_parse	The specified region will select all pixels that are included in the region. Full pixels will be included even when they are only partially covered by the region(s).
2023-04-12 18:17:55	INFO	imstat::CasacRegionManager::fromBCS	Region read from text string circle[[04h55m45.8549s, +30.33.03.733], 3.0arcsec]
2023-04-12 18:17:55	INFO	imstat::image::statistics 	Determining stats for image ABAur_continuum.clean.JvMcorr.image
2023-04-12 18:17:55	INFO	imstat::ImageRegion::fromRecord	Selected bounding box : 
2023-04-12 18:17:55	INFO	imstat::ImageRegion::fromRecord+	    [874, 874, 0, 0] to [1174, 1173, 0, 0]  (04:55:46.087, +30.33.00.733, I, 2.26769e+11Hz to 04:55:45.623, +30.33.06.713, I, 2.26769e+11Hz)
2023-04-12 18:17:55	INFO	imstat::ImageStatsCalculator::_logStartup	Statistics calculated using Classic algorithm
2023-04-12 18:17:55	INFO	imstat::ImageStatsCalculator::_logStartup	Regions --- 
2023-04-12 18:17:55	INFO	imstat::ImageStatsCalculator::_logStartup	         -- bottom-left corner (pixel) [blc]:  [874, 874, 0, 0]
2023-04-12 18:17:55	INFO	imstat::ImageStatsCalculator::_logStartup	         -- top-right corner (pixel) [trc]:    [1174, 1173, 0, 0]
2023-04-12 18:17:55	INFO	imstat::ImageStatsCalculator::_logStartup	         -- bottom-left corner (world) [blcf]: 04:55:46.087, +30.33.00.733, I, 2.26769e+11Hz
2023-04-12 18:17:55	INFO	imstat::ImageStatsCalculator::_logStartup	         -- top-right corner (world) [trcf]:   04:55:45.623, +30.33.06.713, I, 2.26769e+11Hz
2023-04-12 18:17:56	INFO	imstat::::	Values --- 
2023-04-12 18:17:56	INFO	imstat::::	         -- flux density [flux]:                    0.0899339 Jy
2023-04-12 18:17:56	INFO	imstat::::	         -- number of points [npts]:                70674
2023-04-12 18:17:56	INFO	imstat::::	         -- maximum value [max]:                    0.00209121 Jy/beam
2023-04-12 18:17:56	INFO	imstat::::	         -- minimum value [min]:                    -1.49769e-05 Jy/beam
2023-04-12 18:17:56	INFO	imstat::::	         -- position of max value (pixel) [maxpos]: [1072, 1013, 0, 0]
2023-04-12 18:17:56	INFO	imstat::::	         -- position of min value (pixel) [minpos]: [1155, 1089, 0, 0]
2023-04-12 18:17:56	INFO	imstat::::	         -- position of max value (world) [maxposf]: 04:55:45.781, +30.33.03.513, I, 2.26769e+11Hz
2023-04-12 18:17:56	INFO	imstat::::	         -- position of min value (world) [minposf]: 04:55:45.652, +30.33.05.033, I, 2.26769e+11Hz
2023-04-12 18:17:56	INFO	imstat::::	         -- Sum of pixel values [sum]:               11.0309 Jy/beam
2023-04-12 18:17:56	INFO	imstat::::	         -- Sum of squared pixel values [sumsq]:     0.0095865 Jy/beam.Jy/beam
2023-04-12 18:17:56	INFO	imstat::::	Statistics --- 
2023-04-12 18:17:56	INFO	imstat::::	        -- Mean of the pixel values [mean]:         0.000156081 Jy/beam
2023-04-12 18:17:56	INFO	imstat::::	        -- Variance of the pixel values :           1.11284e-07 Jy/beam
2023-04-12 18:17:56	INFO	imstat::::	        -- Standard deviation of the Mean [sigma]:  0.000333593 Jy/beam
2023-04-12 18:17:56	INFO	imstat::::	        -- Root mean square [rms]:                  0.000368299 Jy/beam
2023-04-12 18:17:56	INFO	imstat::::	        -- Median of the pixel values [median]:     1.49524e-05 Jy/beam
2023-04-12 18:17:56	INFO	imstat::::	        -- Median of the deviations [medabsdevmed]: 1.39311e-05 Jy/beam
2023-04-12 18:17:56	INFO	imstat::::	        -- IQR [quartile]:                          9.40384e-05 Jy/beam
2023-04-12 18:17:56	INFO	imstat::::	        -- First quartile [q1]:                     5.35796e-06 Jy/beam
2023-04-12 18:17:56	INFO	imstat::::	        -- Third quartile [q3]:                     9.93963e-05 Jy/beam
2023-04-12 18:17:56	INFO	imstat::ImageStatsCalculator::statistics	Sum column unit = Jy/beam
2023-04-12 18:17:56	INFO	imstat::ImageStatsCalculator::statistics+	Mean column unit = Jy/beam
2023-04-12 18:17:56	INFO	imstat::ImageStatsCalculator::statistics+	Std_dev column unit = Jy/beam
2023-04-12 18:17:56	INFO	imstat::ImageStatsCalculator::statistics+	Minimum column unit = Jy/beam
2023-04-12 18:17:56	INFO	imstat::ImageStatsCalculator::statistics+	Maximum column unit = Jy/beam
2023-04-12 18:17:56	INFO	imstat::ImageStatsCalculator::statistics	Npts          Sum           Mean          Rms           Std_dev       Minimum       Maximum     
2023-04-12 18:17:56	INFO	imstat::ImageStatsCalculator::statistics	 7.067400e+04  1.103090e+01  1.560815e-04  3.682988e-04  3.335927e-04 -1.497685e-05  2.091211e-03
2023-04-12 18:17:56	INFO	imstat::::casa	Task imstat complete. Start time: 2023-04-12 18:17:55.455045 End time: 2023-04-12 18:17:55.542355
2023-04-12 18:17:56	INFO	imstat::::casa	##### End Task: imstat               #####
2023-04-12 18:17:56	INFO	imstat::::casa	##########################################
2023-04-12 18:17:56	INFO	imstat::::casa	##########################################
2023-04-12 18:17:56	INFO	imstat::::casa	##### Begin Task: imstat             #####
2023-04-12 18:17:56	INFO	imstat::::casa	imstat( imagename='/lustre/cv/users/jspeedie/data/images_continuum/robust0.5/ABAur_continuum.clean.JvMcorr.image', axes=[], region="annulus[[04h55m45.8549s, +30.33.03.733],['6.00arcsec', '10.0arcsec']]", box='', chans='', stokes='', listit=True, verbose=True, mask='', stretch=False, logfile='', append=True, algorithm='classic', fence=-1.0, center='mean', lside=True, zscore=-1.0, maxiter=-1, clmethod='auto', niter=3 )
2023-04-12 18:17:56	INFO	imstat::AsciiRegionFileParser::_parse	Combined 1 image regions (which excludes any annotation regions)
2023-04-12 18:17:56	INFO	imstat::AsciiRegionFileParser::_parse	The specified region will select all pixels that are included in the region. Full pixels will be included even when they are only partially covered by the region(s).
2023-04-12 18:17:56	INFO	imstat::CasacRegionManager::fromBCS	Region read from text string annulus[[04h55m45.8549s, +30.33.03.733],['6.00arcsec', '10.0arcsec']]
2023-04-12 18:17:56	INFO	imstat::image::statistics 	Determining stats for image ABAur_continuum.clean.JvMcorr.image
2023-04-12 18:17:56	INFO	imstat::ImageRegion::fromRecord	Selected bounding box : 
2023-04-12 18:17:56	INFO	imstat::ImageRegion::fromRecord+	    [524, 524, 0, 0] to [1524, 1524, 0, 0]  (04:55:46.629, +30.32.53.733, I, 2.26769e+11Hz to 04:55:45.081, +30.33.13.733, I, 2.26769e+11Hz)
2023-04-12 18:17:56	INFO	imstat::ImageStatsCalculator::_logStartup	Statistics calculated using Classic algorithm
2023-04-12 18:17:56	INFO	imstat::ImageStatsCalculator::_logStartup	Regions --- 
2023-04-12 18:17:56	INFO	imstat::ImageStatsCalculator::_logStartup	         -- bottom-left corner (pixel) [blc]:  [524, 524, 0, 0]
2023-04-12 18:17:56	INFO	imstat::ImageStatsCalculator::_logStartup	         -- top-right corner (pixel) [trc]:    [1524, 1524, 0, 0]
2023-04-12 18:17:56	INFO	imstat::ImageStatsCalculator::_logStartup	         -- bottom-left corner (world) [blcf]: 04:55:46.629, +30.32.53.733, I, 2.26769e+11Hz
2023-04-12 18:17:56	INFO	imstat::ImageStatsCalculator::_logStartup	         -- top-right corner (world) [trcf]:   04:55:45.081, +30.33.13.733, I, 2.26769e+11Hz
2023-04-12 18:17:56	INFO	imstat::::	Values --- 
2023-04-12 18:17:56	INFO	imstat::::	         -- flux density [flux]:                    -0.00853355 Jy
2023-04-12 18:17:56	INFO	imstat::::	         -- number of points [npts]:                502718
2023-04-12 18:17:56	INFO	imstat::::	         -- maximum value [max]:                    2.26495e-05 Jy/beam
2023-04-12 18:17:56	INFO	imstat::::	         -- minimum value [min]:                    -2.70272e-05 Jy/beam
2023-04-12 18:17:56	INFO	imstat::::	         -- position of max value (pixel) [maxpos]: [1273, 1438, 0, 0]
2023-04-12 18:17:56	INFO	imstat::::	         -- position of min value (pixel) [minpos]: [1397, 745, 0, 0]
2023-04-12 18:17:56	INFO	imstat::::	         -- position of max value (world) [maxposf]: 04:55:45.469, +30.33.12.013, I, 2.26769e+11Hz
2023-04-12 18:17:56	INFO	imstat::::	         -- position of min value (world) [minposf]: 04:55:45.277, +30.32.58.153, I, 2.26769e+11Hz
2023-04-12 18:17:56	INFO	imstat::::	         -- Sum of pixel values [sum]:               -1.04669 Jy/beam
2023-04-12 18:17:56	INFO	imstat::::	         -- Sum of squared pixel values [sumsq]:     1.87931e-05 Jy/beam.Jy/beam
2023-04-12 18:17:56	INFO	imstat::::	Statistics --- 
2023-04-12 18:17:56	INFO	imstat::::	        -- Mean of the pixel values [mean]:         -2.08206e-06 Jy/beam
2023-04-12 18:17:56	INFO	imstat::::	        -- Variance of the pixel values :           3.30481e-11 Jy/beam
2023-04-12 18:17:56	INFO	imstat::::	        -- Standard deviation of the Mean [sigma]:  5.74875e-06 Jy/beam
2023-04-12 18:17:56	INFO	imstat::::	        -- Root mean square [rms]:                  6.11417e-06 Jy/beam
2023-04-12 18:17:56	INFO	imstat::::	        -- Median of the pixel values [median]:     -2.13562e-06 Jy/beam
2023-04-12 18:17:56	INFO	imstat::::	        -- Median of the deviations [medabsdevmed]: 3.84344e-06 Jy/beam
2023-04-12 18:17:56	INFO	imstat::::	        -- IQR [quartile]:                          7.69053e-06 Jy/beam
2023-04-12 18:17:56	INFO	imstat::::	        -- First quartile [q1]:                     -5.9414e-06 Jy/beam
2023-04-12 18:17:56	INFO	imstat::::	        -- Third quartile [q3]:                     1.74913e-06 Jy/beam
2023-04-12 18:17:56	INFO	imstat::ImageStatsCalculator::statistics	Sum column unit = Jy/beam
2023-04-12 18:17:56	INFO	imstat::ImageStatsCalculator::statistics+	Mean column unit = Jy/beam
2023-04-12 18:17:56	INFO	imstat::ImageStatsCalculator::statistics+	Std_dev column unit = Jy/beam
2023-04-12 18:17:56	INFO	imstat::ImageStatsCalculator::statistics+	Minimum column unit = Jy/beam
2023-04-12 18:17:56	INFO	imstat::ImageStatsCalculator::statistics+	Maximum column unit = Jy/beam
2023-04-12 18:17:56	INFO	imstat::ImageStatsCalculator::statistics	Npts          Sum           Mean          Rms           Std_dev       Minimum       Maximum     
2023-04-12 18:17:56	INFO	imstat::ImageStatsCalculator::statistics	 5.027180e+05 -1.046689e+00 -2.082059e-06  6.114166e-06  5.748750e-06 -2.702718e-05  2.264952e-05
2023-04-12 18:17:56	INFO	imstat::::casa	Task imstat complete. Start time: 2023-04-12 18:17:55.548066 End time: 2023-04-12 18:17:55.668688
2023-04-12 18:17:56	INFO	imstat::::casa	##### End Task: imstat               #####
2023-04-12 18:17:56	INFO	imstat::::casa	##########################################
2023-04-12 18:17:56	INFO	imstat::::casa	##########################################
2023-04-12 18:17:56	INFO	imstat::::casa	##### Begin Task: imstat             #####
2023-04-12 18:17:56	INFO	imstat::::casa	imstat( imagename='/lustre/cv/users/jspeedie/data/images_continuum/robust0.5/ABAur_continuum.clean.JvMcorr_lowres.image', axes=[], region='circle[[04h55m45.8549s, +30.33.03.733], 3.0arcsec]', box='', chans='', stokes='', listit=True, verbose=True, mask='', stretch=False, logfile='', append=True, algorithm='classic', fence=-1.0, center='mean', lside=True, zscore=-1.0, maxiter=-1, clmethod='auto', niter=3 )
2023-04-12 18:17:56	INFO	imstat::AsciiRegionFileParser::_parse	Combined 1 image regions (which excludes any annotation regions)
2023-04-12 18:17:56	INFO	imstat::AsciiRegionFileParser::_parse	The specified region will select all pixels that are included in the region. Full pixels will be included even when they are only partially covered by the region(s).
2023-04-12 18:17:56	INFO	imstat::CasacRegionManager::fromBCS	Region read from text string circle[[04h55m45.8549s, +30.33.03.733], 3.0arcsec]
2023-04-12 18:17:56	INFO	imstat::image::statistics 	Determining stats for image ABAur_continuum.clean.JvMcorr_lowres.image
2023-04-12 18:17:56	INFO	imstat::ImageRegion::fromRecord	Selected bounding box : 
2023-04-12 18:17:56	INFO	imstat::ImageRegion::fromRecord+	    [874, 874, 0, 0] to [1174, 1173, 0, 0]  (04:55:46.087, +30.33.00.733, I, 2.26769e+11Hz to 04:55:45.623, +30.33.06.713, I, 2.26769e+11Hz)
2023-04-12 18:17:56	INFO	imstat::ImageStatsCalculator::_logStartup	Statistics calculated using Classic algorithm
2023-04-12 18:17:56	INFO	imstat::ImageStatsCalculator::_logStartup	Regions --- 
2023-04-12 18:17:56	INFO	imstat::ImageStatsCalculator::_logStartup	         -- bottom-left corner (pixel) [blc]:  [874, 874, 0, 0]
2023-04-12 18:17:56	INFO	imstat::ImageStatsCalculator::_logStartup	         -- top-right corner (pixel) [trc]:    [1174, 1173, 0, 0]
2023-04-12 18:17:56	INFO	imstat::ImageStatsCalculator::_logStartup	         -- bottom-left corner (world) [blcf]: 04:55:46.087, +30.33.00.733, I, 2.26769e+11Hz
2023-04-12 18:17:56	INFO	imstat::ImageStatsCalculator::_logStartup	         -- top-right corner (world) [trcf]:   04:55:45.623, +30.33.06.713, I, 2.26769e+11Hz
2023-04-12 18:17:56	INFO	imstat::::	Values --- 
2023-04-12 18:17:56	INFO	imstat::::	         -- flux density [flux]:                    0.0899339 Jy
2023-04-12 18:17:56	INFO	imstat::::	         -- number of points [npts]:                70674
2023-04-12 18:17:56	INFO	imstat::::	         -- maximum value [max]:                    0.00408294 Jy/beam
2023-04-12 18:17:56	INFO	imstat::::	         -- minimum value [min]:                    -3.28012e-05 Jy/beam
2023-04-12 18:17:56	INFO	imstat::::	         -- position of max value (pixel) [maxpos]: [1072, 1015, 0, 0]
2023-04-12 18:17:56	INFO	imstat::::	         -- position of min value (pixel) [minpos]: [1155, 1089, 0, 0]
2023-04-12 18:17:56	INFO	imstat::::	         -- position of max value (world) [maxposf]: 04:55:45.781, +30.33.03.553, I, 2.26769e+11Hz
2023-04-12 18:17:56	INFO	imstat::::	         -- position of min value (world) [minposf]: 04:55:45.652, +30.33.05.033, I, 2.26769e+11Hz
2023-04-12 18:17:56	INFO	imstat::::	         -- Sum of pixel values [sum]:               24.1591 Jy/beam
2023-04-12 18:17:56	INFO	imstat::::	         -- Sum of squared pixel values [sumsq]:     0.0408821 Jy/beam.Jy/beam
2023-04-12 18:17:56	INFO	imstat::::	Statistics --- 
2023-04-12 18:17:56	INFO	imstat::::	        -- Mean of the pixel values [mean]:         0.000341838 Jy/beam
2023-04-12 18:17:56	INFO	imstat::::	        -- Variance of the pixel values :           4.61614e-07 Jy/beam
2023-04-12 18:17:56	INFO	imstat::::	        -- Standard deviation of the Mean [sigma]:  0.000679422 Jy/beam
2023-04-12 18:17:56	INFO	imstat::::	        -- Root mean square [rms]:                  0.000760566 Jy/beam
2023-04-12 18:17:56	INFO	imstat::::	        -- Median of the pixel values [median]:     3.31111e-05 Jy/beam
2023-04-12 18:17:56	INFO	imstat::::	        -- Median of the deviations [medabsdevmed]: 3.21954e-05 Jy/beam
2023-04-12 18:17:56	INFO	imstat::::	        -- IQR [quartile]:                          0.000261466 Jy/beam
2023-04-12 18:17:56	INFO	imstat::::	        -- First quartile [q1]:                     1.17429e-05 Jy/beam
2023-04-12 18:17:56	INFO	imstat::::	        -- Third quartile [q3]:                     0.000273209 Jy/beam
2023-04-12 18:17:56	INFO	imstat::ImageStatsCalculator::statistics	Sum column unit = Jy/beam
2023-04-12 18:17:56	INFO	imstat::ImageStatsCalculator::statistics+	Mean column unit = Jy/beam
2023-04-12 18:17:56	INFO	imstat::ImageStatsCalculator::statistics+	Std_dev column unit = Jy/beam
2023-04-12 18:17:56	INFO	imstat::ImageStatsCalculator::statistics+	Minimum column unit = Jy/beam
2023-04-12 18:17:56	INFO	imstat::ImageStatsCalculator::statistics+	Maximum column unit = Jy/beam
2023-04-12 18:17:56	INFO	imstat::ImageStatsCalculator::statistics	Npts          Sum           Mean          Rms           Std_dev       Minimum       Maximum     
2023-04-12 18:17:56	INFO	imstat::ImageStatsCalculator::statistics	 7.067400e+04  2.415907e+01  3.418382e-04  7.605661e-04  6.794217e-04 -3.280121e-05  4.082944e-03
2023-04-12 18:17:56	INFO	imstat::::casa	Task imstat complete. Start time: 2023-04-12 18:17:55.672471 End time: 2023-04-12 18:17:55.744464
2023-04-12 18:17:56	INFO	imstat::::casa	##### End Task: imstat               #####
2023-04-12 18:17:56	INFO	imstat::::casa	##########################################
2023-04-12 18:17:56	INFO	imstat::::casa	##########################################
2023-04-12 18:17:56	INFO	imstat::::casa	##### Begin Task: imstat             #####
2023-04-12 18:17:56	INFO	imstat::::casa	imstat( imagename='/lustre/cv/users/jspeedie/data/images_continuum/robust0.5/ABAur_continuum.clean.JvMcorr_lowres.image', axes=[], region='circle[[04h55m45.8549s, +30.33.03.733], 3.0arcsec]', box='', chans='', stokes='', listit=True, verbose=True, mask='', stretch=False, logfile='', append=True, algorithm='classic', fence=-1.0, center='mean', lside=True, zscore=-1.0, maxiter=-1, clmethod='auto', niter=3 )
2023-04-12 18:17:56	INFO	imstat::AsciiRegionFileParser::_parse	Combined 1 image regions (which excludes any annotation regions)
2023-04-12 18:17:56	INFO	imstat::AsciiRegionFileParser::_parse	The specified region will select all pixels that are included in the region. Full pixels will be included even when they are only partially covered by the region(s).
2023-04-12 18:17:56	INFO	imstat::CasacRegionManager::fromBCS	Region read from text string circle[[04h55m45.8549s, +30.33.03.733], 3.0arcsec]
2023-04-12 18:17:56	INFO	imstat::image::statistics 	Determining stats for image ABAur_continuum.clean.JvMcorr_lowres.image
2023-04-12 18:17:56	INFO	imstat::ImageRegion::fromRecord	Selected bounding box : 
2023-04-12 18:17:56	INFO	imstat::ImageRegion::fromRecord+	    [874, 874, 0, 0] to [1174, 1173, 0, 0]  (04:55:46.087, +30.33.00.733, I, 2.26769e+11Hz to 04:55:45.623, +30.33.06.713, I, 2.26769e+11Hz)
2023-04-12 18:17:56	INFO	imstat::ImageStatsCalculator::_logStartup	Statistics calculated using Classic algorithm
2023-04-12 18:17:56	INFO	imstat::ImageStatsCalculator::_logStartup	Regions --- 
2023-04-12 18:17:56	INFO	imstat::ImageStatsCalculator::_logStartup	         -- bottom-left corner (pixel) [blc]:  [874, 874, 0, 0]
2023-04-12 18:17:56	INFO	imstat::ImageStatsCalculator::_logStartup	         -- top-right corner (pixel) [trc]:    [1174, 1173, 0, 0]
2023-04-12 18:17:56	INFO	imstat::ImageStatsCalculator::_logStartup	         -- bottom-left corner (world) [blcf]: 04:55:46.087, +30.33.00.733, I, 2.26769e+11Hz
2023-04-12 18:17:56	INFO	imstat::ImageStatsCalculator::_logStartup	         -- top-right corner (world) [trcf]:   04:55:45.623, +30.33.06.713, I, 2.26769e+11Hz
2023-04-12 18:17:56	INFO	imstat::::	Values --- 
2023-04-12 18:17:56	INFO	imstat::::	         -- flux density [flux]:                    0.0899339 Jy
2023-04-12 18:17:56	INFO	imstat::::	         -- number of points [npts]:                70674
2023-04-12 18:17:56	INFO	imstat::::	         -- maximum value [max]:                    0.00408294 Jy/beam
2023-04-12 18:17:56	INFO	imstat::::	         -- minimum value [min]:                    -3.28012e-05 Jy/beam
2023-04-12 18:17:56	INFO	imstat::::	         -- position of max value (pixel) [maxpos]: [1072, 1015, 0, 0]
2023-04-12 18:17:56	INFO	imstat::::	         -- position of min value (pixel) [minpos]: [1155, 1089, 0, 0]
2023-04-12 18:17:56	INFO	imstat::::	         -- position of max value (world) [maxposf]: 04:55:45.781, +30.33.03.553, I, 2.26769e+11Hz
2023-04-12 18:17:56	INFO	imstat::::	         -- position of min value (world) [minposf]: 04:55:45.652, +30.33.05.033, I, 2.26769e+11Hz
2023-04-12 18:17:56	INFO	imstat::::	         -- Sum of pixel values [sum]:               24.1591 Jy/beam
2023-04-12 18:17:56	INFO	imstat::::	         -- Sum of squared pixel values [sumsq]:     0.0408821 Jy/beam.Jy/beam
2023-04-12 18:17:56	INFO	imstat::::	Statistics --- 
2023-04-12 18:17:56	INFO	imstat::::	        -- Mean of the pixel values [mean]:         0.000341838 Jy/beam
2023-04-12 18:17:56	INFO	imstat::::	        -- Variance of the pixel values :           4.61614e-07 Jy/beam
2023-04-12 18:17:56	INFO	imstat::::	        -- Standard deviation of the Mean [sigma]:  0.000679422 Jy/beam
2023-04-12 18:17:56	INFO	imstat::::	        -- Root mean square [rms]:                  0.000760566 Jy/beam
2023-04-12 18:17:56	INFO	imstat::::	        -- Median of the pixel values [median]:     3.31111e-05 Jy/beam
2023-04-12 18:17:56	INFO	imstat::::	        -- Median of the deviations [medabsdevmed]: 3.21954e-05 Jy/beam
2023-04-12 18:17:56	INFO	imstat::::	        -- IQR [quartile]:                          0.000261466 Jy/beam
2023-04-12 18:17:56	INFO	imstat::::	        -- First quartile [q1]:                     1.17429e-05 Jy/beam
2023-04-12 18:17:56	INFO	imstat::::	        -- Third quartile [q3]:                     0.000273209 Jy/beam
2023-04-12 18:17:56	INFO	imstat::ImageStatsCalculator::statistics	Sum column unit = Jy/beam
2023-04-12 18:17:56	INFO	imstat::ImageStatsCalculator::statistics+	Mean column unit = Jy/beam
2023-04-12 18:17:56	INFO	imstat::ImageStatsCalculator::statistics+	Std_dev column unit = Jy/beam
2023-04-12 18:17:56	INFO	imstat::ImageStatsCalculator::statistics+	Minimum column unit = Jy/beam
2023-04-12 18:17:56	INFO	imstat::ImageStatsCalculator::statistics+	Maximum column unit = Jy/beam
2023-04-12 18:17:56	INFO	imstat::ImageStatsCalculator::statistics	Npts          Sum           Mean          Rms           Std_dev       Minimum       Maximum     
2023-04-12 18:17:56	INFO	imstat::ImageStatsCalculator::statistics	 7.067400e+04  2.415907e+01  3.418382e-04  7.605661e-04  6.794217e-04 -3.280121e-05  4.082944e-03
2023-04-12 18:17:56	INFO	imstat::::casa	Task imstat complete. Start time: 2023-04-12 18:17:55.747642 End time: 2023-04-12 18:17:55.838568
2023-04-12 18:17:56	INFO	imstat::::casa	##### End Task: imstat               #####
2023-04-12 18:17:56	INFO	imstat::::casa	##########################################
2023-04-12 18:17:56	INFO	imstat::::casa	##########################################
2023-04-12 18:17:56	INFO	imstat::::casa	##### Begin Task: imstat             #####
2023-04-12 18:17:56	INFO	imstat::::casa	imstat( imagename='/lustre/cv/users/jspeedie/data/images_continuum/robust0.5/ABAur_continuum.clean.JvMcorr_lowres.image', axes=[], region="annulus[[04h55m45.8549s, +30.33.03.733],['6.00arcsec', '10.0arcsec']]", box='', chans='', stokes='', listit=True, verbose=True, mask='', stretch=False, logfile='', append=True, algorithm='classic', fence=-1.0, center='mean', lside=True, zscore=-1.0, maxiter=-1, clmethod='auto', niter=3 )
2023-04-12 18:17:56	INFO	imstat::AsciiRegionFileParser::_parse	Combined 1 image regions (which excludes any annotation regions)
2023-04-12 18:17:56	INFO	imstat::AsciiRegionFileParser::_parse	The specified region will select all pixels that are included in the region. Full pixels will be included even when they are only partially covered by the region(s).
2023-04-12 18:17:56	INFO	imstat::CasacRegionManager::fromBCS	Region read from text string annulus[[04h55m45.8549s, +30.33.03.733],['6.00arcsec', '10.0arcsec']]
2023-04-12 18:17:56	INFO	imstat::image::statistics 	Determining stats for image ABAur_continuum.clean.JvMcorr_lowres.image
2023-04-12 18:17:56	INFO	imstat::ImageRegion::fromRecord	Selected bounding box : 
2023-04-12 18:17:56	INFO	imstat::ImageRegion::fromRecord+	    [524, 524, 0, 0] to [1524, 1524, 0, 0]  (04:55:46.629, +30.32.53.733, I, 2.26769e+11Hz to 04:55:45.081, +30.33.13.733, I, 2.26769e+11Hz)
2023-04-12 18:17:56	INFO	imstat::ImageStatsCalculator::_logStartup	Statistics calculated using Classic algorithm
2023-04-12 18:17:56	INFO	imstat::ImageStatsCalculator::_logStartup	Regions --- 
2023-04-12 18:17:56	INFO	imstat::ImageStatsCalculator::_logStartup	         -- bottom-left corner (pixel) [blc]:  [524, 524, 0, 0]
2023-04-12 18:17:56	INFO	imstat::ImageStatsCalculator::_logStartup	         -- top-right corner (pixel) [trc]:    [1524, 1524, 0, 0]
2023-04-12 18:17:56	INFO	imstat::ImageStatsCalculator::_logStartup	         -- bottom-left corner (world) [blcf]: 04:55:46.629, +30.32.53.733, I, 2.26769e+11Hz
2023-04-12 18:17:56	INFO	imstat::ImageStatsCalculator::_logStartup	         -- top-right corner (world) [trcf]:   04:55:45.081, +30.33.13.733, I, 2.26769e+11Hz
2023-04-12 18:17:56	INFO	imstat::::	Values --- 
2023-04-12 18:17:56	INFO	imstat::::	         -- flux density [flux]:                    -0.00853355 Jy
2023-04-12 18:17:56	INFO	imstat::::	         -- number of points [npts]:                502718
2023-04-12 18:17:56	INFO	imstat::::	         -- maximum value [max]:                    4.96053e-05 Jy/beam
2023-04-12 18:17:56	INFO	imstat::::	         -- minimum value [min]:                    -5.9193e-05 Jy/beam
2023-04-12 18:17:56	INFO	imstat::::	         -- position of max value (pixel) [maxpos]: [1273, 1438, 0, 0]
2023-04-12 18:17:56	INFO	imstat::::	         -- position of min value (pixel) [minpos]: [1397, 745, 0, 0]
2023-04-12 18:17:56	INFO	imstat::::	         -- position of max value (world) [maxposf]: 04:55:45.469, +30.33.12.013, I, 2.26769e+11Hz
2023-04-12 18:17:56	INFO	imstat::::	         -- position of min value (world) [minposf]: 04:55:45.277, +30.32.58.153, I, 2.26769e+11Hz
2023-04-12 18:17:56	INFO	imstat::::	         -- Sum of pixel values [sum]:               -2.29238 Jy/beam
2023-04-12 18:17:56	INFO	imstat::::	         -- Sum of squared pixel values [sumsq]:     9.01441e-05 Jy/beam.Jy/beam
2023-04-12 18:17:56	INFO	imstat::::	Statistics --- 
2023-04-12 18:17:56	INFO	imstat::::	        -- Mean of the pixel values [mean]:         -4.55997e-06 Jy/beam
2023-04-12 18:17:56	INFO	imstat::::	        -- Variance of the pixel values :           1.5852e-10 Jy/beam
2023-04-12 18:17:56	INFO	imstat::::	        -- Standard deviation of the Mean [sigma]:  1.25905e-05 Jy/beam
2023-04-12 18:17:56	INFO	imstat::::	        -- Root mean square [rms]:                  1.33908e-05 Jy/beam
2023-04-12 18:17:56	INFO	imstat::::	        -- Median of the pixel values [median]:     -4.67728e-06 Jy/beam
2023-04-12 18:17:56	INFO	imstat::::	        -- Median of the deviations [medabsdevmed]: 8.41763e-06 Jy/beam
2023-04-12 18:17:56	INFO	imstat::::	        -- IQR [quartile]:                          1.68432e-05 Jy/beam
2023-04-12 18:17:56	INFO	imstat::::	        -- First quartile [q1]:                     -1.30124e-05 Jy/beam
2023-04-12 18:17:56	INFO	imstat::::	        -- Third quartile [q3]:                     3.83081e-06 Jy/beam
2023-04-12 18:17:56	INFO	imstat::ImageStatsCalculator::statistics	Sum column unit = Jy/beam
2023-04-12 18:17:56	INFO	imstat::ImageStatsCalculator::statistics+	Mean column unit = Jy/beam
2023-04-12 18:17:56	INFO	imstat::ImageStatsCalculator::statistics+	Std_dev column unit = Jy/beam
2023-04-12 18:17:56	INFO	imstat::ImageStatsCalculator::statistics+	Minimum column unit = Jy/beam
2023-04-12 18:17:56	INFO	imstat::ImageStatsCalculator::statistics+	Maximum column unit = Jy/beam
2023-04-12 18:17:56	INFO	imstat::ImageStatsCalculator::statistics	Npts          Sum           Mean          Rms           Std_dev       Minimum       Maximum     
2023-04-12 18:17:56	INFO	imstat::ImageStatsCalculator::statistics	 5.027180e+05 -2.292379e+00 -4.559970e-06  1.339080e-05  1.259049e-05 -5.919298e-05  4.960531e-05
2023-04-12 18:17:56	INFO	imstat::::casa	Task imstat complete. Start time: 2023-04-12 18:17:55.841835 End time: 2023-04-12 18:17:55.919353
2023-04-12 18:17:56	INFO	imstat::::casa	##### End Task: imstat               #####
2023-04-12 18:17:56	INFO	imstat::::casa	##########################################
2023-04-12 18:17:56	INFO	imstat::::casa	##########################################
2023-04-12 18:17:56	INFO	imstat::::casa	##### Begin Task: imstat             #####
2023-04-12 18:17:56	INFO	imstat::::casa	imstat( imagename='/lustre/cv/users/jspeedie/data/images_continuum/robust0.5/ABAur_continuum.clean.JvMcorr_lowres.image', axes=[], region='circle[[04h55m45.8549s, +30.33.03.733], 3.0arcsec]', box='', chans='', stokes='', listit=True, verbose=True, mask='', stretch=False, logfile='', append=True, algorithm='classic', fence=-1.0, center='mean', lside=True, zscore=-1.0, maxiter=-1, clmethod='auto', niter=3 )
2023-04-12 18:17:56	INFO	imstat::AsciiRegionFileParser::_parse	Combined 1 image regions (which excludes any annotation regions)
2023-04-12 18:17:56	INFO	imstat::AsciiRegionFileParser::_parse	The specified region will select all pixels that are included in the region. Full pixels will be included even when they are only partially covered by the region(s).
2023-04-12 18:17:56	INFO	imstat::CasacRegionManager::fromBCS	Region read from text string circle[[04h55m45.8549s, +30.33.03.733], 3.0arcsec]
2023-04-12 18:17:56	INFO	imstat::image::statistics 	Determining stats for image ABAur_continuum.clean.JvMcorr_lowres.image
2023-04-12 18:17:56	INFO	imstat::ImageRegion::fromRecord	Selected bounding box : 
2023-04-12 18:17:56	INFO	imstat::ImageRegion::fromRecord+	    [874, 874, 0, 0] to [1174, 1173, 0, 0]  (04:55:46.087, +30.33.00.733, I, 2.26769e+11Hz to 04:55:45.623, +30.33.06.713, I, 2.26769e+11Hz)
2023-04-12 18:17:56	INFO	imstat::ImageStatsCalculator::_logStartup	Statistics calculated using Classic algorithm
2023-04-12 18:17:56	INFO	imstat::ImageStatsCalculator::_logStartup	Regions --- 
2023-04-12 18:17:56	INFO	imstat::ImageStatsCalculator::_logStartup	         -- bottom-left corner (pixel) [blc]:  [874, 874, 0, 0]
2023-04-12 18:17:56	INFO	imstat::ImageStatsCalculator::_logStartup	         -- top-right corner (pixel) [trc]:    [1174, 1173, 0, 0]
2023-04-12 18:17:56	INFO	imstat::ImageStatsCalculator::_logStartup	         -- bottom-left corner (world) [blcf]: 04:55:46.087, +30.33.00.733, I, 2.26769e+11Hz
2023-04-12 18:17:56	INFO	imstat::ImageStatsCalculator::_logStartup	         -- top-right corner (world) [trcf]:   04:55:45.623, +30.33.06.713, I, 2.26769e+11Hz
2023-04-12 18:17:56	INFO	imstat::::	Values --- 
2023-04-12 18:17:56	INFO	imstat::::	         -- flux density [flux]:                    0.0899339 Jy
2023-04-12 18:17:56	INFO	imstat::::	         -- number of points [npts]:                70674
2023-04-12 18:17:56	INFO	imstat::::	         -- maximum value [max]:                    0.00408294 Jy/beam
2023-04-12 18:17:56	INFO	imstat::::	         -- minimum value [min]:                    -3.28012e-05 Jy/beam
2023-04-12 18:17:56	INFO	imstat::::	         -- position of max value (pixel) [maxpos]: [1072, 1015, 0, 0]
2023-04-12 18:17:56	INFO	imstat::::	         -- position of min value (pixel) [minpos]: [1155, 1089, 0, 0]
2023-04-12 18:17:56	INFO	imstat::::	         -- position of max value (world) [maxposf]: 04:55:45.781, +30.33.03.553, I, 2.26769e+11Hz
2023-04-12 18:17:56	INFO	imstat::::	         -- position of min value (world) [minposf]: 04:55:45.652, +30.33.05.033, I, 2.26769e+11Hz
2023-04-12 18:17:56	INFO	imstat::::	         -- Sum of pixel values [sum]:               24.1591 Jy/beam
2023-04-12 18:17:56	INFO	imstat::::	         -- Sum of squared pixel values [sumsq]:     0.0408821 Jy/beam.Jy/beam
2023-04-12 18:17:56	INFO	imstat::::	Statistics --- 
2023-04-12 18:17:56	INFO	imstat::::	        -- Mean of the pixel values [mean]:         0.000341838 Jy/beam
2023-04-12 18:17:56	INFO	imstat::::	        -- Variance of the pixel values :           4.61614e-07 Jy/beam
2023-04-12 18:17:56	INFO	imstat::::	        -- Standard deviation of the Mean [sigma]:  0.000679422 Jy/beam
2023-04-12 18:17:56	INFO	imstat::::	        -- Root mean square [rms]:                  0.000760566 Jy/beam
2023-04-12 18:17:56	INFO	imstat::::	        -- Median of the pixel values [median]:     3.31111e-05 Jy/beam
2023-04-12 18:17:56	INFO	imstat::::	        -- Median of the deviations [medabsdevmed]: 3.21954e-05 Jy/beam
2023-04-12 18:17:56	INFO	imstat::::	        -- IQR [quartile]:                          0.000261466 Jy/beam
2023-04-12 18:17:56	INFO	imstat::::	        -- First quartile [q1]:                     1.17429e-05 Jy/beam
2023-04-12 18:17:56	INFO	imstat::::	        -- Third quartile [q3]:                     0.000273209 Jy/beam
2023-04-12 18:17:56	INFO	imstat::ImageStatsCalculator::statistics	Sum column unit = Jy/beam
2023-04-12 18:17:56	INFO	imstat::ImageStatsCalculator::statistics+	Mean column unit = Jy/beam
2023-04-12 18:17:56	INFO	imstat::ImageStatsCalculator::statistics+	Std_dev column unit = Jy/beam
2023-04-12 18:17:56	INFO	imstat::ImageStatsCalculator::statistics+	Minimum column unit = Jy/beam
2023-04-12 18:17:56	INFO	imstat::ImageStatsCalculator::statistics+	Maximum column unit = Jy/beam
2023-04-12 18:17:56	INFO	imstat::ImageStatsCalculator::statistics	Npts          Sum           Mean          Rms           Std_dev       Minimum       Maximum     
2023-04-12 18:17:56	INFO	imstat::ImageStatsCalculator::statistics	 7.067400e+04  2.415907e+01  3.418382e-04  7.605661e-04  6.794217e-04 -3.280121e-05  4.082944e-03
2023-04-12 18:17:56	INFO	imstat::::casa	Task imstat complete. Start time: 2023-04-12 18:17:55.923036 End time: 2023-04-12 18:17:56.013191
2023-04-12 18:17:56	INFO	imstat::::casa	##### End Task: imstat               #####
2023-04-12 18:17:56	INFO	imstat::::casa	##########################################
2023-04-12 18:17:56	INFO	imstat::::casa	##########################################
2023-04-12 18:17:56	INFO	imstat::::casa	##### Begin Task: imstat             #####
2023-04-12 18:17:56	INFO	imstat::::casa	imstat( imagename='/lustre/cv/users/jspeedie/data/images_continuum/robust0.5/ABAur_continuum.clean.JvMcorr_lowres.image', axes=[], region="annulus[[04h55m45.8549s, +30.33.03.733],['6.00arcsec', '10.0arcsec']]", box='', chans='', stokes='', listit=True, verbose=True, mask='', stretch=False, logfile='', append=True, algorithm='classic', fence=-1.0, center='mean', lside=True, zscore=-1.0, maxiter=-1, clmethod='auto', niter=3 )
2023-04-12 18:17:56	INFO	imstat::AsciiRegionFileParser::_parse	Combined 1 image regions (which excludes any annotation regions)
2023-04-12 18:17:56	INFO	imstat::AsciiRegionFileParser::_parse	The specified region will select all pixels that are included in the region. Full pixels will be included even when they are only partially covered by the region(s).
2023-04-12 18:17:56	INFO	imstat::CasacRegionManager::fromBCS	Region read from text string annulus[[04h55m45.8549s, +30.33.03.733],['6.00arcsec', '10.0arcsec']]
2023-04-12 18:17:56	INFO	imstat::image::statistics 	Determining stats for image ABAur_continuum.clean.JvMcorr_lowres.image
2023-04-12 18:17:56	INFO	imstat::ImageRegion::fromRecord	Selected bounding box : 
2023-04-12 18:17:56	INFO	imstat::ImageRegion::fromRecord+	    [524, 524, 0, 0] to [1524, 1524, 0, 0]  (04:55:46.629, +30.32.53.733, I, 2.26769e+11Hz to 04:55:45.081, +30.33.13.733, I, 2.26769e+11Hz)
2023-04-12 18:17:56	INFO	imstat::ImageStatsCalculator::_logStartup	Statistics calculated using Classic algorithm
2023-04-12 18:17:56	INFO	imstat::ImageStatsCalculator::_logStartup	Regions --- 
2023-04-12 18:17:56	INFO	imstat::ImageStatsCalculator::_logStartup	         -- bottom-left corner (pixel) [blc]:  [524, 524, 0, 0]
2023-04-12 18:17:56	INFO	imstat::ImageStatsCalculator::_logStartup	         -- top-right corner (pixel) [trc]:    [1524, 1524, 0, 0]
2023-04-12 18:17:56	INFO	imstat::ImageStatsCalculator::_logStartup	         -- bottom-left corner (world) [blcf]: 04:55:46.629, +30.32.53.733, I, 2.26769e+11Hz
2023-04-12 18:17:56	INFO	imstat::ImageStatsCalculator::_logStartup	         -- top-right corner (world) [trcf]:   04:55:45.081, +30.33.13.733, I, 2.26769e+11Hz
2023-04-12 18:17:56	INFO	imstat::::	Values --- 
2023-04-12 18:17:56	INFO	imstat::::	         -- flux density [flux]:                    -0.00853355 Jy
2023-04-12 18:17:56	INFO	imstat::::	         -- number of points [npts]:                502718
2023-04-12 18:17:56	INFO	imstat::::	         -- maximum value [max]:                    4.96053e-05 Jy/beam
2023-04-12 18:17:56	INFO	imstat::::	         -- minimum value [min]:                    -5.9193e-05 Jy/beam
2023-04-12 18:17:56	INFO	imstat::::	         -- position of max value (pixel) [maxpos]: [1273, 1438, 0, 0]
2023-04-12 18:17:56	INFO	imstat::::	         -- position of min value (pixel) [minpos]: [1397, 745, 0, 0]
2023-04-12 18:17:56	INFO	imstat::::	         -- position of max value (world) [maxposf]: 04:55:45.469, +30.33.12.013, I, 2.26769e+11Hz
2023-04-12 18:17:56	INFO	imstat::::	         -- position of min value (world) [minposf]: 04:55:45.277, +30.32.58.153, I, 2.26769e+11Hz
2023-04-12 18:17:56	INFO	imstat::::	         -- Sum of pixel values [sum]:               -2.29238 Jy/beam
2023-04-12 18:17:56	INFO	imstat::::	         -- Sum of squared pixel values [sumsq]:     9.01441e-05 Jy/beam.Jy/beam
2023-04-12 18:17:56	INFO	imstat::::	Statistics --- 
2023-04-12 18:17:56	INFO	imstat::::	        -- Mean of the pixel values [mean]:         -4.55997e-06 Jy/beam
2023-04-12 18:17:56	INFO	imstat::::	        -- Variance of the pixel values :           1.5852e-10 Jy/beam
2023-04-12 18:17:56	INFO	imstat::::	        -- Standard deviation of the Mean [sigma]:  1.25905e-05 Jy/beam
2023-04-12 18:17:56	INFO	imstat::::	        -- Root mean square [rms]:                  1.33908e-05 Jy/beam
2023-04-12 18:17:56	INFO	imstat::::	        -- Median of the pixel values [median]:     -4.67728e-06 Jy/beam
2023-04-12 18:17:56	INFO	imstat::::	        -- Median of the deviations [medabsdevmed]: 8.41763e-06 Jy/beam
2023-04-12 18:17:56	INFO	imstat::::	        -- IQR [quartile]:                          1.68432e-05 Jy/beam
2023-04-12 18:17:56	INFO	imstat::::	        -- First quartile [q1]:                     -1.30124e-05 Jy/beam
2023-04-12 18:17:56	INFO	imstat::::	        -- Third quartile [q3]:                     3.83081e-06 Jy/beam
2023-04-12 18:17:56	INFO	imstat::ImageStatsCalculator::statistics	Sum column unit = Jy/beam
2023-04-12 18:17:56	INFO	imstat::ImageStatsCalculator::statistics+	Mean column unit = Jy/beam
2023-04-12 18:17:56	INFO	imstat::ImageStatsCalculator::statistics+	Std_dev column unit = Jy/beam
2023-04-12 18:17:56	INFO	imstat::ImageStatsCalculator::statistics+	Minimum column unit = Jy/beam
2023-04-12 18:17:56	INFO	imstat::ImageStatsCalculator::statistics+	Maximum column unit = Jy/beam
2023-04-12 18:17:56	INFO	imstat::ImageStatsCalculator::statistics	Npts          Sum           Mean          Rms           Std_dev       Minimum       Maximum     
2023-04-12 18:17:56	INFO	imstat::ImageStatsCalculator::statistics	 5.027180e+05 -2.292379e+00 -4.559970e-06  1.339080e-05  1.259049e-05 -5.919298e-05  4.960531e-05
2023-04-12 18:17:56	INFO	imstat::::casa	Task imstat complete. Start time: 2023-04-12 18:17:56.016470 End time: 2023-04-12 18:17:56.117728
2023-04-12 18:17:56	INFO	imstat::::casa	##### End Task: imstat               #####
2023-04-12 18:17:56	INFO	imstat::::casa	##########################################
2023-04-12 18:17:56	INFO	imstat::::casa	##########################################
2023-04-12 18:17:56	INFO	imstat::::casa	##### Begin Task: imstat             #####
2023-04-12 18:17:56	INFO	imstat::::casa	imstat( imagename='/lustre/cv/users/jspeedie/data/images_continuum/robust0.5/ABAur_continuum.clean.image.pbcor', axes=[], region='circle[[04h55m45.8549s, +30.33.03.733], 3.0arcsec]', box='', chans='', stokes='', listit=True, verbose=True, mask='', stretch=False, logfile='', append=True, algorithm='classic', fence=-1.0, center='mean', lside=True, zscore=-1.0, maxiter=-1, clmethod='auto', niter=3 )
2023-04-12 18:17:56	INFO	imstat::AsciiRegionFileParser::_parse	Combined 1 image regions (which excludes any annotation regions)
2023-04-12 18:17:56	INFO	imstat::AsciiRegionFileParser::_parse	The specified region will select all pixels that are included in the region. Full pixels will be included even when they are only partially covered by the region(s).
2023-04-12 18:17:56	INFO	imstat::CasacRegionManager::fromBCS	Region read from text string circle[[04h55m45.8549s, +30.33.03.733], 3.0arcsec]
2023-04-12 18:17:56	INFO	imstat::image::statistics 	Determining stats for image ABAur_continuum.clean.image.pbcor
2023-04-12 18:17:56	INFO	imstat::ImageRegion::fromRecord	Selected bounding box : 
2023-04-12 18:17:56	INFO	imstat::ImageRegion::fromRecord+	    [874, 874, 0, 0] to [1174, 1173, 0, 0]  (04:55:46.087, +30.33.00.733, I, 2.26769e+11Hz to 04:55:45.623, +30.33.06.713, I, 2.26769e+11Hz)
2023-04-12 18:17:56	INFO	imstat::ImageStatsCalculator::_logStartup	Statistics calculated using Classic algorithm
2023-04-12 18:17:56	INFO	imstat::ImageStatsCalculator::_logStartup	Regions --- 
2023-04-12 18:17:56	INFO	imstat::ImageStatsCalculator::_logStartup	         -- bottom-left corner (pixel) [blc]:  [874, 874, 0, 0]
2023-04-12 18:17:56	INFO	imstat::ImageStatsCalculator::_logStartup	         -- top-right corner (pixel) [trc]:    [1174, 1173, 0, 0]
2023-04-12 18:17:56	INFO	imstat::ImageStatsCalculator::_logStartup	         -- bottom-left corner (world) [blcf]: 04:55:46.087, +30.33.00.733, I, 2.26769e+11Hz
2023-04-12 18:17:56	INFO	imstat::ImageStatsCalculator::_logStartup	         -- top-right corner (world) [trcf]:   04:55:45.623, +30.33.06.713, I, 2.26769e+11Hz
2023-04-12 18:17:56	INFO	imstat::::	Values --- 
2023-04-12 18:17:56	INFO	imstat::::	         -- flux density [flux]:                    0.103089 Jy
2023-04-12 18:17:56	INFO	imstat::::	         -- number of points [npts]:                70674
2023-04-12 18:17:56	INFO	imstat::::	         -- maximum value [max]:                    0.00213608 Jy/beam
2023-04-12 18:17:56	INFO	imstat::::	         -- minimum value [min]:                    -3.35096e-05 Jy/beam
2023-04-12 18:17:56	INFO	imstat::::	         -- position of max value (pixel) [maxpos]: [1072, 1013, 0, 0]
2023-04-12 18:17:56	INFO	imstat::::	         -- position of min value (pixel) [minpos]: [1155, 1089, 0, 0]
2023-04-12 18:17:56	INFO	imstat::::	         -- position of max value (world) [maxposf]: 04:55:45.781, +30.33.03.513, I, 2.26769e+11Hz
2023-04-12 18:17:56	INFO	imstat::::	         -- position of min value (world) [minposf]: 04:55:45.652, +30.33.05.033, I, 2.26769e+11Hz
2023-04-12 18:17:56	INFO	imstat::::	         -- Sum of pixel values [sum]:               12.6444 Jy/beam
2023-04-12 18:17:56	INFO	imstat::::	         -- Sum of squared pixel values [sumsq]:     0.0106642 Jy/beam.Jy/beam
2023-04-12 18:17:56	INFO	imstat::::	Statistics --- 
2023-04-12 18:17:56	INFO	imstat::::	        -- Mean of the pixel values [mean]:         0.000178912 Jy/beam
2023-04-12 18:17:56	INFO	imstat::::	        -- Variance of the pixel values :           1.18886e-07 Jy/beam
2023-04-12 18:17:56	INFO	imstat::::	        -- Standard deviation of the Mean [sigma]:  0.000344798 Jy/beam
2023-04-12 18:17:56	INFO	imstat::::	        -- Root mean square [rms]:                  0.00038845 Jy/beam
2023-04-12 18:17:56	INFO	imstat::::	        -- Median of the pixel values [median]:     3.30524e-05 Jy/beam
2023-04-12 18:17:56	INFO	imstat::::	        -- Median of the deviations [medabsdevmed]: 3.01852e-05 Jy/beam
2023-04-12 18:17:56	INFO	imstat::::	        -- IQR [quartile]:                          0.00013297 Jy/beam
2023-04-12 18:17:56	INFO	imstat::::	        -- First quartile [q1]:                     1.19019e-05 Jy/beam
2023-04-12 18:17:56	INFO	imstat::::	        -- Third quartile [q3]:                     0.000144872 Jy/beam
2023-04-12 18:17:56	INFO	imstat::ImageStatsCalculator::statistics	Sum column unit = Jy/beam
2023-04-12 18:17:56	INFO	imstat::ImageStatsCalculator::statistics+	Mean column unit = Jy/beam
2023-04-12 18:17:56	INFO	imstat::ImageStatsCalculator::statistics+	Std_dev column unit = Jy/beam
2023-04-12 18:17:56	INFO	imstat::ImageStatsCalculator::statistics+	Minimum column unit = Jy/beam
2023-04-12 18:17:56	INFO	imstat::ImageStatsCalculator::statistics+	Maximum column unit = Jy/beam
2023-04-12 18:17:56	INFO	imstat::ImageStatsCalculator::statistics	Npts          Sum           Mean          Rms           Std_dev       Minimum       Maximum     
2023-04-12 18:17:56	INFO	imstat::ImageStatsCalculator::statistics	 7.067400e+04  1.264440e+01  1.789116e-04  3.884499e-04  3.447979e-04 -3.350963e-05  2.136082e-03
2023-04-12 18:17:56	INFO	imstat::::casa	Task imstat complete. Start time: 2023-04-12 18:17:56.121998 End time: 2023-04-12 18:17:56.170280
2023-04-12 18:17:56	INFO	imstat::::casa	##### End Task: imstat               #####
2023-04-12 18:17:56	INFO	imstat::::casa	##########################################
2023-04-12 18:17:56	INFO	imstat::::casa	##########################################
2023-04-12 18:17:56	INFO	imstat::::casa	##### Begin Task: imstat             #####
2023-04-12 18:17:56	INFO	imstat::::casa	imstat( imagename='/lustre/cv/users/jspeedie/data/images_continuum/robust0.5/ABAur_continuum.clean.image.pbcor', axes=[], region='circle[[04h55m45.8549s, +30.33.03.733], 3.0arcsec]', box='', chans='', stokes='', listit=True, verbose=True, mask='', stretch=False, logfile='', append=True, algorithm='classic', fence=-1.0, center='mean', lside=True, zscore=-1.0, maxiter=-1, clmethod='auto', niter=3 )
2023-04-12 18:17:56	INFO	imstat::AsciiRegionFileParser::_parse	Combined 1 image regions (which excludes any annotation regions)
2023-04-12 18:17:56	INFO	imstat::AsciiRegionFileParser::_parse	The specified region will select all pixels that are included in the region. Full pixels will be included even when they are only partially covered by the region(s).
2023-04-12 18:17:56	INFO	imstat::CasacRegionManager::fromBCS	Region read from text string circle[[04h55m45.8549s, +30.33.03.733], 3.0arcsec]
2023-04-12 18:17:56	INFO	imstat::image::statistics 	Determining stats for image ABAur_continuum.clean.image.pbcor
2023-04-12 18:17:56	INFO	imstat::ImageRegion::fromRecord	Selected bounding box : 
2023-04-12 18:17:56	INFO	imstat::ImageRegion::fromRecord+	    [874, 874, 0, 0] to [1174, 1173, 0, 0]  (04:55:46.087, +30.33.00.733, I, 2.26769e+11Hz to 04:55:45.623, +30.33.06.713, I, 2.26769e+11Hz)
2023-04-12 18:17:56	INFO	imstat::ImageStatsCalculator::_logStartup	Statistics calculated using Classic algorithm
2023-04-12 18:17:56	INFO	imstat::ImageStatsCalculator::_logStartup	Regions --- 
2023-04-12 18:17:56	INFO	imstat::ImageStatsCalculator::_logStartup	         -- bottom-left corner (pixel) [blc]:  [874, 874, 0, 0]
2023-04-12 18:17:56	INFO	imstat::ImageStatsCalculator::_logStartup	         -- top-right corner (pixel) [trc]:    [1174, 1173, 0, 0]
2023-04-12 18:17:56	INFO	imstat::ImageStatsCalculator::_logStartup	         -- bottom-left corner (world) [blcf]: 04:55:46.087, +30.33.00.733, I, 2.26769e+11Hz
2023-04-12 18:17:56	INFO	imstat::ImageStatsCalculator::_logStartup	         -- top-right corner (world) [trcf]:   04:55:45.623, +30.33.06.713, I, 2.26769e+11Hz
2023-04-12 18:17:56	INFO	imstat::::	Values --- 
2023-04-12 18:17:56	INFO	imstat::::	         -- flux density [flux]:                    0.103089 Jy
2023-04-12 18:17:56	INFO	imstat::::	         -- number of points [npts]:                70674
2023-04-12 18:17:56	INFO	imstat::::	         -- maximum value [max]:                    0.00213608 Jy/beam
2023-04-12 18:17:56	INFO	imstat::::	         -- minimum value [min]:                    -3.35096e-05 Jy/beam
2023-04-12 18:17:56	INFO	imstat::::	         -- position of max value (pixel) [maxpos]: [1072, 1013, 0, 0]
2023-04-12 18:17:56	INFO	imstat::::	         -- position of min value (pixel) [minpos]: [1155, 1089, 0, 0]
2023-04-12 18:17:56	INFO	imstat::::	         -- position of max value (world) [maxposf]: 04:55:45.781, +30.33.03.513, I, 2.26769e+11Hz
2023-04-12 18:17:56	INFO	imstat::::	         -- position of min value (world) [minposf]: 04:55:45.652, +30.33.05.033, I, 2.26769e+11Hz
2023-04-12 18:17:56	INFO	imstat::::	         -- Sum of pixel values [sum]:               12.6444 Jy/beam
2023-04-12 18:17:56	INFO	imstat::::	         -- Sum of squared pixel values [sumsq]:     0.0106642 Jy/beam.Jy/beam
2023-04-12 18:17:56	INFO	imstat::::	Statistics --- 
2023-04-12 18:17:56	INFO	imstat::::	        -- Mean of the pixel values [mean]:         0.000178912 Jy/beam
2023-04-12 18:17:56	INFO	imstat::::	        -- Variance of the pixel values :           1.18886e-07 Jy/beam
2023-04-12 18:17:56	INFO	imstat::::	        -- Standard deviation of the Mean [sigma]:  0.000344798 Jy/beam
2023-04-12 18:17:56	INFO	imstat::::	        -- Root mean square [rms]:                  0.00038845 Jy/beam
2023-04-12 18:17:56	INFO	imstat::::	        -- Median of the pixel values [median]:     3.30524e-05 Jy/beam
2023-04-12 18:17:56	INFO	imstat::::	        -- Median of the deviations [medabsdevmed]: 3.01852e-05 Jy/beam
2023-04-12 18:17:56	INFO	imstat::::	        -- IQR [quartile]:                          0.00013297 Jy/beam
2023-04-12 18:17:56	INFO	imstat::::	        -- First quartile [q1]:                     1.19019e-05 Jy/beam
2023-04-12 18:17:56	INFO	imstat::::	        -- Third quartile [q3]:                     0.000144872 Jy/beam
2023-04-12 18:17:56	INFO	imstat::ImageStatsCalculator::statistics	Sum column unit = Jy/beam
2023-04-12 18:17:56	INFO	imstat::ImageStatsCalculator::statistics+	Mean column unit = Jy/beam
2023-04-12 18:17:56	INFO	imstat::ImageStatsCalculator::statistics+	Std_dev column unit = Jy/beam
2023-04-12 18:17:56	INFO	imstat::ImageStatsCalculator::statistics+	Minimum column unit = Jy/beam
2023-04-12 18:17:56	INFO	imstat::ImageStatsCalculator::statistics+	Maximum column unit = Jy/beam
2023-04-12 18:17:56	INFO	imstat::ImageStatsCalculator::statistics	Npts          Sum           Mean          Rms           Std_dev       Minimum       Maximum     
2023-04-12 18:17:56	INFO	imstat::ImageStatsCalculator::statistics	 7.067400e+04  1.264440e+01  1.789116e-04  3.884499e-04  3.447979e-04 -3.350963e-05  2.136082e-03
2023-04-12 18:17:56	INFO	imstat::::casa	Task imstat complete. Start time: 2023-04-12 18:17:56.173581 End time: 2023-04-12 18:17:56.225629
2023-04-12 18:17:56	INFO	imstat::::casa	##### End Task: imstat               #####
2023-04-12 18:17:56	INFO	imstat::::casa	##########################################
2023-04-12 18:17:56	INFO	imstat::::casa	##########################################
2023-04-12 18:17:56	INFO	imstat::::casa	##### Begin Task: imstat             #####
2023-04-12 18:17:56	INFO	imstat::::casa	imstat( imagename='/lustre/cv/users/jspeedie/data/images_continuum/robust0.5/ABAur_continuum.clean.image.pbcor', axes=[], region="annulus[[04h55m45.8549s, +30.33.03.733],['6.00arcsec', '10.0arcsec']]", box='', chans='', stokes='', listit=True, verbose=True, mask='', stretch=False, logfile='', append=True, algorithm='classic', fence=-1.0, center='mean', lside=True, zscore=-1.0, maxiter=-1, clmethod='auto', niter=3 )
2023-04-12 18:17:56	INFO	imstat::AsciiRegionFileParser::_parse	Combined 1 image regions (which excludes any annotation regions)
2023-04-12 18:17:56	INFO	imstat::AsciiRegionFileParser::_parse	The specified region will select all pixels that are included in the region. Full pixels will be included even when they are only partially covered by the region(s).
2023-04-12 18:17:56	INFO	imstat::CasacRegionManager::fromBCS	Region read from text string annulus[[04h55m45.8549s, +30.33.03.733],['6.00arcsec', '10.0arcsec']]
2023-04-12 18:17:56	INFO	imstat::image::statistics 	Determining stats for image ABAur_continuum.clean.image.pbcor
2023-04-12 18:17:56	INFO	imstat::ImageRegion::fromRecord	Selected bounding box : 
2023-04-12 18:17:56	INFO	imstat::ImageRegion::fromRecord+	    [524, 524, 0, 0] to [1524, 1524, 0, 0]  (04:55:46.629, +30.32.53.733, I, 2.26769e+11Hz to 04:55:45.081, +30.33.13.733, I, 2.26769e+11Hz)
2023-04-12 18:17:56	INFO	imstat::ImageStatsCalculator::_logStartup	Statistics calculated using Classic algorithm
2023-04-12 18:17:56	INFO	imstat::ImageStatsCalculator::_logStartup	Regions --- 
2023-04-12 18:17:56	INFO	imstat::ImageStatsCalculator::_logStartup	         -- bottom-left corner (pixel) [blc]:  [524, 524, 0, 0]
2023-04-12 18:17:56	INFO	imstat::ImageStatsCalculator::_logStartup	         -- top-right corner (pixel) [trc]:    [1524, 1524, 0, 0]
2023-04-12 18:17:56	INFO	imstat::ImageStatsCalculator::_logStartup	         -- bottom-left corner (world) [blcf]: 04:55:46.629, +30.32.53.733, I, 2.26769e+11Hz
2023-04-12 18:17:56	INFO	imstat::ImageStatsCalculator::_logStartup	         -- top-right corner (world) [trcf]:   04:55:45.081, +30.33.13.733, I, 2.26769e+11Hz
2023-04-12 18:17:56	INFO	imstat::::	Values --- 
2023-04-12 18:17:56	INFO	imstat::::	         -- flux density [flux]:                    -0.0237858 Jy
2023-04-12 18:17:56	INFO	imstat::::	         -- number of points [npts]:                502718
2023-04-12 18:17:56	INFO	imstat::::	         -- maximum value [max]:                    7.07922e-05 Jy/beam
2023-04-12 18:17:56	INFO	imstat::::	         -- minimum value [min]:                    -8.33838e-05 Jy/beam
2023-04-12 18:17:56	INFO	imstat::::	         -- position of max value (pixel) [maxpos]: [1273, 1438, 0, 0]
2023-04-12 18:17:56	INFO	imstat::::	         -- position of min value (pixel) [minpos]: [1490, 1171, 0, 0]
2023-04-12 18:17:56	INFO	imstat::::	         -- position of max value (world) [maxposf]: 04:55:45.469, +30.33.12.013, I, 2.26769e+11Hz
2023-04-12 18:17:56	INFO	imstat::::	         -- position of min value (world) [minposf]: 04:55:45.133, +30.33.06.673, I, 2.26769e+11Hz
2023-04-12 18:17:56	INFO	imstat::::	         -- Sum of pixel values [sum]:               -2.91746 Jy/beam
2023-04-12 18:17:56	INFO	imstat::::	         -- Sum of squared pixel values [sumsq]:     0.000151276 Jy/beam.Jy/beam
2023-04-12 18:17:56	INFO	imstat::::	Statistics --- 
2023-04-12 18:17:56	INFO	imstat::::	        -- Mean of the pixel values [mean]:         -5.80338e-06 Jy/beam
2023-04-12 18:17:56	INFO	imstat::::	        -- Variance of the pixel values :           2.67237e-10 Jy/beam
2023-04-12 18:17:56	INFO	imstat::::	        -- Standard deviation of the Mean [sigma]:  1.63474e-05 Jy/beam
2023-04-12 18:17:56	INFO	imstat::::	        -- Root mean square [rms]:                  1.73469e-05 Jy/beam
2023-04-12 18:17:56	INFO	imstat::::	        -- Median of the pixel values [median]:     -6.00367e-06 Jy/beam
2023-04-12 18:17:56	INFO	imstat::::	        -- Median of the deviations [medabsdevmed]: 1.0814e-05 Jy/beam
2023-04-12 18:17:56	INFO	imstat::::	        -- IQR [quartile]:                          2.16309e-05 Jy/beam
2023-04-12 18:17:56	INFO	imstat::::	        -- First quartile [q1]:                     -1.66846e-05 Jy/beam
2023-04-12 18:17:56	INFO	imstat::::	        -- Third quartile [q3]:                     4.9463e-06 Jy/beam
2023-04-12 18:17:56	INFO	imstat::ImageStatsCalculator::statistics	Sum column unit = Jy/beam
2023-04-12 18:17:56	INFO	imstat::ImageStatsCalculator::statistics+	Mean column unit = Jy/beam
2023-04-12 18:17:56	INFO	imstat::ImageStatsCalculator::statistics+	Std_dev column unit = Jy/beam
2023-04-12 18:17:56	INFO	imstat::ImageStatsCalculator::statistics+	Minimum column unit = Jy/beam
2023-04-12 18:17:56	INFO	imstat::ImageStatsCalculator::statistics+	Maximum column unit = Jy/beam
2023-04-12 18:17:56	INFO	imstat::ImageStatsCalculator::statistics	Npts          Sum           Mean          Rms           Std_dev       Minimum       Maximum     
2023-04-12 18:17:56	INFO	imstat::ImageStatsCalculator::statistics	 5.027180e+05 -2.917463e+00 -5.803378e-06  1.734693e-05  1.634739e-05 -8.338376e-05  7.079222e-05
2023-04-12 18:17:56	INFO	imstat::::casa	Task imstat complete. Start time: 2023-04-12 18:17:56.228918 End time: 2023-04-12 18:17:56.343752
2023-04-12 18:17:56	INFO	imstat::::casa	##### End Task: imstat               #####
2023-04-12 18:17:56	INFO	imstat::::casa	##########################################
2023-04-12 18:17:56	INFO	imstat::::casa	##########################################
2023-04-12 18:17:56	INFO	imstat::::casa	##### Begin Task: imstat             #####
2023-04-12 18:17:56	INFO	imstat::::casa	imstat( imagename='/lustre/cv/users/jspeedie/data/images_continuum/robust0.5/ABAur_continuum.clean.image.pbcor', axes=[], region='circle[[04h55m45.8549s, +30.33.03.733], 3.0arcsec]', box='', chans='', stokes='', listit=True, verbose=True, mask='', stretch=False, logfile='', append=True, algorithm='classic', fence=-1.0, center='mean', lside=True, zscore=-1.0, maxiter=-1, clmethod='auto', niter=3 )
2023-04-12 18:17:56	INFO	imstat::AsciiRegionFileParser::_parse	Combined 1 image regions (which excludes any annotation regions)
2023-04-12 18:17:56	INFO	imstat::AsciiRegionFileParser::_parse	The specified region will select all pixels that are included in the region. Full pixels will be included even when they are only partially covered by the region(s).
2023-04-12 18:17:56	INFO	imstat::CasacRegionManager::fromBCS	Region read from text string circle[[04h55m45.8549s, +30.33.03.733], 3.0arcsec]
2023-04-12 18:17:56	INFO	imstat::image::statistics 	Determining stats for image ABAur_continuum.clean.image.pbcor
2023-04-12 18:17:56	INFO	imstat::ImageRegion::fromRecord	Selected bounding box : 
2023-04-12 18:17:56	INFO	imstat::ImageRegion::fromRecord+	    [874, 874, 0, 0] to [1174, 1173, 0, 0]  (04:55:46.087, +30.33.00.733, I, 2.26769e+11Hz to 04:55:45.623, +30.33.06.713, I, 2.26769e+11Hz)
2023-04-12 18:17:56	INFO	imstat::ImageStatsCalculator::_logStartup	Statistics calculated using Classic algorithm
2023-04-12 18:17:56	INFO	imstat::ImageStatsCalculator::_logStartup	Regions --- 
2023-04-12 18:17:56	INFO	imstat::ImageStatsCalculator::_logStartup	         -- bottom-left corner (pixel) [blc]:  [874, 874, 0, 0]
2023-04-12 18:17:56	INFO	imstat::ImageStatsCalculator::_logStartup	         -- top-right corner (pixel) [trc]:    [1174, 1173, 0, 0]
2023-04-12 18:17:56	INFO	imstat::ImageStatsCalculator::_logStartup	         -- bottom-left corner (world) [blcf]: 04:55:46.087, +30.33.00.733, I, 2.26769e+11Hz
2023-04-12 18:17:56	INFO	imstat::ImageStatsCalculator::_logStartup	         -- top-right corner (world) [trcf]:   04:55:45.623, +30.33.06.713, I, 2.26769e+11Hz
2023-04-12 18:17:56	INFO	imstat::::	Values --- 
2023-04-12 18:17:56	INFO	imstat::::	         -- flux density [flux]:                    0.103089 Jy
2023-04-12 18:17:56	INFO	imstat::::	         -- number of points [npts]:                70674
2023-04-12 18:17:56	INFO	imstat::::	         -- maximum value [max]:                    0.00213608 Jy/beam
2023-04-12 18:17:56	INFO	imstat::::	         -- minimum value [min]:                    -3.35096e-05 Jy/beam
2023-04-12 18:17:56	INFO	imstat::::	         -- position of max value (pixel) [maxpos]: [1072, 1013, 0, 0]
2023-04-12 18:17:56	INFO	imstat::::	         -- position of min value (pixel) [minpos]: [1155, 1089, 0, 0]
2023-04-12 18:17:56	INFO	imstat::::	         -- position of max value (world) [maxposf]: 04:55:45.781, +30.33.03.513, I, 2.26769e+11Hz
2023-04-12 18:17:56	INFO	imstat::::	         -- position of min value (world) [minposf]: 04:55:45.652, +30.33.05.033, I, 2.26769e+11Hz
2023-04-12 18:17:56	INFO	imstat::::	         -- Sum of pixel values [sum]:               12.6444 Jy/beam
2023-04-12 18:17:56	INFO	imstat::::	         -- Sum of squared pixel values [sumsq]:     0.0106642 Jy/beam.Jy/beam
2023-04-12 18:17:56	INFO	imstat::::	Statistics --- 
2023-04-12 18:17:56	INFO	imstat::::	        -- Mean of the pixel values [mean]:         0.000178912 Jy/beam
2023-04-12 18:17:56	INFO	imstat::::	        -- Variance of the pixel values :           1.18886e-07 Jy/beam
2023-04-12 18:17:56	INFO	imstat::::	        -- Standard deviation of the Mean [sigma]:  0.000344798 Jy/beam
2023-04-12 18:17:56	INFO	imstat::::	        -- Root mean square [rms]:                  0.00038845 Jy/beam
2023-04-12 18:17:56	INFO	imstat::::	        -- Median of the pixel values [median]:     3.30524e-05 Jy/beam
2023-04-12 18:17:56	INFO	imstat::::	        -- Median of the deviations [medabsdevmed]: 3.01852e-05 Jy/beam
2023-04-12 18:17:56	INFO	imstat::::	        -- IQR [quartile]:                          0.00013297 Jy/beam
2023-04-12 18:17:56	INFO	imstat::::	        -- First quartile [q1]:                     1.19019e-05 Jy/beam
2023-04-12 18:17:56	INFO	imstat::::	        -- Third quartile [q3]:                     0.000144872 Jy/beam
2023-04-12 18:17:56	INFO	imstat::ImageStatsCalculator::statistics	Sum column unit = Jy/beam
2023-04-12 18:17:56	INFO	imstat::ImageStatsCalculator::statistics+	Mean column unit = Jy/beam
2023-04-12 18:17:56	INFO	imstat::ImageStatsCalculator::statistics+	Std_dev column unit = Jy/beam
2023-04-12 18:17:56	INFO	imstat::ImageStatsCalculator::statistics+	Minimum column unit = Jy/beam
2023-04-12 18:17:56	INFO	imstat::ImageStatsCalculator::statistics+	Maximum column unit = Jy/beam
2023-04-12 18:17:56	INFO	imstat::ImageStatsCalculator::statistics	Npts          Sum           Mean          Rms           Std_dev       Minimum       Maximum     
2023-04-12 18:17:56	INFO	imstat::ImageStatsCalculator::statistics	 7.067400e+04  1.264440e+01  1.789116e-04  3.884499e-04  3.447979e-04 -3.350963e-05  2.136082e-03
2023-04-12 18:17:56	INFO	imstat::::casa	Task imstat complete. Start time: 2023-04-12 18:17:56.347587 End time: 2023-04-12 18:17:56.427831
2023-04-12 18:17:56	INFO	imstat::::casa	##### End Task: imstat               #####
2023-04-12 18:17:56	INFO	imstat::::casa	##########################################
2023-04-12 18:17:56	INFO	imstat::::casa	##########################################
2023-04-12 18:17:56	INFO	imstat::::casa	##### Begin Task: imstat             #####
2023-04-12 18:17:56	INFO	imstat::::casa	imstat( imagename='/lustre/cv/users/jspeedie/data/images_continuum/robust0.5/ABAur_continuum.clean.image.pbcor', axes=[], region="annulus[[04h55m45.8549s, +30.33.03.733],['6.00arcsec', '10.0arcsec']]", box='', chans='', stokes='', listit=True, verbose=True, mask='', stretch=False, logfile='', append=True, algorithm='classic', fence=-1.0, center='mean', lside=True, zscore=-1.0, maxiter=-1, clmethod='auto', niter=3 )
2023-04-12 18:17:56	INFO	imstat::AsciiRegionFileParser::_parse	Combined 1 image regions (which excludes any annotation regions)
2023-04-12 18:17:56	INFO	imstat::AsciiRegionFileParser::_parse	The specified region will select all pixels that are included in the region. Full pixels will be included even when they are only partially covered by the region(s).
2023-04-12 18:17:56	INFO	imstat::CasacRegionManager::fromBCS	Region read from text string annulus[[04h55m45.8549s, +30.33.03.733],['6.00arcsec', '10.0arcsec']]
2023-04-12 18:17:56	INFO	imstat::image::statistics 	Determining stats for image ABAur_continuum.clean.image.pbcor
2023-04-12 18:17:56	INFO	imstat::ImageRegion::fromRecord	Selected bounding box : 
2023-04-12 18:17:56	INFO	imstat::ImageRegion::fromRecord+	    [524, 524, 0, 0] to [1524, 1524, 0, 0]  (04:55:46.629, +30.32.53.733, I, 2.26769e+11Hz to 04:55:45.081, +30.33.13.733, I, 2.26769e+11Hz)
2023-04-12 18:17:56	INFO	imstat::ImageStatsCalculator::_logStartup	Statistics calculated using Classic algorithm
2023-04-12 18:17:56	INFO	imstat::ImageStatsCalculator::_logStartup	Regions --- 
2023-04-12 18:17:56	INFO	imstat::ImageStatsCalculator::_logStartup	         -- bottom-left corner (pixel) [blc]:  [524, 524, 0, 0]
2023-04-12 18:17:56	INFO	imstat::ImageStatsCalculator::_logStartup	         -- top-right corner (pixel) [trc]:    [1524, 1524, 0, 0]
2023-04-12 18:17:56	INFO	imstat::ImageStatsCalculator::_logStartup	         -- bottom-left corner (world) [blcf]: 04:55:46.629, +30.32.53.733, I, 2.26769e+11Hz
2023-04-12 18:17:56	INFO	imstat::ImageStatsCalculator::_logStartup	         -- top-right corner (world) [trcf]:   04:55:45.081, +30.33.13.733, I, 2.26769e+11Hz
2023-04-12 18:17:56	INFO	imstat::::	Values --- 
2023-04-12 18:17:56	INFO	imstat::::	         -- flux density [flux]:                    -0.0237858 Jy
2023-04-12 18:17:56	INFO	imstat::::	         -- number of points [npts]:                502718
2023-04-12 18:17:56	INFO	imstat::::	         -- maximum value [max]:                    7.07922e-05 Jy/beam
2023-04-12 18:17:56	INFO	imstat::::	         -- minimum value [min]:                    -8.33838e-05 Jy/beam
2023-04-12 18:17:56	INFO	imstat::::	         -- position of max value (pixel) [maxpos]: [1273, 1438, 0, 0]
2023-04-12 18:17:56	INFO	imstat::::	         -- position of min value (pixel) [minpos]: [1490, 1171, 0, 0]
2023-04-12 18:17:56	INFO	imstat::::	         -- position of max value (world) [maxposf]: 04:55:45.469, +30.33.12.013, I, 2.26769e+11Hz
2023-04-12 18:17:56	INFO	imstat::::	         -- position of min value (world) [minposf]: 04:55:45.133, +30.33.06.673, I, 2.26769e+11Hz
2023-04-12 18:17:56	INFO	imstat::::	         -- Sum of pixel values [sum]:               -2.91746 Jy/beam
2023-04-12 18:17:56	INFO	imstat::::	         -- Sum of squared pixel values [sumsq]:     0.000151276 Jy/beam.Jy/beam
2023-04-12 18:17:56	INFO	imstat::::	Statistics --- 
2023-04-12 18:17:56	INFO	imstat::::	        -- Mean of the pixel values [mean]:         -5.80338e-06 Jy/beam
2023-04-12 18:17:56	INFO	imstat::::	        -- Variance of the pixel values :           2.67237e-10 Jy/beam
2023-04-12 18:17:56	INFO	imstat::::	        -- Standard deviation of the Mean [sigma]:  1.63474e-05 Jy/beam
2023-04-12 18:17:56	INFO	imstat::::	        -- Root mean square [rms]:                  1.73469e-05 Jy/beam
2023-04-12 18:17:56	INFO	imstat::::	        -- Median of the pixel values [median]:     -6.00367e-06 Jy/beam
2023-04-12 18:17:56	INFO	imstat::::	        -- Median of the deviations [medabsdevmed]: 1.0814e-05 Jy/beam
2023-04-12 18:17:56	INFO	imstat::::	        -- IQR [quartile]:                          2.16309e-05 Jy/beam
2023-04-12 18:17:56	INFO	imstat::::	        -- First quartile [q1]:                     -1.66846e-05 Jy/beam
2023-04-12 18:17:56	INFO	imstat::::	        -- Third quartile [q3]:                     4.9463e-06 Jy/beam
2023-04-12 18:17:57	INFO	imstat::ImageStatsCalculator::statistics	Sum column unit = Jy/beam
2023-04-12 18:17:57	INFO	imstat::ImageStatsCalculator::statistics+	Mean column unit = Jy/beam
2023-04-12 18:17:57	INFO	imstat::ImageStatsCalculator::statistics+	Std_dev column unit = Jy/beam
2023-04-12 18:17:57	INFO	imstat::ImageStatsCalculator::statistics+	Minimum column unit = Jy/beam
2023-04-12 18:17:57	INFO	imstat::ImageStatsCalculator::statistics+	Maximum column unit = Jy/beam
2023-04-12 18:17:57	INFO	imstat::ImageStatsCalculator::statistics	Npts          Sum           Mean          Rms           Std_dev       Minimum       Maximum     
2023-04-12 18:17:57	INFO	imstat::ImageStatsCalculator::statistics	 5.027180e+05 -2.917463e+00 -5.803378e-06  1.734693e-05  1.634739e-05 -8.338376e-05  7.079222e-05
2023-04-12 18:17:57	INFO	imstat::::casa	Task imstat complete. Start time: 2023-04-12 18:17:56.432661 End time: 2023-04-12 18:17:56.504732
2023-04-12 18:17:57	INFO	imstat::::casa	##### End Task: imstat               #####
2023-04-12 18:17:57	INFO	imstat::::casa	##########################################
2023-04-12 18:17:57	INFO	imstat::::casa	##########################################
2023-04-12 18:17:57	INFO	imstat::::casa	##### Begin Task: imstat             #####
2023-04-12 18:17:57	INFO	imstat::::casa	imstat( imagename='/lustre/cv/users/jspeedie/data/images_continuum/robust0.5/ABAur_continuum.clean.JvMcorr.image.pbcor', axes=[], region='circle[[04h55m45.8549s, +30.33.03.733], 3.0arcsec]', box='', chans='', stokes='', listit=True, verbose=True, mask='', stretch=False, logfile='', append=True, algorithm='classic', fence=-1.0, center='mean', lside=True, zscore=-1.0, maxiter=-1, clmethod='auto', niter=3 )
2023-04-12 18:17:57	INFO	imstat::AsciiRegionFileParser::_parse	Combined 1 image regions (which excludes any annotation regions)
2023-04-12 18:17:57	INFO	imstat::AsciiRegionFileParser::_parse	The specified region will select all pixels that are included in the region. Full pixels will be included even when they are only partially covered by the region(s).
2023-04-12 18:17:57	INFO	imstat::CasacRegionManager::fromBCS	Region read from text string circle[[04h55m45.8549s, +30.33.03.733], 3.0arcsec]
2023-04-12 18:17:57	INFO	imstat::image::statistics 	Determining stats for image ABAur_continuum.clean.JvMcorr.image.pbcor
2023-04-12 18:17:57	INFO	imstat::ImageRegion::fromRecord	Selected bounding box : 
2023-04-12 18:17:57	INFO	imstat::ImageRegion::fromRecord+	    [874, 874, 0, 0] to [1174, 1173, 0, 0]  (04:55:46.087, +30.33.00.733, I, 2.26769e+11Hz to 04:55:45.623, +30.33.06.713, I, 2.26769e+11Hz)
2023-04-12 18:17:57	INFO	imstat::ImageStatsCalculator::_logStartup	Statistics calculated using Classic algorithm
2023-04-12 18:17:57	INFO	imstat::ImageStatsCalculator::_logStartup	Regions --- 
2023-04-12 18:17:57	INFO	imstat::ImageStatsCalculator::_logStartup	         -- bottom-left corner (pixel) [blc]:  [874, 874, 0, 0]
2023-04-12 18:17:57	INFO	imstat::ImageStatsCalculator::_logStartup	         -- top-right corner (pixel) [trc]:    [1174, 1173, 0, 0]
2023-04-12 18:17:57	INFO	imstat::ImageStatsCalculator::_logStartup	         -- bottom-left corner (world) [blcf]: 04:55:46.087, +30.33.00.733, I, 2.26769e+11Hz
2023-04-12 18:17:57	INFO	imstat::ImageStatsCalculator::_logStartup	         -- top-right corner (world) [trcf]:   04:55:45.623, +30.33.06.713, I, 2.26769e+11Hz
2023-04-12 18:17:57	INFO	imstat::::	Values --- 
2023-04-12 18:17:57	INFO	imstat::::	         -- flux density [flux]:                    0.0900294 Jy
2023-04-12 18:17:57	INFO	imstat::::	         -- number of points [npts]:                70674
2023-04-12 18:17:57	INFO	imstat::::	         -- maximum value [max]:                    0.00209211 Jy/beam
2023-04-12 18:17:57	INFO	imstat::::	         -- minimum value [min]:                    -1.53003e-05 Jy/beam
2023-04-12 18:17:57	INFO	imstat::::	         -- position of max value (pixel) [maxpos]: [1072, 1013, 0, 0]
2023-04-12 18:17:57	INFO	imstat::::	         -- position of min value (pixel) [minpos]: [1155, 1089, 0, 0]
2023-04-12 18:17:57	INFO	imstat::::	         -- position of max value (world) [maxposf]: 04:55:45.781, +30.33.03.513, I, 2.26769e+11Hz
2023-04-12 18:17:57	INFO	imstat::::	         -- position of min value (world) [minposf]: 04:55:45.652, +30.33.05.033, I, 2.26769e+11Hz
2023-04-12 18:17:57	INFO	imstat::::	         -- Sum of pixel values [sum]:               11.0426 Jy/beam
2023-04-12 18:17:57	INFO	imstat::::	         -- Sum of squared pixel values [sumsq]:     0.00959664 Jy/beam.Jy/beam
2023-04-12 18:17:57	INFO	imstat::::	Statistics --- 
2023-04-12 18:17:57	INFO	imstat::::	        -- Mean of the pixel values [mean]:         0.000156247 Jy/beam
2023-04-12 18:17:57	INFO	imstat::::	        -- Variance of the pixel values :           1.11376e-07 Jy/beam
2023-04-12 18:17:57	INFO	imstat::::	        -- Standard deviation of the Mean [sigma]:  0.00033373 Jy/beam
2023-04-12 18:17:57	INFO	imstat::::	        -- Root mean square [rms]:                  0.000368493 Jy/beam
2023-04-12 18:17:57	INFO	imstat::::	        -- Median of the pixel values [median]:     1.50968e-05 Jy/beam
2023-04-12 18:17:57	INFO	imstat::::	        -- Median of the deviations [medabsdevmed]: 1.40258e-05 Jy/beam
2023-04-12 18:17:57	INFO	imstat::::	        -- IQR [quartile]:                          9.41727e-05 Jy/beam
2023-04-12 18:17:57	INFO	imstat::::	        -- First quartile [q1]:                     5.43431e-06 Jy/beam
2023-04-12 18:17:57	INFO	imstat::::	        -- Third quartile [q3]:                     9.9607e-05 Jy/beam
2023-04-12 18:17:57	INFO	imstat::ImageStatsCalculator::statistics	Sum column unit = Jy/beam
2023-04-12 18:17:57	INFO	imstat::ImageStatsCalculator::statistics+	Mean column unit = Jy/beam
2023-04-12 18:17:57	INFO	imstat::ImageStatsCalculator::statistics+	Std_dev column unit = Jy/beam
2023-04-12 18:17:57	INFO	imstat::ImageStatsCalculator::statistics+	Minimum column unit = Jy/beam
2023-04-12 18:17:57	INFO	imstat::ImageStatsCalculator::statistics+	Maximum column unit = Jy/beam
2023-04-12 18:17:57	INFO	imstat::ImageStatsCalculator::statistics	Npts          Sum           Mean          Rms           Std_dev       Minimum       Maximum     
2023-04-12 18:17:57	INFO	imstat::ImageStatsCalculator::statistics	 7.067400e+04  1.104262e+01  1.562472e-04  3.684935e-04  3.337301e-04 -1.530030e-05  2.092108e-03
2023-04-12 18:17:57	INFO	imstat::::casa	Task imstat complete. Start time: 2023-04-12 18:17:56.510973 End time: 2023-04-12 18:17:56.606272
2023-04-12 18:17:57	INFO	imstat::::casa	##### End Task: imstat               #####
2023-04-12 18:17:57	INFO	imstat::::casa	##########################################
2023-04-12 18:17:57	INFO	imstat::::casa	##########################################
2023-04-12 18:17:57	INFO	imstat::::casa	##### Begin Task: imstat             #####
2023-04-12 18:17:57	INFO	imstat::::casa	imstat( imagename='/lustre/cv/users/jspeedie/data/images_continuum/robust0.5/ABAur_continuum.clean.JvMcorr.image.pbcor', axes=[], region='circle[[04h55m45.8549s, +30.33.03.733], 3.0arcsec]', box='', chans='', stokes='', listit=True, verbose=True, mask='', stretch=False, logfile='', append=True, algorithm='classic', fence=-1.0, center='mean', lside=True, zscore=-1.0, maxiter=-1, clmethod='auto', niter=3 )
2023-04-12 18:17:57	INFO	imstat::AsciiRegionFileParser::_parse	Combined 1 image regions (which excludes any annotation regions)
2023-04-12 18:17:57	INFO	imstat::AsciiRegionFileParser::_parse	The specified region will select all pixels that are included in the region. Full pixels will be included even when they are only partially covered by the region(s).
2023-04-12 18:17:57	INFO	imstat::CasacRegionManager::fromBCS	Region read from text string circle[[04h55m45.8549s, +30.33.03.733], 3.0arcsec]
2023-04-12 18:17:57	INFO	imstat::image::statistics 	Determining stats for image ABAur_continuum.clean.JvMcorr.image.pbcor
2023-04-12 18:17:57	INFO	imstat::ImageRegion::fromRecord	Selected bounding box : 
2023-04-12 18:17:57	INFO	imstat::ImageRegion::fromRecord+	    [874, 874, 0, 0] to [1174, 1173, 0, 0]  (04:55:46.087, +30.33.00.733, I, 2.26769e+11Hz to 04:55:45.623, +30.33.06.713, I, 2.26769e+11Hz)
2023-04-12 18:17:57	INFO	imstat::ImageStatsCalculator::_logStartup	Statistics calculated using Classic algorithm
2023-04-12 18:17:57	INFO	imstat::ImageStatsCalculator::_logStartup	Regions --- 
2023-04-12 18:17:57	INFO	imstat::ImageStatsCalculator::_logStartup	         -- bottom-left corner (pixel) [blc]:  [874, 874, 0, 0]
2023-04-12 18:17:57	INFO	imstat::ImageStatsCalculator::_logStartup	         -- top-right corner (pixel) [trc]:    [1174, 1173, 0, 0]
2023-04-12 18:17:57	INFO	imstat::ImageStatsCalculator::_logStartup	         -- bottom-left corner (world) [blcf]: 04:55:46.087, +30.33.00.733, I, 2.26769e+11Hz
2023-04-12 18:17:57	INFO	imstat::ImageStatsCalculator::_logStartup	         -- top-right corner (world) [trcf]:   04:55:45.623, +30.33.06.713, I, 2.26769e+11Hz
2023-04-12 18:17:57	INFO	imstat::::	Values --- 
2023-04-12 18:17:57	INFO	imstat::::	         -- flux density [flux]:                    0.0900294 Jy
2023-04-12 18:17:57	INFO	imstat::::	         -- number of points [npts]:                70674
2023-04-12 18:17:57	INFO	imstat::::	         -- maximum value [max]:                    0.00209211 Jy/beam
2023-04-12 18:17:57	INFO	imstat::::	         -- minimum value [min]:                    -1.53003e-05 Jy/beam
2023-04-12 18:17:57	INFO	imstat::::	         -- position of max value (pixel) [maxpos]: [1072, 1013, 0, 0]
2023-04-12 18:17:57	INFO	imstat::::	         -- position of min value (pixel) [minpos]: [1155, 1089, 0, 0]
2023-04-12 18:17:57	INFO	imstat::::	         -- position of max value (world) [maxposf]: 04:55:45.781, +30.33.03.513, I, 2.26769e+11Hz
2023-04-12 18:17:57	INFO	imstat::::	         -- position of min value (world) [minposf]: 04:55:45.652, +30.33.05.033, I, 2.26769e+11Hz
2023-04-12 18:17:57	INFO	imstat::::	         -- Sum of pixel values [sum]:               11.0426 Jy/beam
2023-04-12 18:17:57	INFO	imstat::::	         -- Sum of squared pixel values [sumsq]:     0.00959664 Jy/beam.Jy/beam
2023-04-12 18:17:57	INFO	imstat::::	Statistics --- 
2023-04-12 18:17:57	INFO	imstat::::	        -- Mean of the pixel values [mean]:         0.000156247 Jy/beam
2023-04-12 18:17:57	INFO	imstat::::	        -- Variance of the pixel values :           1.11376e-07 Jy/beam
2023-04-12 18:17:57	INFO	imstat::::	        -- Standard deviation of the Mean [sigma]:  0.00033373 Jy/beam
2023-04-12 18:17:57	INFO	imstat::::	        -- Root mean square [rms]:                  0.000368493 Jy/beam
2023-04-12 18:17:57	INFO	imstat::::	        -- Median of the pixel values [median]:     1.50968e-05 Jy/beam
2023-04-12 18:17:57	INFO	imstat::::	        -- Median of the deviations [medabsdevmed]: 1.40258e-05 Jy/beam
2023-04-12 18:17:57	INFO	imstat::::	        -- IQR [quartile]:                          9.41727e-05 Jy/beam
2023-04-12 18:17:57	INFO	imstat::::	        -- First quartile [q1]:                     5.43431e-06 Jy/beam
2023-04-12 18:17:57	INFO	imstat::::	        -- Third quartile [q3]:                     9.9607e-05 Jy/beam
2023-04-12 18:17:57	INFO	imstat::ImageStatsCalculator::statistics	Sum column unit = Jy/beam
2023-04-12 18:17:57	INFO	imstat::ImageStatsCalculator::statistics+	Mean column unit = Jy/beam
2023-04-12 18:17:57	INFO	imstat::ImageStatsCalculator::statistics+	Std_dev column unit = Jy/beam
2023-04-12 18:17:57	INFO	imstat::ImageStatsCalculator::statistics+	Minimum column unit = Jy/beam
2023-04-12 18:17:57	INFO	imstat::ImageStatsCalculator::statistics+	Maximum column unit = Jy/beam
2023-04-12 18:17:57	INFO	imstat::ImageStatsCalculator::statistics	Npts          Sum           Mean          Rms           Std_dev       Minimum       Maximum     
2023-04-12 18:17:57	INFO	imstat::ImageStatsCalculator::statistics	 7.067400e+04  1.104262e+01  1.562472e-04  3.684935e-04  3.337301e-04 -1.530030e-05  2.092108e-03
2023-04-12 18:17:57	INFO	imstat::::casa	Task imstat complete. Start time: 2023-04-12 18:17:56.609577 End time: 2023-04-12 18:17:56.660991
2023-04-12 18:17:57	INFO	imstat::::casa	##### End Task: imstat               #####
2023-04-12 18:17:57	INFO	imstat::::casa	##########################################
2023-04-12 18:17:57	INFO	imstat::::casa	##########################################
2023-04-12 18:17:57	INFO	imstat::::casa	##### Begin Task: imstat             #####
2023-04-12 18:17:57	INFO	imstat::::casa	imstat( imagename='/lustre/cv/users/jspeedie/data/images_continuum/robust0.5/ABAur_continuum.clean.JvMcorr.image.pbcor', axes=[], region="annulus[[04h55m45.8549s, +30.33.03.733],['6.00arcsec', '10.0arcsec']]", box='', chans='', stokes='', listit=True, verbose=True, mask='', stretch=False, logfile='', append=True, algorithm='classic', fence=-1.0, center='mean', lside=True, zscore=-1.0, maxiter=-1, clmethod='auto', niter=3 )
2023-04-12 18:17:57	INFO	imstat::AsciiRegionFileParser::_parse	Combined 1 image regions (which excludes any annotation regions)
2023-04-12 18:17:57	INFO	imstat::AsciiRegionFileParser::_parse	The specified region will select all pixels that are included in the region. Full pixels will be included even when they are only partially covered by the region(s).
2023-04-12 18:17:57	INFO	imstat::CasacRegionManager::fromBCS	Region read from text string annulus[[04h55m45.8549s, +30.33.03.733],['6.00arcsec', '10.0arcsec']]
2023-04-12 18:17:57	INFO	imstat::image::statistics 	Determining stats for image ABAur_continuum.clean.JvMcorr.image.pbcor
2023-04-12 18:17:57	INFO	imstat::ImageRegion::fromRecord	Selected bounding box : 
2023-04-12 18:17:57	INFO	imstat::ImageRegion::fromRecord+	    [524, 524, 0, 0] to [1524, 1524, 0, 0]  (04:55:46.629, +30.32.53.733, I, 2.26769e+11Hz to 04:55:45.081, +30.33.13.733, I, 2.26769e+11Hz)
2023-04-12 18:17:57	INFO	imstat::ImageStatsCalculator::_logStartup	Statistics calculated using Classic algorithm
2023-04-12 18:17:57	INFO	imstat::ImageStatsCalculator::_logStartup	Regions --- 
2023-04-12 18:17:57	INFO	imstat::ImageStatsCalculator::_logStartup	         -- bottom-left corner (pixel) [blc]:  [524, 524, 0, 0]
2023-04-12 18:17:57	INFO	imstat::ImageStatsCalculator::_logStartup	         -- top-right corner (pixel) [trc]:    [1524, 1524, 0, 0]
2023-04-12 18:17:57	INFO	imstat::ImageStatsCalculator::_logStartup	         -- bottom-left corner (world) [blcf]: 04:55:46.629, +30.32.53.733, I, 2.26769e+11Hz
2023-04-12 18:17:57	INFO	imstat::ImageStatsCalculator::_logStartup	         -- top-right corner (world) [trcf]:   04:55:45.081, +30.33.13.733, I, 2.26769e+11Hz
2023-04-12 18:17:57	INFO	imstat::::	Values --- 
2023-04-12 18:17:57	INFO	imstat::::	         -- flux density [flux]:                    -0.0108605 Jy
2023-04-12 18:17:57	INFO	imstat::::	         -- number of points [npts]:                502718
2023-04-12 18:17:57	INFO	imstat::::	         -- maximum value [max]:                    3.23233e-05 Jy/beam
2023-04-12 18:17:57	INFO	imstat::::	         -- minimum value [min]:                    -3.80726e-05 Jy/beam
2023-04-12 18:17:57	INFO	imstat::::	         -- position of max value (pixel) [maxpos]: [1273, 1438, 0, 0]
2023-04-12 18:17:57	INFO	imstat::::	         -- position of min value (pixel) [minpos]: [1490, 1171, 0, 0]
2023-04-12 18:17:57	INFO	imstat::::	         -- position of max value (world) [maxposf]: 04:55:45.469, +30.33.12.013, I, 2.26769e+11Hz
2023-04-12 18:17:57	INFO	imstat::::	         -- position of min value (world) [minposf]: 04:55:45.133, +30.33.06.673, I, 2.26769e+11Hz
2023-04-12 18:17:57	INFO	imstat::::	         -- Sum of pixel values [sum]:               -1.3321 Jy/beam
2023-04-12 18:17:57	INFO	imstat::::	         -- Sum of squared pixel values [sumsq]:     3.15378e-05 Jy/beam.Jy/beam
2023-04-12 18:17:57	INFO	imstat::::	Statistics --- 
2023-04-12 18:17:57	INFO	imstat::::	        -- Mean of the pixel values [mean]:         -2.64979e-06 Jy/beam
2023-04-12 18:17:57	INFO	imstat::::	        -- Variance of the pixel values :           5.57132e-11 Jy/beam
2023-04-12 18:17:57	INFO	imstat::::	        -- Standard deviation of the Mean [sigma]:  7.46413e-06 Jy/beam
2023-04-12 18:17:57	INFO	imstat::::	        -- Root mean square [rms]:                  7.92051e-06 Jy/beam
2023-04-12 18:17:57	INFO	imstat::::	        -- Median of the pixel values [median]:     -2.74127e-06 Jy/beam
2023-04-12 18:17:57	INFO	imstat::::	        -- Median of the deviations [medabsdevmed]: 4.93762e-06 Jy/beam
2023-04-12 18:17:57	INFO	imstat::::	        -- IQR [quartile]:                          9.87657e-06 Jy/beam
2023-04-12 18:17:57	INFO	imstat::::	        -- First quartile [q1]:                     -7.6181e-06 Jy/beam
2023-04-12 18:17:57	INFO	imstat::::	        -- Third quartile [q3]:                     2.25846e-06 Jy/beam
2023-04-12 18:17:57	INFO	imstat::ImageStatsCalculator::statistics	Sum column unit = Jy/beam
2023-04-12 18:17:57	INFO	imstat::ImageStatsCalculator::statistics+	Mean column unit = Jy/beam
2023-04-12 18:17:57	INFO	imstat::ImageStatsCalculator::statistics+	Std_dev column unit = Jy/beam
2023-04-12 18:17:57	INFO	imstat::ImageStatsCalculator::statistics+	Minimum column unit = Jy/beam
2023-04-12 18:17:57	INFO	imstat::ImageStatsCalculator::statistics+	Maximum column unit = Jy/beam
2023-04-12 18:17:57	INFO	imstat::ImageStatsCalculator::statistics	Npts          Sum           Mean          Rms           Std_dev       Minimum       Maximum     
2023-04-12 18:17:57	INFO	imstat::ImageStatsCalculator::statistics	 5.027180e+05 -1.332098e+00 -2.649791e-06  7.920512e-06  7.464130e-06 -3.807256e-05  3.232334e-05
2023-04-12 18:17:57	INFO	imstat::::casa	Task imstat complete. Start time: 2023-04-12 18:17:56.664296 End time: 2023-04-12 18:17:56.754697
2023-04-12 18:17:57	INFO	imstat::::casa	##### End Task: imstat               #####
2023-04-12 18:17:57	INFO	imstat::::casa	##########################################
2023-04-12 18:17:57	INFO	imstat::::casa	##########################################
2023-04-12 18:17:57	INFO	imstat::::casa	##### Begin Task: imstat             #####
2023-04-12 18:17:57	INFO	imstat::::casa	imstat( imagename='/lustre/cv/users/jspeedie/data/images_continuum/robust0.5/ABAur_continuum.clean.JvMcorr.image.pbcor', axes=[], region='circle[[04h55m45.8549s, +30.33.03.733], 3.0arcsec]', box='', chans='', stokes='', listit=True, verbose=True, mask='', stretch=False, logfile='', append=True, algorithm='classic', fence=-1.0, center='mean', lside=True, zscore=-1.0, maxiter=-1, clmethod='auto', niter=3 )
2023-04-12 18:17:57	INFO	imstat::AsciiRegionFileParser::_parse	Combined 1 image regions (which excludes any annotation regions)
2023-04-12 18:17:57	INFO	imstat::AsciiRegionFileParser::_parse	The specified region will select all pixels that are included in the region. Full pixels will be included even when they are only partially covered by the region(s).
2023-04-12 18:17:57	INFO	imstat::CasacRegionManager::fromBCS	Region read from text string circle[[04h55m45.8549s, +30.33.03.733], 3.0arcsec]
2023-04-12 18:17:57	INFO	imstat::image::statistics 	Determining stats for image ABAur_continuum.clean.JvMcorr.image.pbcor
2023-04-12 18:17:57	INFO	imstat::ImageRegion::fromRecord	Selected bounding box : 
2023-04-12 18:17:57	INFO	imstat::ImageRegion::fromRecord+	    [874, 874, 0, 0] to [1174, 1173, 0, 0]  (04:55:46.087, +30.33.00.733, I, 2.26769e+11Hz to 04:55:45.623, +30.33.06.713, I, 2.26769e+11Hz)
2023-04-12 18:17:57	INFO	imstat::ImageStatsCalculator::_logStartup	Statistics calculated using Classic algorithm
2023-04-12 18:17:57	INFO	imstat::ImageStatsCalculator::_logStartup	Regions --- 
2023-04-12 18:17:57	INFO	imstat::ImageStatsCalculator::_logStartup	         -- bottom-left corner (pixel) [blc]:  [874, 874, 0, 0]
2023-04-12 18:17:57	INFO	imstat::ImageStatsCalculator::_logStartup	         -- top-right corner (pixel) [trc]:    [1174, 1173, 0, 0]
2023-04-12 18:17:57	INFO	imstat::ImageStatsCalculator::_logStartup	         -- bottom-left corner (world) [blcf]: 04:55:46.087, +30.33.00.733, I, 2.26769e+11Hz
2023-04-12 18:17:57	INFO	imstat::ImageStatsCalculator::_logStartup	         -- top-right corner (world) [trcf]:   04:55:45.623, +30.33.06.713, I, 2.26769e+11Hz
2023-04-12 18:17:57	INFO	imstat::::	Values --- 
2023-04-12 18:17:57	INFO	imstat::::	         -- flux density [flux]:                    0.0900294 Jy
2023-04-12 18:17:57	INFO	imstat::::	         -- number of points [npts]:                70674
2023-04-12 18:17:57	INFO	imstat::::	         -- maximum value [max]:                    0.00209211 Jy/beam
2023-04-12 18:17:57	INFO	imstat::::	         -- minimum value [min]:                    -1.53003e-05 Jy/beam
2023-04-12 18:17:57	INFO	imstat::::	         -- position of max value (pixel) [maxpos]: [1072, 1013, 0, 0]
2023-04-12 18:17:57	INFO	imstat::::	         -- position of min value (pixel) [minpos]: [1155, 1089, 0, 0]
2023-04-12 18:17:57	INFO	imstat::::	         -- position of max value (world) [maxposf]: 04:55:45.781, +30.33.03.513, I, 2.26769e+11Hz
2023-04-12 18:17:57	INFO	imstat::::	         -- position of min value (world) [minposf]: 04:55:45.652, +30.33.05.033, I, 2.26769e+11Hz
2023-04-12 18:17:57	INFO	imstat::::	         -- Sum of pixel values [sum]:               11.0426 Jy/beam
2023-04-12 18:17:57	INFO	imstat::::	         -- Sum of squared pixel values [sumsq]:     0.00959664 Jy/beam.Jy/beam
2023-04-12 18:17:57	INFO	imstat::::	Statistics --- 
2023-04-12 18:17:57	INFO	imstat::::	        -- Mean of the pixel values [mean]:         0.000156247 Jy/beam
2023-04-12 18:17:57	INFO	imstat::::	        -- Variance of the pixel values :           1.11376e-07 Jy/beam
2023-04-12 18:17:57	INFO	imstat::::	        -- Standard deviation of the Mean [sigma]:  0.00033373 Jy/beam
2023-04-12 18:17:57	INFO	imstat::::	        -- Root mean square [rms]:                  0.000368493 Jy/beam
2023-04-12 18:17:57	INFO	imstat::::	        -- Median of the pixel values [median]:     1.50968e-05 Jy/beam
2023-04-12 18:17:57	INFO	imstat::::	        -- Median of the deviations [medabsdevmed]: 1.40258e-05 Jy/beam
2023-04-12 18:17:57	INFO	imstat::::	        -- IQR [quartile]:                          9.41727e-05 Jy/beam
2023-04-12 18:17:57	INFO	imstat::::	        -- First quartile [q1]:                     5.43431e-06 Jy/beam
2023-04-12 18:17:57	INFO	imstat::::	        -- Third quartile [q3]:                     9.9607e-05 Jy/beam
2023-04-12 18:17:57	INFO	imstat::ImageStatsCalculator::statistics	Sum column unit = Jy/beam
2023-04-12 18:17:57	INFO	imstat::ImageStatsCalculator::statistics+	Mean column unit = Jy/beam
2023-04-12 18:17:57	INFO	imstat::ImageStatsCalculator::statistics+	Std_dev column unit = Jy/beam
2023-04-12 18:17:57	INFO	imstat::ImageStatsCalculator::statistics+	Minimum column unit = Jy/beam
2023-04-12 18:17:57	INFO	imstat::ImageStatsCalculator::statistics+	Maximum column unit = Jy/beam
2023-04-12 18:17:57	INFO	imstat::ImageStatsCalculator::statistics	Npts          Sum           Mean          Rms           Std_dev       Minimum       Maximum     
2023-04-12 18:17:57	INFO	imstat::ImageStatsCalculator::statistics	 7.067400e+04  1.104262e+01  1.562472e-04  3.684935e-04  3.337301e-04 -1.530030e-05  2.092108e-03
2023-04-12 18:17:57	INFO	imstat::::casa	Task imstat complete. Start time: 2023-04-12 18:17:56.759587 End time: 2023-04-12 18:17:56.861498
2023-04-12 18:17:57	INFO	imstat::::casa	##### End Task: imstat               #####
2023-04-12 18:17:57	INFO	imstat::::casa	##########################################
2023-04-12 18:17:57	INFO	imstat::::casa	##########################################
2023-04-12 18:17:57	INFO	imstat::::casa	##### Begin Task: imstat             #####
2023-04-12 18:17:57	INFO	imstat::::casa	imstat( imagename='/lustre/cv/users/jspeedie/data/images_continuum/robust0.5/ABAur_continuum.clean.JvMcorr.image.pbcor', axes=[], region="annulus[[04h55m45.8549s, +30.33.03.733],['6.00arcsec', '10.0arcsec']]", box='', chans='', stokes='', listit=True, verbose=True, mask='', stretch=False, logfile='', append=True, algorithm='classic', fence=-1.0, center='mean', lside=True, zscore=-1.0, maxiter=-1, clmethod='auto', niter=3 )
2023-04-12 18:17:57	INFO	imstat::AsciiRegionFileParser::_parse	Combined 1 image regions (which excludes any annotation regions)
2023-04-12 18:17:57	INFO	imstat::AsciiRegionFileParser::_parse	The specified region will select all pixels that are included in the region. Full pixels will be included even when they are only partially covered by the region(s).
2023-04-12 18:17:57	INFO	imstat::CasacRegionManager::fromBCS	Region read from text string annulus[[04h55m45.8549s, +30.33.03.733],['6.00arcsec', '10.0arcsec']]
2023-04-12 18:17:57	INFO	imstat::image::statistics 	Determining stats for image ABAur_continuum.clean.JvMcorr.image.pbcor
2023-04-12 18:17:57	INFO	imstat::ImageRegion::fromRecord	Selected bounding box : 
2023-04-12 18:17:57	INFO	imstat::ImageRegion::fromRecord+	    [524, 524, 0, 0] to [1524, 1524, 0, 0]  (04:55:46.629, +30.32.53.733, I, 2.26769e+11Hz to 04:55:45.081, +30.33.13.733, I, 2.26769e+11Hz)
2023-04-12 18:17:57	INFO	imstat::ImageStatsCalculator::_logStartup	Statistics calculated using Classic algorithm
2023-04-12 18:17:57	INFO	imstat::ImageStatsCalculator::_logStartup	Regions --- 
2023-04-12 18:17:57	INFO	imstat::ImageStatsCalculator::_logStartup	         -- bottom-left corner (pixel) [blc]:  [524, 524, 0, 0]
2023-04-12 18:17:57	INFO	imstat::ImageStatsCalculator::_logStartup	         -- top-right corner (pixel) [trc]:    [1524, 1524, 0, 0]
2023-04-12 18:17:57	INFO	imstat::ImageStatsCalculator::_logStartup	         -- bottom-left corner (world) [blcf]: 04:55:46.629, +30.32.53.733, I, 2.26769e+11Hz
2023-04-12 18:17:57	INFO	imstat::ImageStatsCalculator::_logStartup	         -- top-right corner (world) [trcf]:   04:55:45.081, +30.33.13.733, I, 2.26769e+11Hz
2023-04-12 18:17:57	INFO	imstat::::	Values --- 
2023-04-12 18:17:57	INFO	imstat::::	         -- flux density [flux]:                    -0.0108605 Jy
2023-04-12 18:17:57	INFO	imstat::::	         -- number of points [npts]:                502718
2023-04-12 18:17:57	INFO	imstat::::	         -- maximum value [max]:                    3.23233e-05 Jy/beam
2023-04-12 18:17:57	INFO	imstat::::	         -- minimum value [min]:                    -3.80726e-05 Jy/beam
2023-04-12 18:17:57	INFO	imstat::::	         -- position of max value (pixel) [maxpos]: [1273, 1438, 0, 0]
2023-04-12 18:17:57	INFO	imstat::::	         -- position of min value (pixel) [minpos]: [1490, 1171, 0, 0]
2023-04-12 18:17:57	INFO	imstat::::	         -- position of max value (world) [maxposf]: 04:55:45.469, +30.33.12.013, I, 2.26769e+11Hz
2023-04-12 18:17:57	INFO	imstat::::	         -- position of min value (world) [minposf]: 04:55:45.133, +30.33.06.673, I, 2.26769e+11Hz
2023-04-12 18:17:57	INFO	imstat::::	         -- Sum of pixel values [sum]:               -1.3321 Jy/beam
2023-04-12 18:17:57	INFO	imstat::::	         -- Sum of squared pixel values [sumsq]:     3.15378e-05 Jy/beam.Jy/beam
2023-04-12 18:17:57	INFO	imstat::::	Statistics --- 
2023-04-12 18:17:57	INFO	imstat::::	        -- Mean of the pixel values [mean]:         -2.64979e-06 Jy/beam
2023-04-12 18:17:57	INFO	imstat::::	        -- Variance of the pixel values :           5.57132e-11 Jy/beam
2023-04-12 18:17:57	INFO	imstat::::	        -- Standard deviation of the Mean [sigma]:  7.46413e-06 Jy/beam
2023-04-12 18:17:57	INFO	imstat::::	        -- Root mean square [rms]:                  7.92051e-06 Jy/beam
2023-04-12 18:17:57	INFO	imstat::::	        -- Median of the pixel values [median]:     -2.74127e-06 Jy/beam
2023-04-12 18:17:57	INFO	imstat::::	        -- Median of the deviations [medabsdevmed]: 4.93762e-06 Jy/beam
2023-04-12 18:17:57	INFO	imstat::::	        -- IQR [quartile]:                          9.87657e-06 Jy/beam
2023-04-12 18:17:57	INFO	imstat::::	        -- First quartile [q1]:                     -7.6181e-06 Jy/beam
2023-04-12 18:17:57	INFO	imstat::::	        -- Third quartile [q3]:                     2.25846e-06 Jy/beam
2023-04-12 18:17:57	INFO	imstat::ImageStatsCalculator::statistics	Sum column unit = Jy/beam
2023-04-12 18:17:57	INFO	imstat::ImageStatsCalculator::statistics+	Mean column unit = Jy/beam
2023-04-12 18:17:57	INFO	imstat::ImageStatsCalculator::statistics+	Std_dev column unit = Jy/beam
2023-04-12 18:17:57	INFO	imstat::ImageStatsCalculator::statistics+	Minimum column unit = Jy/beam
2023-04-12 18:17:57	INFO	imstat::ImageStatsCalculator::statistics+	Maximum column unit = Jy/beam
2023-04-12 18:17:57	INFO	imstat::ImageStatsCalculator::statistics	Npts          Sum           Mean          Rms           Std_dev       Minimum       Maximum     
2023-04-12 18:17:57	INFO	imstat::ImageStatsCalculator::statistics	 5.027180e+05 -1.332098e+00 -2.649791e-06  7.920512e-06  7.464130e-06 -3.807256e-05  3.232334e-05
2023-04-12 18:17:57	INFO	imstat::::casa	Task imstat complete. Start time: 2023-04-12 18:17:56.865283 End time: 2023-04-12 18:17:56.976229
2023-04-12 18:17:57	INFO	imstat::::casa	##### End Task: imstat               #####
2023-04-12 18:17:57	INFO	imstat::::casa	##########################################
2023-04-12 18:17:57	INFO	imstat::::casa	##########################################
2023-04-12 18:17:57	INFO	imstat::::casa	##### Begin Task: imstat             #####
2023-04-12 18:17:57	INFO	imstat::::casa	imstat( imagename='/lustre/cv/users/jspeedie/data/images_continuum/robust0.5/ABAur_continuum.clean.JvMcorr_lowres.image.pbcor', axes=[], region='circle[[04h55m45.8549s, +30.33.03.733], 3.0arcsec]', box='', chans='', stokes='', listit=True, verbose=True, mask='', stretch=False, logfile='', append=True, algorithm='classic', fence=-1.0, center='mean', lside=True, zscore=-1.0, maxiter=-1, clmethod='auto', niter=3 )
2023-04-12 18:17:57	INFO	imstat::AsciiRegionFileParser::_parse	Combined 1 image regions (which excludes any annotation regions)
2023-04-12 18:17:57	INFO	imstat::AsciiRegionFileParser::_parse	The specified region will select all pixels that are included in the region. Full pixels will be included even when they are only partially covered by the region(s).
2023-04-12 18:17:57	INFO	imstat::CasacRegionManager::fromBCS	Region read from text string circle[[04h55m45.8549s, +30.33.03.733], 3.0arcsec]
2023-04-12 18:17:57	INFO	imstat::image::statistics 	Determining stats for image ABAur_continuum.clean.JvMcorr_lowres.image.pbcor
2023-04-12 18:17:57	INFO	imstat::ImageRegion::fromRecord	Selected bounding box : 
2023-04-12 18:17:57	INFO	imstat::ImageRegion::fromRecord+	    [874, 874, 0, 0] to [1174, 1173, 0, 0]  (04:55:46.087, +30.33.00.733, I, 2.26769e+11Hz to 04:55:45.623, +30.33.06.713, I, 2.26769e+11Hz)
2023-04-12 18:17:57	INFO	imstat::ImageStatsCalculator::_logStartup	Statistics calculated using Classic algorithm
2023-04-12 18:17:57	INFO	imstat::ImageStatsCalculator::_logStartup	Regions --- 
2023-04-12 18:17:57	INFO	imstat::ImageStatsCalculator::_logStartup	         -- bottom-left corner (pixel) [blc]:  [874, 874, 0, 0]
2023-04-12 18:17:57	INFO	imstat::ImageStatsCalculator::_logStartup	         -- top-right corner (pixel) [trc]:    [1174, 1173, 0, 0]
2023-04-12 18:17:57	INFO	imstat::ImageStatsCalculator::_logStartup	         -- bottom-left corner (world) [blcf]: 04:55:46.087, +30.33.00.733, I, 2.26769e+11Hz
2023-04-12 18:17:57	INFO	imstat::ImageStatsCalculator::_logStartup	         -- top-right corner (world) [trcf]:   04:55:45.623, +30.33.06.713, I, 2.26769e+11Hz
2023-04-12 18:17:57	INFO	imstat::::	Values --- 
2023-04-12 18:17:57	INFO	imstat::::	         -- flux density [flux]:                    0.0900322 Jy
2023-04-12 18:17:57	INFO	imstat::::	         -- number of points [npts]:                70674
2023-04-12 18:17:57	INFO	imstat::::	         -- maximum value [max]:                    0.00408464 Jy/beam
2023-04-12 18:17:57	INFO	imstat::::	         -- minimum value [min]:                    -3.35096e-05 Jy/beam
2023-04-12 18:17:57	INFO	imstat::::	         -- position of max value (pixel) [maxpos]: [1072, 1015, 0, 0]
2023-04-12 18:17:57	INFO	imstat::::	         -- position of min value (pixel) [minpos]: [1155, 1089, 0, 0]
2023-04-12 18:17:57	INFO	imstat::::	         -- position of max value (world) [maxposf]: 04:55:45.781, +30.33.03.553, I, 2.26769e+11Hz
2023-04-12 18:17:57	INFO	imstat::::	         -- position of min value (world) [minposf]: 04:55:45.652, +30.33.05.033, I, 2.26769e+11Hz
2023-04-12 18:17:57	INFO	imstat::::	         -- Sum of pixel values [sum]:               24.1855 Jy/beam
2023-04-12 18:17:57	INFO	imstat::::	         -- Sum of squared pixel values [sumsq]:     0.040928 Jy/beam.Jy/beam
2023-04-12 18:17:57	INFO	imstat::::	Statistics --- 
2023-04-12 18:17:57	INFO	imstat::::	        -- Mean of the pixel values [mean]:         0.000342212 Jy/beam
2023-04-12 18:17:57	INFO	imstat::::	        -- Variance of the pixel values :           4.62008e-07 Jy/beam
2023-04-12 18:17:57	INFO	imstat::::	        -- Standard deviation of the Mean [sigma]:  0.000679712 Jy/beam
2023-04-12 18:17:57	INFO	imstat::::	        -- Root mean square [rms]:                  0.000760993 Jy/beam
2023-04-12 18:17:57	INFO	imstat::::	        -- Median of the pixel values [median]:     3.34255e-05 Jy/beam
2023-04-12 18:17:57	INFO	imstat::::	        -- Median of the deviations [medabsdevmed]: 3.24563e-05 Jy/beam
2023-04-12 18:17:57	INFO	imstat::::	        -- IQR [quartile]:                          0.000261622 Jy/beam
2023-04-12 18:17:57	INFO	imstat::::	        -- First quartile [q1]:                     1.19077e-05 Jy/beam
2023-04-12 18:17:57	INFO	imstat::::	        -- Third quartile [q3]:                     0.00027353 Jy/beam
2023-04-12 18:17:57	INFO	imstat::ImageStatsCalculator::statistics	Sum column unit = Jy/beam
2023-04-12 18:17:57	INFO	imstat::ImageStatsCalculator::statistics+	Mean column unit = Jy/beam
2023-04-12 18:17:57	INFO	imstat::ImageStatsCalculator::statistics+	Std_dev column unit = Jy/beam
2023-04-12 18:17:57	INFO	imstat::ImageStatsCalculator::statistics+	Minimum column unit = Jy/beam
2023-04-12 18:17:57	INFO	imstat::ImageStatsCalculator::statistics+	Maximum column unit = Jy/beam
2023-04-12 18:17:57	INFO	imstat::ImageStatsCalculator::statistics	Npts          Sum           Mean          Rms           Std_dev       Minimum       Maximum     
2023-04-12 18:17:57	INFO	imstat::ImageStatsCalculator::statistics	 7.067400e+04  2.418549e+01  3.422119e-04  7.609930e-04  6.797116e-04 -3.350960e-05  4.084638e-03
2023-04-12 18:17:57	INFO	imstat::::casa	Task imstat complete. Start time: 2023-04-12 18:17:56.980057 End time: 2023-04-12 18:17:57.030035
2023-04-12 18:17:57	INFO	imstat::::casa	##### End Task: imstat               #####
2023-04-12 18:17:57	INFO	imstat::::casa	##########################################
2023-04-12 18:17:57	INFO	imstat::::casa	##########################################
2023-04-12 18:17:57	INFO	imstat::::casa	##### Begin Task: imstat             #####
2023-04-12 18:17:57	INFO	imstat::::casa	imstat( imagename='/lustre/cv/users/jspeedie/data/images_continuum/robust0.5/ABAur_continuum.clean.JvMcorr_lowres.image.pbcor', axes=[], region='circle[[04h55m45.8549s, +30.33.03.733], 3.0arcsec]', box='', chans='', stokes='', listit=True, verbose=True, mask='', stretch=False, logfile='', append=True, algorithm='classic', fence=-1.0, center='mean', lside=True, zscore=-1.0, maxiter=-1, clmethod='auto', niter=3 )
2023-04-12 18:17:57	INFO	imstat::AsciiRegionFileParser::_parse	Combined 1 image regions (which excludes any annotation regions)
2023-04-12 18:17:57	INFO	imstat::AsciiRegionFileParser::_parse	The specified region will select all pixels that are included in the region. Full pixels will be included even when they are only partially covered by the region(s).
2023-04-12 18:17:57	INFO	imstat::CasacRegionManager::fromBCS	Region read from text string circle[[04h55m45.8549s, +30.33.03.733], 3.0arcsec]
2023-04-12 18:17:57	INFO	imstat::image::statistics 	Determining stats for image ABAur_continuum.clean.JvMcorr_lowres.image.pbcor
2023-04-12 18:17:57	INFO	imstat::ImageRegion::fromRecord	Selected bounding box : 
2023-04-12 18:17:57	INFO	imstat::ImageRegion::fromRecord+	    [874, 874, 0, 0] to [1174, 1173, 0, 0]  (04:55:46.087, +30.33.00.733, I, 2.26769e+11Hz to 04:55:45.623, +30.33.06.713, I, 2.26769e+11Hz)
2023-04-12 18:17:57	INFO	imstat::ImageStatsCalculator::_logStartup	Statistics calculated using Classic algorithm
2023-04-12 18:17:57	INFO	imstat::ImageStatsCalculator::_logStartup	Regions --- 
2023-04-12 18:17:57	INFO	imstat::ImageStatsCalculator::_logStartup	         -- bottom-left corner (pixel) [blc]:  [874, 874, 0, 0]
2023-04-12 18:17:57	INFO	imstat::ImageStatsCalculator::_logStartup	         -- top-right corner (pixel) [trc]:    [1174, 1173, 0, 0]
2023-04-12 18:17:57	INFO	imstat::ImageStatsCalculator::_logStartup	         -- bottom-left corner (world) [blcf]: 04:55:46.087, +30.33.00.733, I, 2.26769e+11Hz
2023-04-12 18:17:57	INFO	imstat::ImageStatsCalculator::_logStartup	         -- top-right corner (world) [trcf]:   04:55:45.623, +30.33.06.713, I, 2.26769e+11Hz
2023-04-12 18:17:57	INFO	imstat::::	Values --- 
2023-04-12 18:17:57	INFO	imstat::::	         -- flux density [flux]:                    0.0900322 Jy
2023-04-12 18:17:57	INFO	imstat::::	         -- number of points [npts]:                70674
2023-04-12 18:17:57	INFO	imstat::::	         -- maximum value [max]:                    0.00408464 Jy/beam
2023-04-12 18:17:57	INFO	imstat::::	         -- minimum value [min]:                    -3.35096e-05 Jy/beam
2023-04-12 18:17:57	INFO	imstat::::	         -- position of max value (pixel) [maxpos]: [1072, 1015, 0, 0]
2023-04-12 18:17:57	INFO	imstat::::	         -- position of min value (pixel) [minpos]: [1155, 1089, 0, 0]
2023-04-12 18:17:57	INFO	imstat::::	         -- position of max value (world) [maxposf]: 04:55:45.781, +30.33.03.553, I, 2.26769e+11Hz
2023-04-12 18:17:57	INFO	imstat::::	         -- position of min value (world) [minposf]: 04:55:45.652, +30.33.05.033, I, 2.26769e+11Hz
2023-04-12 18:17:57	INFO	imstat::::	         -- Sum of pixel values [sum]:               24.1855 Jy/beam
2023-04-12 18:17:57	INFO	imstat::::	         -- Sum of squared pixel values [sumsq]:     0.040928 Jy/beam.Jy/beam
2023-04-12 18:17:57	INFO	imstat::::	Statistics --- 
2023-04-12 18:17:57	INFO	imstat::::	        -- Mean of the pixel values [mean]:         0.000342212 Jy/beam
2023-04-12 18:17:57	INFO	imstat::::	        -- Variance of the pixel values :           4.62008e-07 Jy/beam
2023-04-12 18:17:57	INFO	imstat::::	        -- Standard deviation of the Mean [sigma]:  0.000679712 Jy/beam
2023-04-12 18:17:57	INFO	imstat::::	        -- Root mean square [rms]:                  0.000760993 Jy/beam
2023-04-12 18:17:57	INFO	imstat::::	        -- Median of the pixel values [median]:     3.34255e-05 Jy/beam
2023-04-12 18:17:57	INFO	imstat::::	        -- Median of the deviations [medabsdevmed]: 3.24563e-05 Jy/beam
2023-04-12 18:17:57	INFO	imstat::::	        -- IQR [quartile]:                          0.000261622 Jy/beam
2023-04-12 18:17:57	INFO	imstat::::	        -- First quartile [q1]:                     1.19077e-05 Jy/beam
2023-04-12 18:17:57	INFO	imstat::::	        -- Third quartile [q3]:                     0.00027353 Jy/beam
2023-04-12 18:17:57	INFO	imstat::ImageStatsCalculator::statistics	Sum column unit = Jy/beam
2023-04-12 18:17:57	INFO	imstat::ImageStatsCalculator::statistics+	Mean column unit = Jy/beam
2023-04-12 18:17:57	INFO	imstat::ImageStatsCalculator::statistics+	Std_dev column unit = Jy/beam
2023-04-12 18:17:57	INFO	imstat::ImageStatsCalculator::statistics+	Minimum column unit = Jy/beam
2023-04-12 18:17:57	INFO	imstat::ImageStatsCalculator::statistics+	Maximum column unit = Jy/beam
2023-04-12 18:17:57	INFO	imstat::ImageStatsCalculator::statistics	Npts          Sum           Mean          Rms           Std_dev       Minimum       Maximum     
2023-04-12 18:17:57	INFO	imstat::ImageStatsCalculator::statistics	 7.067400e+04  2.418549e+01  3.422119e-04  7.609930e-04  6.797116e-04 -3.350960e-05  4.084638e-03
2023-04-12 18:17:57	INFO	imstat::::casa	Task imstat complete. Start time: 2023-04-12 18:17:57.033314 End time: 2023-04-12 18:17:57.112072
2023-04-12 18:17:57	INFO	imstat::::casa	##### End Task: imstat               #####
2023-04-12 18:17:57	INFO	imstat::::casa	##########################################
2023-04-12 18:17:57	INFO	imstat::::casa	##########################################
2023-04-12 18:17:57	INFO	imstat::::casa	##### Begin Task: imstat             #####
2023-04-12 18:17:57	INFO	imstat::::casa	imstat( imagename='/lustre/cv/users/jspeedie/data/images_continuum/robust0.5/ABAur_continuum.clean.JvMcorr_lowres.image.pbcor', axes=[], region="annulus[[04h55m45.8549s, +30.33.03.733],['6.00arcsec', '10.0arcsec']]", box='', chans='', stokes='', listit=True, verbose=True, mask='', stretch=False, logfile='', append=True, algorithm='classic', fence=-1.0, center='mean', lside=True, zscore=-1.0, maxiter=-1, clmethod='auto', niter=3 )
2023-04-12 18:17:57	INFO	imstat::AsciiRegionFileParser::_parse	Combined 1 image regions (which excludes any annotation regions)
2023-04-12 18:17:57	INFO	imstat::AsciiRegionFileParser::_parse	The specified region will select all pixels that are included in the region. Full pixels will be included even when they are only partially covered by the region(s).
2023-04-12 18:17:57	INFO	imstat::CasacRegionManager::fromBCS	Region read from text string annulus[[04h55m45.8549s, +30.33.03.733],['6.00arcsec', '10.0arcsec']]
2023-04-12 18:17:57	INFO	imstat::image::statistics 	Determining stats for image ABAur_continuum.clean.JvMcorr_lowres.image.pbcor
2023-04-12 18:17:57	INFO	imstat::ImageRegion::fromRecord	Selected bounding box : 
2023-04-12 18:17:57	INFO	imstat::ImageRegion::fromRecord+	    [524, 524, 0, 0] to [1524, 1524, 0, 0]  (04:55:46.629, +30.32.53.733, I, 2.26769e+11Hz to 04:55:45.081, +30.33.13.733, I, 2.26769e+11Hz)
2023-04-12 18:17:57	INFO	imstat::ImageStatsCalculator::_logStartup	Statistics calculated using Classic algorithm
2023-04-12 18:17:57	INFO	imstat::ImageStatsCalculator::_logStartup	Regions --- 
2023-04-12 18:17:57	INFO	imstat::ImageStatsCalculator::_logStartup	         -- bottom-left corner (pixel) [blc]:  [524, 524, 0, 0]
2023-04-12 18:17:57	INFO	imstat::ImageStatsCalculator::_logStartup	         -- top-right corner (pixel) [trc]:    [1524, 1524, 0, 0]
2023-04-12 18:17:57	INFO	imstat::ImageStatsCalculator::_logStartup	         -- bottom-left corner (world) [blcf]: 04:55:46.629, +30.32.53.733, I, 2.26769e+11Hz
2023-04-12 18:17:57	INFO	imstat::ImageStatsCalculator::_logStartup	         -- top-right corner (world) [trcf]:   04:55:45.081, +30.33.13.733, I, 2.26769e+11Hz
2023-04-12 18:17:57	INFO	imstat::::	Values --- 
2023-04-12 18:17:57	INFO	imstat::::	         -- flux density [flux]:                    -0.0108605 Jy
2023-04-12 18:17:57	INFO	imstat::::	         -- number of points [npts]:                502718
2023-04-12 18:17:57	INFO	imstat::::	         -- maximum value [max]:                    7.07922e-05 Jy/beam
2023-04-12 18:17:57	INFO	imstat::::	         -- minimum value [min]:                    -8.33838e-05 Jy/beam
2023-04-12 18:17:57	INFO	imstat::::	         -- position of max value (pixel) [maxpos]: [1273, 1438, 0, 0]
2023-04-12 18:17:57	INFO	imstat::::	         -- position of min value (pixel) [minpos]: [1490, 1171, 0, 0]
2023-04-12 18:17:57	INFO	imstat::::	         -- position of max value (world) [maxposf]: 04:55:45.469, +30.33.12.013, I, 2.26769e+11Hz
2023-04-12 18:17:57	INFO	imstat::::	         -- position of min value (world) [minposf]: 04:55:45.133, +30.33.06.673, I, 2.26769e+11Hz
2023-04-12 18:17:57	INFO	imstat::::	         -- Sum of pixel values [sum]:               -2.91746 Jy/beam
2023-04-12 18:17:57	INFO	imstat::::	         -- Sum of squared pixel values [sumsq]:     0.000151276 Jy/beam.Jy/beam
2023-04-12 18:17:57	INFO	imstat::::	Statistics --- 
2023-04-12 18:17:57	INFO	imstat::::	        -- Mean of the pixel values [mean]:         -5.80337e-06 Jy/beam
2023-04-12 18:17:57	INFO	imstat::::	        -- Variance of the pixel values :           2.67237e-10 Jy/beam
2023-04-12 18:17:57	INFO	imstat::::	        -- Standard deviation of the Mean [sigma]:  1.63474e-05 Jy/beam
2023-04-12 18:17:57	INFO	imstat::::	        -- Root mean square [rms]:                  1.73469e-05 Jy/beam
2023-04-12 18:17:57	INFO	imstat::::	        -- Median of the pixel values [median]:     -6.00367e-06 Jy/beam
2023-04-12 18:17:57	INFO	imstat::::	        -- Median of the deviations [medabsdevmed]: 1.0814e-05 Jy/beam
2023-04-12 18:17:57	INFO	imstat::::	        -- IQR [quartile]:                          2.16311e-05 Jy/beam
2023-04-12 18:17:57	INFO	imstat::::	        -- First quartile [q1]:                     -1.66848e-05 Jy/beam
2023-04-12 18:17:57	INFO	imstat::::	        -- Third quartile [q3]:                     4.94632e-06 Jy/beam
2023-04-12 18:17:57	INFO	imstat::ImageStatsCalculator::statistics	Sum column unit = Jy/beam
2023-04-12 18:17:57	INFO	imstat::ImageStatsCalculator::statistics+	Mean column unit = Jy/beam
2023-04-12 18:17:57	INFO	imstat::ImageStatsCalculator::statistics+	Std_dev column unit = Jy/beam
2023-04-12 18:17:57	INFO	imstat::ImageStatsCalculator::statistics+	Minimum column unit = Jy/beam
2023-04-12 18:17:57	INFO	imstat::ImageStatsCalculator::statistics+	Maximum column unit = Jy/beam
2023-04-12 18:17:57	INFO	imstat::ImageStatsCalculator::statistics	Npts          Sum           Mean          Rms           Std_dev       Minimum       Maximum     
2023-04-12 18:17:57	INFO	imstat::ImageStatsCalculator::statistics	 5.027180e+05 -2.917461e+00 -5.803374e-06  1.734693e-05  1.634739e-05 -8.338378e-05  7.079220e-05
2023-04-12 18:17:57	INFO	imstat::::casa	Task imstat complete. Start time: 2023-04-12 18:17:57.115309 End time: 2023-04-12 18:17:57.241209
2023-04-12 18:17:57	INFO	imstat::::casa	##### End Task: imstat               #####
2023-04-12 18:17:57	INFO	imstat::::casa	##########################################
2023-04-12 18:17:57	INFO	imstat::::casa	##########################################
2023-04-12 18:17:57	INFO	imstat::::casa	##### Begin Task: imstat             #####
2023-04-12 18:17:57	INFO	imstat::::casa	imstat( imagename='/lustre/cv/users/jspeedie/data/images_continuum/robust0.5/ABAur_continuum.clean.JvMcorr_lowres.image.pbcor', axes=[], region='circle[[04h55m45.8549s, +30.33.03.733], 3.0arcsec]', box='', chans='', stokes='', listit=True, verbose=True, mask='', stretch=False, logfile='', append=True, algorithm='classic', fence=-1.0, center='mean', lside=True, zscore=-1.0, maxiter=-1, clmethod='auto', niter=3 )
2023-04-12 18:17:57	INFO	imstat::AsciiRegionFileParser::_parse	Combined 1 image regions (which excludes any annotation regions)
2023-04-12 18:17:57	INFO	imstat::AsciiRegionFileParser::_parse	The specified region will select all pixels that are included in the region. Full pixels will be included even when they are only partially covered by the region(s).
2023-04-12 18:17:57	INFO	imstat::CasacRegionManager::fromBCS	Region read from text string circle[[04h55m45.8549s, +30.33.03.733], 3.0arcsec]
2023-04-12 18:17:57	INFO	imstat::image::statistics 	Determining stats for image ABAur_continuum.clean.JvMcorr_lowres.image.pbcor
2023-04-12 18:17:57	INFO	imstat::ImageRegion::fromRecord	Selected bounding box : 
2023-04-12 18:17:57	INFO	imstat::ImageRegion::fromRecord+	    [874, 874, 0, 0] to [1174, 1173, 0, 0]  (04:55:46.087, +30.33.00.733, I, 2.26769e+11Hz to 04:55:45.623, +30.33.06.713, I, 2.26769e+11Hz)
2023-04-12 18:17:57	INFO	imstat::ImageStatsCalculator::_logStartup	Statistics calculated using Classic algorithm
2023-04-12 18:17:57	INFO	imstat::ImageStatsCalculator::_logStartup	Regions --- 
2023-04-12 18:17:57	INFO	imstat::ImageStatsCalculator::_logStartup	         -- bottom-left corner (pixel) [blc]:  [874, 874, 0, 0]
2023-04-12 18:17:57	INFO	imstat::ImageStatsCalculator::_logStartup	         -- top-right corner (pixel) [trc]:    [1174, 1173, 0, 0]
2023-04-12 18:17:57	INFO	imstat::ImageStatsCalculator::_logStartup	         -- bottom-left corner (world) [blcf]: 04:55:46.087, +30.33.00.733, I, 2.26769e+11Hz
2023-04-12 18:17:57	INFO	imstat::ImageStatsCalculator::_logStartup	         -- top-right corner (world) [trcf]:   04:55:45.623, +30.33.06.713, I, 2.26769e+11Hz
2023-04-12 18:17:57	INFO	imstat::::	Values --- 
2023-04-12 18:17:57	INFO	imstat::::	         -- flux density [flux]:                    0.0900322 Jy
2023-04-12 18:17:57	INFO	imstat::::	         -- number of points [npts]:                70674
2023-04-12 18:17:57	INFO	imstat::::	         -- maximum value [max]:                    0.00408464 Jy/beam
2023-04-12 18:17:57	INFO	imstat::::	         -- minimum value [min]:                    -3.35096e-05 Jy/beam
2023-04-12 18:17:57	INFO	imstat::::	         -- position of max value (pixel) [maxpos]: [1072, 1015, 0, 0]
2023-04-12 18:17:57	INFO	imstat::::	         -- position of min value (pixel) [minpos]: [1155, 1089, 0, 0]
2023-04-12 18:17:57	INFO	imstat::::	         -- position of max value (world) [maxposf]: 04:55:45.781, +30.33.03.553, I, 2.26769e+11Hz
2023-04-12 18:17:57	INFO	imstat::::	         -- position of min value (world) [minposf]: 04:55:45.652, +30.33.05.033, I, 2.26769e+11Hz
2023-04-12 18:17:57	INFO	imstat::::	         -- Sum of pixel values [sum]:               24.1855 Jy/beam
2023-04-12 18:17:57	INFO	imstat::::	         -- Sum of squared pixel values [sumsq]:     0.040928 Jy/beam.Jy/beam
2023-04-12 18:17:57	INFO	imstat::::	Statistics --- 
2023-04-12 18:17:57	INFO	imstat::::	        -- Mean of the pixel values [mean]:         0.000342212 Jy/beam
2023-04-12 18:17:57	INFO	imstat::::	        -- Variance of the pixel values :           4.62008e-07 Jy/beam
2023-04-12 18:17:57	INFO	imstat::::	        -- Standard deviation of the Mean [sigma]:  0.000679712 Jy/beam
2023-04-12 18:17:57	INFO	imstat::::	        -- Root mean square [rms]:                  0.000760993 Jy/beam
2023-04-12 18:17:57	INFO	imstat::::	        -- Median of the pixel values [median]:     3.34255e-05 Jy/beam
2023-04-12 18:17:57	INFO	imstat::::	        -- Median of the deviations [medabsdevmed]: 3.24563e-05 Jy/beam
2023-04-12 18:17:57	INFO	imstat::::	        -- IQR [quartile]:                          0.000261622 Jy/beam
2023-04-12 18:17:57	INFO	imstat::::	        -- First quartile [q1]:                     1.19077e-05 Jy/beam
2023-04-12 18:17:57	INFO	imstat::::	        -- Third quartile [q3]:                     0.00027353 Jy/beam
2023-04-12 18:17:57	INFO	imstat::ImageStatsCalculator::statistics	Sum column unit = Jy/beam
2023-04-12 18:17:57	INFO	imstat::ImageStatsCalculator::statistics+	Mean column unit = Jy/beam
2023-04-12 18:17:57	INFO	imstat::ImageStatsCalculator::statistics+	Std_dev column unit = Jy/beam
2023-04-12 18:17:57	INFO	imstat::ImageStatsCalculator::statistics+	Minimum column unit = Jy/beam
2023-04-12 18:17:57	INFO	imstat::ImageStatsCalculator::statistics+	Maximum column unit = Jy/beam
2023-04-12 18:17:57	INFO	imstat::ImageStatsCalculator::statistics	Npts          Sum           Mean          Rms           Std_dev       Minimum       Maximum     
2023-04-12 18:17:57	INFO	imstat::ImageStatsCalculator::statistics	 7.067400e+04  2.418549e+01  3.422119e-04  7.609930e-04  6.797116e-04 -3.350960e-05  4.084638e-03
2023-04-12 18:17:57	INFO	imstat::::casa	Task imstat complete. Start time: 2023-04-12 18:17:57.244577 End time: 2023-04-12 18:17:57.306726
2023-04-12 18:17:57	INFO	imstat::::casa	##### End Task: imstat               #####
2023-04-12 18:17:57	INFO	imstat::::casa	##########################################
2023-04-12 18:17:57	INFO	imstat::::casa	##########################################
2023-04-12 18:17:57	INFO	imstat::::casa	##### Begin Task: imstat             #####
2023-04-12 18:17:57	INFO	imstat::::casa	imstat( imagename='/lustre/cv/users/jspeedie/data/images_continuum/robust0.5/ABAur_continuum.clean.JvMcorr_lowres.image.pbcor', axes=[], region="annulus[[04h55m45.8549s, +30.33.03.733],['6.00arcsec', '10.0arcsec']]", box='', chans='', stokes='', listit=True, verbose=True, mask='', stretch=False, logfile='', append=True, algorithm='classic', fence=-1.0, center='mean', lside=True, zscore=-1.0, maxiter=-1, clmethod='auto', niter=3 )
2023-04-12 18:17:57	INFO	imstat::AsciiRegionFileParser::_parse	Combined 1 image regions (which excludes any annotation regions)
2023-04-12 18:17:57	INFO	imstat::AsciiRegionFileParser::_parse	The specified region will select all pixels that are included in the region. Full pixels will be included even when they are only partially covered by the region(s).
2023-04-12 18:17:57	INFO	imstat::CasacRegionManager::fromBCS	Region read from text string annulus[[04h55m45.8549s, +30.33.03.733],['6.00arcsec', '10.0arcsec']]
2023-04-12 18:17:57	INFO	imstat::image::statistics 	Determining stats for image ABAur_continuum.clean.JvMcorr_lowres.image.pbcor
2023-04-12 18:17:57	INFO	imstat::ImageRegion::fromRecord	Selected bounding box : 
2023-04-12 18:17:57	INFO	imstat::ImageRegion::fromRecord+	    [524, 524, 0, 0] to [1524, 1524, 0, 0]  (04:55:46.629, +30.32.53.733, I, 2.26769e+11Hz to 04:55:45.081, +30.33.13.733, I, 2.26769e+11Hz)
2023-04-12 18:17:57	INFO	imstat::ImageStatsCalculator::_logStartup	Statistics calculated using Classic algorithm
2023-04-12 18:17:57	INFO	imstat::ImageStatsCalculator::_logStartup	Regions --- 
2023-04-12 18:17:57	INFO	imstat::ImageStatsCalculator::_logStartup	         -- bottom-left corner (pixel) [blc]:  [524, 524, 0, 0]
2023-04-12 18:17:57	INFO	imstat::ImageStatsCalculator::_logStartup	         -- top-right corner (pixel) [trc]:    [1524, 1524, 0, 0]
2023-04-12 18:17:57	INFO	imstat::ImageStatsCalculator::_logStartup	         -- bottom-left corner (world) [blcf]: 04:55:46.629, +30.32.53.733, I, 2.26769e+11Hz
2023-04-12 18:17:57	INFO	imstat::ImageStatsCalculator::_logStartup	         -- top-right corner (world) [trcf]:   04:55:45.081, +30.33.13.733, I, 2.26769e+11Hz
2023-04-12 18:17:57	INFO	imstat::::	Values --- 
2023-04-12 18:17:57	INFO	imstat::::	         -- flux density [flux]:                    -0.0108605 Jy
2023-04-12 18:17:57	INFO	imstat::::	         -- number of points [npts]:                502718
2023-04-12 18:17:57	INFO	imstat::::	         -- maximum value [max]:                    7.07922e-05 Jy/beam
2023-04-12 18:17:57	INFO	imstat::::	         -- minimum value [min]:                    -8.33838e-05 Jy/beam
2023-04-12 18:17:57	INFO	imstat::::	         -- position of max value (pixel) [maxpos]: [1273, 1438, 0, 0]
2023-04-12 18:17:57	INFO	imstat::::	         -- position of min value (pixel) [minpos]: [1490, 1171, 0, 0]
2023-04-12 18:17:57	INFO	imstat::::	         -- position of max value (world) [maxposf]: 04:55:45.469, +30.33.12.013, I, 2.26769e+11Hz
2023-04-12 18:17:57	INFO	imstat::::	         -- position of min value (world) [minposf]: 04:55:45.133, +30.33.06.673, I, 2.26769e+11Hz
2023-04-12 18:17:57	INFO	imstat::::	         -- Sum of pixel values [sum]:               -2.91746 Jy/beam
2023-04-12 18:17:57	INFO	imstat::::	         -- Sum of squared pixel values [sumsq]:     0.000151276 Jy/beam.Jy/beam
2023-04-12 18:17:57	INFO	imstat::::	Statistics --- 
2023-04-12 18:17:57	INFO	imstat::::	        -- Mean of the pixel values [mean]:         -5.80337e-06 Jy/beam
2023-04-12 18:17:57	INFO	imstat::::	        -- Variance of the pixel values :           2.67237e-10 Jy/beam
2023-04-12 18:17:57	INFO	imstat::::	        -- Standard deviation of the Mean [sigma]:  1.63474e-05 Jy/beam
2023-04-12 18:17:57	INFO	imstat::::	        -- Root mean square [rms]:                  1.73469e-05 Jy/beam
2023-04-12 18:17:57	INFO	imstat::::	        -- Median of the pixel values [median]:     -6.00367e-06 Jy/beam
2023-04-12 18:17:57	INFO	imstat::::	        -- Median of the deviations [medabsdevmed]: 1.0814e-05 Jy/beam
2023-04-12 18:17:57	INFO	imstat::::	        -- IQR [quartile]:                          2.16311e-05 Jy/beam
2023-04-12 18:17:57	INFO	imstat::::	        -- First quartile [q1]:                     -1.66848e-05 Jy/beam
2023-04-12 18:17:57	INFO	imstat::::	        -- Third quartile [q3]:                     4.94632e-06 Jy/beam
2023-04-12 18:17:57	INFO	imstat::ImageStatsCalculator::statistics	Sum column unit = Jy/beam
2023-04-12 18:17:57	INFO	imstat::ImageStatsCalculator::statistics+	Mean column unit = Jy/beam
2023-04-12 18:17:57	INFO	imstat::ImageStatsCalculator::statistics+	Std_dev column unit = Jy/beam
2023-04-12 18:17:57	INFO	imstat::ImageStatsCalculator::statistics+	Minimum column unit = Jy/beam
2023-04-12 18:17:57	INFO	imstat::ImageStatsCalculator::statistics+	Maximum column unit = Jy/beam
2023-04-12 18:17:57	INFO	imstat::ImageStatsCalculator::statistics	Npts          Sum           Mean          Rms           Std_dev       Minimum       Maximum     
2023-04-12 18:17:57	INFO	imstat::ImageStatsCalculator::statistics	 5.027180e+05 -2.917461e+00 -5.803374e-06  1.734693e-05  1.634739e-05 -8.338378e-05  7.079220e-05
2023-04-12 18:17:57	INFO	imstat::::casa	Task imstat complete. Start time: 2023-04-12 18:17:57.310022 End time: 2023-04-12 18:17:57.433265
2023-04-12 18:17:57	INFO	imstat::::casa	##### End Task: imstat               #####
2023-04-12 18:17:57	INFO	imstat::::casa	##########################################
